cust_id,churn
1,1
2,1
9,1
15,1
19,1
21,1
26,1
32,1
33,1
36,1
50,1
53,1
54,1
59,1
64,1
66,1
70,1
73,1
90,1
95,1
99,1
103,1
115,1
120,1
125,1
126,1
128,1
129,1
131,1
138,1
140,1
142,1
143,1
144,1
151,1
153,1
176,1
179,1
186,1
192,1
197,1
198,1
202,1
204,1
206,1
216,1
217,1
224,1
232,1
238,1
240,1
256,1
261,1
264,1
271,1
272,1
274,1
279,1
288,1
296,1
304,1
306,1
319,1
320,1
322,1
334,1
337,1
340,1
341,1
350,1
352,1
354,1
357,1
367,1
375,1
377,1
382,1
388,1
391,1
401,1
410,1
411,1
416,1
417,1
419,1
427,1
431,1
432,1
438,1
443,1
446,1
447,1
454,1
455,1
457,1
460,1
462,1
465,1
473,0
478,1
483,1
484,1
491,1
492,1
500,1
501,1
506,1
512,1
518,1
519,1
522,1
525,1
527,1
530,1
545,1
549,1
552,1
556,1
557,1
563,1
564,1
568,1
574,1
575,1
578,1
585,1
588,1
589,1
600,1
609,1
611,1
616,1
619,1
626,1
627,1
632,1
634,1
640,1
642,1
643,1
644,1
651,1
658,1
659,1
666,1
670,1
671,1
672,1
674,1
685,1
691,1
694,1
695,1
707,1
713,1
720,1
724,1
727,1
732,1
734,1
735,1
740,1
747,1
754,1
757,1
761,1
765,1
768,1
773,1
774,1
775,1
776,1
778,1
780,1
784,1
790,1
794,1
798,1
799,1
800,1
803,1
811,1
838,1
839,1
843,1
845,1
847,1
852,1
855,1
860,1
864,1
876,1
880,1
881,1
882,1
884,1
897,1
899,1
902,1
903,1
906,1
910,1
911,1
912,1
913,1
914,1
916,1
940,1
941,1
942,1
948,1
949,1
951,1
961,1
963,1
969,1
970,1
971,1
974,1
981,1
985,1
997,1
998,1
1000,1
1007,1
1010,1
1013,1
1017,1
1018,1
1029,1
1034,1
1037,1
1045,1
1046,1
1048,1
1053,1
1055,1
1059,1
1060,1
1064,1
1072,1
1074,1
1075,1
1081,1
1082,1
1083,1
1086,1
1090,1
1098,1
1100,1
1101,1
1102,1
1108,1
1113,1
1114,1
1116,1
1119,1
1120,1
1122,1
1123,1
1124,1
1135,1
1143,1
1147,1
1159,1
1170,1
1181,1
1186,1
1191,1
1194,1
1202,1
1204,1
1215,1
1225,1
1235,1
1237,1
1239,1
1245,1
1249,1
1253,1
1256,1
1261,1
1285,1
1295,1
1299,1
1304,1
1306,1
1307,1
1313,1
1319,1
1327,1
1329,1
1331,1
1344,1
1347,1
1349,1
1366,1
1370,1
1372,1
1375,1
1379,1
1382,1
1390,1
1397,1
1398,1
1399,1
1400,1
1403,1
1405,1
1406,1
1411,1
1415,1
1416,1
1421,1
1428,1
1429,1
1440,1
1442,1
1451,1
1452,1
1453,1
1454,1
1461,1
1462,1
1463,1
1472,1
1475,1
1477,1
1482,1
1484,1
1490,1
1494,1
1500,1
1507,1
1508,1
1521,1
1540,1
1541,1
1548,1
1551,1
1552,1
1554,1
1559,1
1562,1
1564,1
1572,1
1577,1
1580,1
1583,1
1586,1
1588,1
1599,1
1600,1
1602,1
1603,1
1605,1
1609,1
1613,1
1619,1
1620,1
1622,1
1624,1
1630,1
1635,1
1637,1
1642,1
1645,1
1649,1
1653,1
1660,1
1663,1
1669,1
1672,1
1679,1
1681,1
1685,1
1687,1
1688,1
1700,1
1701,1
1711,1
1713,1
1716,1
1723,1
1724,1
1732,1
1752,1
1754,1
1758,1
1760,1
1761,1
1762,1
1768,1
1772,1
1778,1
1779,1
1782,1
1790,1
1798,1
1806,1
1808,1
1810,1
1812,1
1814,1
1815,1
1821,1
1823,1
1825,1
1837,1
1838,1
1840,1
1841,1
1846,1
1849,1
1859,1
1860,1
1864,1
1872,1
1879,1
1882,1
1887,1
1889,1
1904,1
1913,1
1923,1
1926,1
1937,1
1941,1
1950,1
1960,1
1967,1
1969,1
1972,1
1976,1
1979,1
1995,1
2001,1
2007,1
2008,1
2009,1
2010,1
2011,1
2013,1
2018,1
2021,1
2023,1
2024,1
2028,1
2033,1
2046,1
2050,1
2060,1
2064,1
2071,1
2076,1
2085,1
2093,1
2096,1
2099,1
2102,1
2103,1
2111,1
2114,1
2132,1
2133,1
2134,1
2147,1
2149,1
2150,1
2156,1
2163,1
2167,1
2171,1
2173,1
2179,1
2182,1
2185,1
2186,1
2192,1
2194,1
2199,1
2208,1
2215,1
2216,1
2217,0
2218,1
2225,1
2228,1
2229,1
2242,1
2244,1
2251,1
2252,1
2254,1
2255,1
2256,1
2268,1
2271,1
2274,1
2276,1
2278,1
2298,1
2308,1
2325,1
2332,1
2334,1
2336,1
2341,1
2355,1
2362,1
2372,1
2375,1
2376,1
2378,1
2380,1
2382,1
2385,1
2389,1
2395,1
2404,1
2405,1
2420,1
2432,1
2436,1
2441,1
2443,1
2447,1
2454,1
2459,1
2465,1
2477,1
2484,1
2486,1
2500,0
2502,1
2504,1
2507,1
2517,1
2525,1
2530,1
2531,1
2538,1
2543,1
2549,1
2552,1
2558,1
2566,1
2567,1
2571,1
2572,1
2577,1
2580,1
2581,1
2586,1
2590,1
2598,1
2600,1
2601,1
2606,1
2614,1
2619,1
2624,1
2627,1
2631,1
2636,1
2642,1
2645,1
2659,1
2667,1
2668,1
2671,1
2674,1
2678,1
2681,1
2688,1
2693,1
2695,1
2697,1
2704,1
2728,1
2740,1
2743,1
2748,1
2749,1
2750,1
2751,1
2754,1
2758,1
2760,1
2766,1
2767,1
2773,1
2774,1
2778,1
2780,1
2791,1
2792,1
2806,1
2810,1
2820,1
2822,1
2823,1
2826,1
2834,1
2836,1
2839,1
2840,1
2842,1
2844,1
2845,1
2846,1
2849,1
2850,1
2853,1
2879,0
2881,1
2889,1
2891,1
2896,1
2897,1
2905,1
2909,1
2916,1
2917,1
2920,1
2923,1
2928,1
2931,1
2937,1
2943,1
2944,1
2956,1
2959,1
2961,1
2965,1
2971,1
2986,1
2989,1
2991,1
2992,1
2993,1
2994,1
2998,1
3005,1
3006,1
3010,1
3016,1
3017,1
3025,1
3031,1
3035,1
3036,1
3037,1
3046,1
3054,1
3056,1
3060,1
3075,1
3081,1
3082,1
3099,1
3100,1
3102,1
3110,1
3114,1
3115,1
3118,1
3122,1
3125,1
3126,1
3127,1
3128,1
3129,1
3138,1
3147,1
3157,1
3166,1
3169,1
3175,1
3187,1
3198,1
3199,1
3201,1
3204,1
3205,1
3209,1
3213,1
3214,1
3230,1
3241,1
3245,1
3257,1
3262,1
3266,1
3267,1
3269,1
3273,1
3289,1
3290,1
3291,1
3293,1
3297,1
3308,1
3312,1
3313,1
3314,1
3316,1
3319,1
3325,1
3326,1
3331,1
3334,1
3346,1
3348,1
3349,1
3361,1
3364,1
3365,1
3366,1
3369,1
3374,1
3380,1
3392,1
3404,1
3407,1
3409,1
3411,1
3412,1
3416,1
3417,1
3419,1
3424,1
3427,1
3428,1
3432,1
3433,1
3435,1
3441,1
3443,1
3451,1
3453,1
3460,1
3461,1
3465,1
3466,1
3467,1
3470,1
3483,1
3490,1
3492,1
3493,1
3494,1
3496,1
3498,1
3500,1
3501,1
3508,1
3517,1
3520,1
3523,1
3530,1
3531,1
3533,1
3540,1
3545,1
3558,1
3566,1
3567,1
3569,1
3576,1
3584,1
3590,1
3592,1
3601,1
3602,1
3603,1
3608,1
3617,1
3621,1
3634,1
3640,1
3641,1
3643,1
3645,1
3650,1
3651,1
3660,1
3661,1
3665,1
3667,1
3672,1
3675,1
3681,1
3687,1
3692,1
3694,1
3696,1
3698,1
3702,1
3703,1
3708,1
3710,1
3712,1
3715,1
3719,1
3724,1
3738,1
3740,1
3743,1
3747,1
3748,1
3749,1
3756,1
3761,1
3762,1
3764,1
3765,1
3770,1
3771,1
3772,1
3783,1
3790,1
3797,1
3800,1
3801,1
3805,1
3807,1
3818,1
3820,1
3823,1
3841,1
3843,1
3845,1
3849,1
3850,1
3852,1
3861,1
3864,1
3871,1
3874,1
3877,1
3888,1
3892,1
3898,1
3899,0
3903,1
3905,1
3912,1
3914,1
3921,1
3925,1
3928,1
3929,1
3936,1
3951,1
3962,1
3969,1
3970,1
3981,1
3984,1
3987,1
3989,1
3991,1
3994,1
4001,1
4008,1
4017,1
4021,1
4027,1
4039,1
4044,1
4045,1
4054,1
4058,1
4060,1
4064,1
4067,1
4073,1
4074,1
4078,1
4083,1
4084,1
4085,1
4088,1
4092,1
4093,1
4108,1
4111,1
4112,1
4119,1
4123,1
4125,1
4126,1
4127,1
4129,1
4131,1
4140,1
4145,1
4148,1
4152,1
4163,1
4164,1
4166,1
4168,1
4176,1
4180,1
4182,1
4183,1
4184,1
4188,1
4189,1
4193,1
4197,1
4201,1
4207,1
4211,1
4212,1
4214,1
4221,1
4222,1
4234,1
4235,1
4240,1
4243,1
4245,1
4259,1
4264,1
4273,1
4279,1
4286,1
4290,1
4293,1
4294,1
4311,1
4313,1
4316,1
4326,1
4332,1
4336,1
4344,1
4347,1
4352,1
4354,1
4357,0
4364,1
4365,1
4371,1
4375,1
4380,1
4384,1
4389,1
4393,1
4396,1
4403,1
4412,1
4415,1
4417,1
4418,1
4419,1
4420,1
4424,1
4431,1
4435,1
4438,1
4445,1
4446,1
4450,1
4458,1
4461,1
4466,1
4467,1
4474,1
4478,1
4480,1
4481,1
4484,1
4495,1
4496,1
4497,1
4503,1
4513,1
4514,1
4515,1
4517,0
4520,1
4522,1
4531,1
4537,1
4546,1
4548,1
4551,1
4557,1
4567,1
4580,1
4583,1
4584,1
4587,1
4593,1
4597,1
4599,1
4600,1
4602,1
4613,1
4615,1
4619,1
4623,1
4627,1
4632,1
4641,1
4652,1
4653,1
4659,1
4660,1
4662,1
4663,0
4666,1
4669,1
4670,1
4672,1
4673,1
4677,1
4682,1
4684,1
4687,1
4707,1
4709,1
4723,1
4731,1
4735,1
4738,1
4741,1
4743,1
4744,1
4751,1
4753,1
4756,1
4763,1
4764,1
4766,1
4771,1
4785,1
4791,1
4792,1
4808,1
4816,1
4819,1
4822,1
4823,1
4835,1
4837,1
4841,1
4843,1
4846,1
4848,1
4851,1
4855,1
4867,1
4868,1
4870,1
4877,1
4879,1
4885,1
4891,1
4895,1
4897,1
4898,1
4899,1
4902,1
4903,1
4912,1
4922,1
4934,1
4935,1
4940,1
4941,1
4945,1
4951,1
4959,1
4963,1
4966,1
4968,1
4984,1
4986,1
4992,1
4998,1
5002,1
5010,1
5011,1
5012,1
5019,1
5021,1
5050,1
5052,1
5056,1
5058,1
5061,1
5067,1
5072,1
5086,1
5088,1
5093,1
5098,1
5100,1
5103,1
5105,1
5106,1
5108,1
5110,1
5112,1
5116,1
5120,1
5123,1
5125,1
5129,1
5147,1
5153,1
5163,1
5164,1
5170,1
5178,1
5185,1
5186,1
5190,1
5192,1
5195,1
5199,1
5205,1
5218,1
5224,1
5225,1
5233,1
5235,1
5240,1
5244,1
5245,1
5251,1
5292,1
5299,1
5305,1
5306,1
5309,1
5318,1
5322,1
5328,1
5329,1
5330,1
5333,1
5337,1
5338,1
5340,1
5341,1
5345,1
5346,1
5347,1
5355,1
5359,1
5362,1
5363,1
5364,1
5369,1
5370,1
5372,0
5379,1
5391,1
5392,1
5394,1
5396,1
5408,1
5412,1
5414,1
5415,1
5416,1
5418,1
5422,1
5429,1
5431,1
5432,1
5436,1
5437,1
5451,1
5474,1
5478,1
5481,1
5493,1
5505,1
5506,1
5507,1
5517,1
5525,1
5526,1
5529,1
5533,1
5535,1
5543,1
5549,1
5552,1
5557,1
5564,1
5566,1
5572,1
5583,1
5589,1
5591,1
5593,1
5597,1
5599,1
5602,1
5606,1
5608,1
5611,1
5613,1
5620,1
5625,1
5626,1
5629,1
5632,1
5633,1
5635,1
5647,1
5648,1
5650,1
5651,1
5654,1
5658,1
5660,1
5662,1
5670,1
5672,1
5675,1
5679,1
5680,1
5682,1
5686,1
5705,1
5712,1
5714,1
5715,1
5718,1
5721,1
5724,1
5726,1
5729,1
5736,1
5746,1
5747,1
5757,1
5761,1
5775,1
5777,1
5798,1
5799,1
5802,1
5803,1
5805,1
5807,1
5808,1
5809,1
5812,1
5817,1
5819,1
5827,1
5837,1
5838,1
5850,1
5852,1
5856,1
5861,1
5862,1
5864,1
5867,1
5870,1
5872,1
5875,1
5880,1
5907,1
5908,1
5915,1
5919,1
5920,1
5921,1
5927,1
5930,1
5931,1
5942,1
5947,1
5948,1
5952,1
5955,1
5956,1
5959,1
5961,1
5972,1
5973,1
5983,1
6003,1
6005,1
6012,1
6030,1
6032,1
6036,1
6037,1
6038,1
6041,1
6046,1
6050,1
6058,1
6060,1
6061,1
6068,1
6077,1
6078,1
6079,1
6085,1
6086,1
6088,1
6099,1
6113,1
6118,1
6129,1
6130,1
6146,1
6149,1
6153,1
6154,1
6156,1
6161,1
6166,1
6168,1
6170,1
6173,1
6178,1
6180,1
6185,1
6186,1
6190,1
6191,1
6198,1
6202,1
6204,1
6206,1
6221,1
6223,1
6229,1
6231,1
6232,1
6235,1
6242,1
6243,1
6254,1
6257,1
6265,1
6268,1
6271,1
6281,1
6283,1
6297,1
6300,1
6302,1
6304,1
6312,1
6318,1
6321,1
6322,1
6330,1
6333,1
6341,1
6346,1
6347,1
6348,1
6350,1
6352,1
6358,1
6359,1
6360,1
6365,1
6367,1
6374,1
6378,1
6380,1
6381,1
6383,1
6388,1
6394,1
6409,1
6412,1
6422,1
6424,1
6429,1
6431,1
6432,1
6433,1
6443,1
6444,1
6446,1
6452,1
6456,1
6458,1
6460,1
6473,1
6474,1
6477,1
6484,1
6485,1
6496,1
6503,1
6504,1
6507,1
6509,1
6516,1
6517,1
6519,1
6520,1
6521,1
6522,1
6526,1
6528,1
6529,1
6535,1
6536,1
6537,1
6538,1
6542,1
6548,1
6549,1
6557,1
6558,1
6561,1
6564,1
6568,1
6571,1
6574,1
6577,1
6581,1
6590,1
6597,1
6599,1
6609,1
6611,1
6614,1
6617,1
6618,1
6621,1
6622,1
6623,1
6635,1
6639,1
6640,1
6644,1
6651,1
6655,1
6661,1
6666,1
6669,1
6675,1
6681,1
6684,1
6686,1
6691,1
6699,1
6705,1
6719,1
6724,1
6729,1
6736,1
6738,1
6740,1
6746,1
6747,1
6748,1
6749,1
6752,1
6754,1
6758,1
6768,1
6779,1
6780,1
6782,1
6783,1
6785,1
6787,1
6791,0
6797,1
6799,1
6801,1
6803,1
6808,1
6815,1
6819,1
6828,1
6830,1
6837,1
6838,1
6840,1
6844,1
6857,1
6859,1
6860,1
6861,1
6864,1
6865,1
6866,1
6873,1
6874,1
6886,1
6890,1
6891,1
6906,1
6912,1
6913,1
6914,1
6918,1
6921,1
6922,1
6925,1
6926,1
6930,1
6932,1
6939,1
6944,1
6947,1
6957,1
6960,1
6966,0
6978,1
6979,1
6982,1
6995,1
7012,1
7015,1
7018,1
7026,1
7028,1
7029,1
7039,1
7052,1
7057,1
7060,1
7067,1
7070,1
7072,1
7076,1
7079,1
7081,1
7082,1
7096,1
7100,1
7109,1
7119,1
7121,1
7128,1
7133,1
7135,1
7138,1
7143,1
7155,1
7156,1
7167,1
7168,1
7178,1
7180,1
7194,1
7200,1
7202,1
7209,1
7213,1
7218,1
7219,1
7222,1
7225,1
7227,1
7230,1
7231,1
7234,1
7239,1
7243,1
7248,1
7250,1
7251,1
7252,1
7265,1
7266,1
7276,1
7283,1
7284,1
7285,1
7289,1
7291,1
7295,1
7310,1
7312,1
7322,1
7331,1
7335,1
7344,1
7345,1
7346,1
7347,1
7353,1
7359,1
7360,1
7362,1
7380,1
7382,1
7387,1
7402,1
7409,1
7410,1
7417,1
7419,1
7420,1
7421,1
7422,1
7423,1
7431,1
7432,1
7438,1
7443,1
7444,1
7448,1
7459,1
7466,1
7468,1
7473,1
7478,1
7481,1
7487,1
7493,1
7495,1
7500,1
7507,1
7522,1
7524,1
7532,1
7536,1
7537,1
7539,1
7545,1
7551,1
7552,1
7585,1
7592,1
7593,1
7603,1
7607,1
7611,1
7617,1
7619,1
7623,1
7629,1
7631,1
7635,1
7641,1
7644,1
7655,1
7658,1
7659,1
7663,1
7664,1
7667,1
7674,1
7692,1
7695,1
7696,1
7698,1
7705,1
7710,1
7711,1
7713,1
7716,1
7717,1
7729,1
7730,1
7732,1
7734,1
7735,1
7738,1
7742,1
7743,1
7756,1
7759,1
7761,1
7765,1
7766,1
7774,1
7779,1
7784,1
7795,1
7796,1
7800,1
7808,1
7811,1
7816,1
7828,1
7830,1
7836,1
7838,1
7839,1
7845,1
7847,1
7851,1
7854,1
7859,1
7860,1
7862,1
7865,1
7873,1
7878,1
7885,1
7886,1
7892,1
7894,1
7899,1
7901,1
7902,1
7903,1
7917,1
7925,1
7926,1
7932,1
7943,1
7948,1
7954,1
7958,1
7960,1
7961,1
7967,1
7969,1
7977,1
7978,1
7984,1
7988,1
7991,1
7996,1
8002,1
8003,1
8012,1
8018,1
8024,1
8036,1
8038,1
8042,1
8045,1
8052,1
8054,1
8065,1
8066,1
8067,1
8070,1
8076,1
8077,1
8080,1
8082,1
8089,1
8091,1
8095,1
8110,1
8111,1
8116,1
8118,1
8125,1
8131,1
8149,1
8151,1
8153,1
8158,1
8161,1
8163,1
8185,1
8191,1
8200,1
8205,1
8213,1
8226,1
8227,1
8231,1
8242,1
8254,1
8258,1
8264,1
8267,1
8268,1
8271,1
8273,1
8276,1
8277,1
8293,1
8297,1
8306,1
8312,1
8322,1
8323,1
8325,1
8327,1
8332,1
8334,1
8338,1
8356,1
8358,1
8369,1
8372,1
8374,1
8375,1
8376,1
8381,1
8383,1
8391,1
8398,1
8399,1
8400,1
8405,1
8413,1
8419,1
8424,1
8426,1
8433,1
8434,1
8436,1
8437,1
8440,1
8463,1
8464,1
8465,1
8475,1
8476,1
8479,1
8480,1
8484,1
8491,1
8493,1
8495,1
8498,1
8499,1
8507,1
8514,1
8517,1
8532,1
8539,1
8540,1
8541,1
8543,1
8546,1
8547,1
8559,1
8568,1
8585,1
8586,1
8591,1
8613,1
8615,1
8617,1
8619,1
8625,1
8632,1
8633,1
8639,1
8648,1
8651,1
8652,1
8654,1
8659,1
8669,1
8674,1
8677,1
8681,1
8683,1
8687,1
8692,1
8694,1
8699,1
8702,1
8707,1
8723,1
8726,1
8730,0
8736,1
8743,1
8747,1
8748,1
8756,1
8757,1
8761,1
8767,1
8778,1
8781,1
8788,1
8793,1
8800,1
8820,1
8823,1
8824,1
8836,1
8840,1
8846,1
8848,1
8858,1
8860,1
8861,1
8867,1
8872,1
8878,1
8879,1
8880,1
8891,1
8894,1
8899,1
8901,1
8902,1
8903,1
8905,1
8912,1
8917,1
8921,1
8931,1
8938,1
8944,1
8947,1
8964,1
8965,1
8968,1
8970,1
8975,1
8976,1
8984,1
9000,1
9004,1
9007,1
9015,1
9019,1
9020,1
9023,1
9032,1
9035,1
9037,1
9039,1
9047,1
9054,1
9055,1
9061,1
9064,1
9073,1
9074,1
9075,1
9079,1
9086,1
9088,1
9091,1
9095,1
9097,1
9109,1
9110,1
9116,1
9123,1
9129,1
9131,1
9134,1
9142,1
9146,1
9151,1
9152,1
9156,1
9165,1
9174,1
9176,1
9182,1
9186,1
9188,1
9190,1
9191,1
9192,1
9193,1
9194,1
9196,1
9200,1
9201,1
9207,1
9209,1
9219,1
9221,1
9228,1
9233,1
9235,1
9242,1
9246,1
9261,1
9267,1
9276,1
9281,1
9293,1
9294,1
9298,1
9300,1
9310,1
9312,1
9315,1
9327,1
9328,1
9331,1
9332,1
9335,1
9336,1
9338,1
9342,1
9348,1
9349,1
9354,1
9363,1
9375,1
9377,1
9387,1
9388,1
9390,1
9391,1
9396,1
9400,1
9404,1
9412,1
9414,1
9417,1
9421,1
9425,1
9431,1
9436,1
9437,1
9452,1
9456,1
9458,1
9461,1
9463,1
9471,1
9474,1
9475,1
9478,1
9486,1
9492,1
9494,1
9497,1
9500,1
9507,1
9510,1
9511,1
9513,1
9516,1
9522,1
9525,1
9530,1
9540,1
9547,1
9551,1
9558,1
9559,1
9562,1
9563,1
9565,1
9569,1
9572,1
9577,0
9580,1
9586,1
9587,1
9589,1
9601,1
9605,1
9607,1
9614,1
9615,1
9616,1
9617,1
9622,1
9628,1
9634,1
9642,1
9647,1
9658,1
9662,1
9663,1
9675,1
9682,1
9692,1
9694,1
9698,1
9700,1
9703,1
9704,1
9707,1
9708,1
9709,1
9713,1
9714,1
9719,1
9723,1
9724,1
9736,1
9740,1
9741,1
9742,1
9743,1
9744,1
9751,1
9753,1
9756,1
9760,1
9763,1
9767,1
9774,1
9775,1
9776,1
9785,1
9787,1
9795,1
9797,1
9798,1
9800,1
9805,1
9810,1
9815,1
9826,1
9832,1
9835,1
9840,1
9843,1
9844,1
9855,1
9857,1
9860,1
9862,1
9868,1
9870,1
9872,1
9882,1
9883,1
9885,1
9886,1
9890,1
9892,1
9896,1
9900,1
9902,1
9907,1
9915,1
9921,1
9924,1
9933,1
9954,1
9956,1
9959,1
9961,1
9962,1
9964,1
9966,1
9977,1
9984,1
9985,1
9990,1
10007,1
10008,1
10018,1
10029,1
10031,1
10032,1
10041,1
10049,1
10050,1
10066,1
10069,1
10073,1
10082,1
10094,1
10097,1
10105,1
10121,1
10126,1
10129,1
10136,1
10139,1
10141,1
10147,1
10150,1
10153,1
10157,1
10159,1
10160,1
10161,1
10168,1
10175,1
10176,1
10177,1
10185,1
10195,1
10197,1
10198,1
10213,1
10217,1
10222,1
10229,1
10230,1
10243,1
10247,1
10253,1
10254,1
10258,1
10267,1
10271,1
10274,0
10295,1
10300,1
10302,1
10306,1
10309,1
10314,1
10315,1
10316,1
10322,1
10324,1
10325,1
10330,1
10334,1
10336,1
10349,1
10351,1
10367,0
10371,1
10385,1
10392,1
10421,1
10424,0
10425,1
10426,1
10431,1
10440,1
10456,1
10457,1
10467,1
10479,1
10482,0
10486,1
10496,1
10500,1
10506,1
10508,1
10509,1
10515,1
10519,1
10522,1
10523,1
10532,1
10537,1
10542,1
10551,1
10552,1
10556,1
10557,1
10560,1
10564,1
10566,1
10568,1
10584,1
10595,1
10597,1
10603,1
10609,1
10611,1
10614,1
10619,1
10626,1
10631,1
10632,1
10633,1
10634,1
10636,1
10638,1
10644,1
10648,1
10654,1
10659,1
10674,1
10675,1
10687,1
10688,1
10691,1
10708,1
10719,1
10723,1
10732,1
10738,1
10740,1
10741,1
10746,1
10750,1
10753,1
10755,1
10763,1
10766,1
10767,1
10772,1
10776,1
10783,1
10786,1
10788,1
10795,1
10796,1
10812,1
10813,1
10816,1
10821,1
10835,1
10840,1
10858,1
10862,1
10876,1
10891,1
10898,1
10899,1
10904,1
10908,1
10914,1
10915,1
10918,1
10922,1
10925,1
10934,1
10935,1
10937,1
10940,1
10946,1
10954,1
10957,1
10958,1
10960,1
10962,1
10966,1
10969,1
10975,1
10977,1
10983,1
10984,1
10988,1
10996,1
11000,1
11003,1
11019,1
11032,1
11036,1
11041,1
11043,1
11048,1
11055,1
11065,1
11066,1
11072,1
11073,1
11075,1
11086,1
11089,1
11092,1
11107,1
11113,1
11118,1
11119,1
11123,1
11125,1
11130,1
11131,1
11138,1
11142,1
11144,1
11147,1
11151,1
11154,1
11159,1
11164,1
11165,1
11166,1
11170,1
11172,1
11176,1
11183,1
11185,1
11187,1
11188,1
11189,1
11193,1
11194,1
11195,1
11201,1
11205,1
11208,1
11216,1
11217,1
11221,1
11227,1
11241,1
11243,1
11244,1
11253,1
11254,1
11260,1
11261,1
11262,1
11269,1
11270,1
11271,1
11273,1
11274,1
11277,1
11278,1
11285,1
11287,1
11296,1
11298,1
11299,1
11305,1
11308,1
11311,1
11317,1
11322,1
11329,1
11330,1
11335,1
11342,1
11345,1
11346,1
11348,1
11351,1
11353,1
11356,1
11363,1
11367,1
11368,1
11380,1
11384,1
11387,1
11388,1
11389,1
11397,1
11409,1
11417,1
11429,1
11432,1
11434,1
11444,1
11446,1
11451,1
11460,1
11474,1
11480,1
11483,1
11484,1
11485,1
11486,1
11488,1
11489,1
11495,1
11498,1
11500,1
11505,1
11511,1
11512,1
11527,1
11528,1
11530,1
11533,1
11566,1
11568,1
11569,1
11571,1
11572,1
11579,1
11581,1
11596,1
11600,1
11603,1
11604,1
11616,1
11618,1
11622,1
11624,1
11639,1
11640,1
11651,1
11654,1
11664,1
11665,1
11667,1
11670,1
11671,1
11679,1
11688,1
11692,1
11696,1
11702,1
11704,1
11705,1
11709,1
11713,1
11717,1
11719,1
11723,1
11725,1
11726,1
11729,1
11738,1
11746,1
11748,1
11753,1
11754,1
11756,1
11762,1
11764,1
11767,1
11772,1
11774,1
11778,1
11779,1
11780,1
11782,1
11790,1
11791,1
11794,1
11795,1
11802,1
11803,1
11804,1
11805,1
11815,1
11818,1
11821,1
11825,1
11830,1
11841,1
11848,1
11853,1
11863,1
11889,1
11890,1
11899,1
11900,1
11905,1
11906,1
11911,1
11912,1
11920,1
11925,1
11927,1
11934,1
11935,1
11938,1
11939,1
11941,1
11952,1
11953,1
11954,1
11956,1
11960,1
11965,1
11970,1
11977,1
11979,1
11981,1
11983,1
11994,1
11995,1
12000,1
12001,1
12008,1
12010,1
12020,1
12021,1
12022,1
12029,1
12031,1
12040,1
12041,1
12053,1
12062,1
12064,1
12067,1
12069,1
12070,1
12078,1
12079,1
12095,1
12103,1
12105,1
12111,1
12125,1
12128,1
12133,1
12135,1
12137,1
12141,1
12143,1
12152,1
12153,1
12158,1
12163,1
12171,1
12172,1
12191,1
12192,1
12195,1
12203,1
12205,1
12219,1
12222,1
12224,1
12226,1
12227,1
12231,1
12234,1
12235,1
12243,1
12244,1
12246,1
12258,1
12259,1
12273,1
12274,1
12276,1
12277,1
12279,1
12281,1
12288,1
12291,1
12303,1
12311,1
12316,1
12325,1
12327,1
12335,1
12338,0
12340,1
12343,1
12348,1
12351,1
12355,1
12363,1
12364,1
12369,1
12382,1
12400,1
12401,1
12403,1
12407,1
12414,1
12415,1
12417,1
12419,1
12422,1
12425,1
12428,1
12430,1
12434,0
12437,1
12438,1
12458,1
12466,1
12469,1
12477,1
12479,1
12480,1
12485,1
12486,1
12488,1
12489,1
12494,1
12495,1
12498,1
12510,1
12512,1
12516,1
12517,1
12521,1
12524,1
12531,1
12533,1
12539,1
12540,1
12546,1
12547,1
12564,1
12568,1
12578,1
12579,1
12581,1
12593,1
12603,1
12606,1
12609,1
12611,1
12612,1
12613,1
12626,1
12627,1
12631,1
12633,1
12636,1
12638,1
12657,1
12666,1
12670,1
12673,1
12682,1
12685,1
12688,1
12690,1
12691,1
12693,1
12702,1
12720,1
12729,1
12733,1
12735,1
12740,1
12742,1
12744,1
12748,1
12752,1
12755,1
12756,1
12768,1
12770,1
12775,1
12777,1
12786,1
12788,1
12789,1
12790,1
12792,1
12794,1
12795,1
12800,1
12808,1
12816,1
12817,1
12818,1
12823,1
12831,1
12832,1
12836,1
12845,1
12847,1
12852,1
12866,1
12867,1
12871,1
12878,1
12880,1
12882,1
12889,1
12895,1
12896,1
12900,1
12905,1
12908,1
12921,1
12922,1
12925,1
12928,1
12966,1
12969,1
12972,1
12975,1
12976,1
12983,1
12988,1
12989,1
12992,1
12994,1
12996,1
13000,1
13003,1
13018,1
13025,1
13037,1
13039,1
13041,1
13053,1
13055,1
13058,1
13064,1
13069,1
13071,1
13080,1
13082,1
13087,1
13089,1
13094,1
13097,1
13099,1
13102,1
13112,1
13124,1
13125,1
13128,1
13136,1
13137,1
13138,1
13142,1
13143,1
13144,1
13156,1
13160,1
13164,1
13166,1
13168,1
13169,1
13170,1
13175,1
13177,1
13179,1
13184,1
13187,1
13194,1
13208,1
13214,1
13217,1
13221,1
13237,1
13240,1
13250,1
13254,1
13262,1
13263,1
13268,1
13269,1
13273,1
13274,1
13276,1
13280,1
13281,1
13287,1
13297,1
13299,1
13302,1
13305,1
13306,1
13307,1
13309,1
13312,1
13316,1
13321,1
13324,1
13327,1
13331,1
13337,1
13344,1
13345,1
13347,1
13351,1
13354,1
13355,1
13356,1
13371,1
13381,1
13382,1
13385,1
13389,1
13397,1
13398,1
13406,1
13410,1
13425,1
13431,1
13433,1
13434,1
13439,1
13440,1
13449,1
13470,1
13471,1
13475,1
13480,1
13491,1
13495,1
13499,1
13503,1
13504,1
13509,1
13520,1
13541,1
13550,1
13565,1
13569,1
13575,1
13578,1
13583,1
13592,1
13595,1
13605,1
13607,1
13612,1
13613,1
13614,1
13635,1
13643,1
13646,1
13653,1
13655,1
13656,1
13659,1
13660,1
13665,1
13685,1
13689,1
13691,1
13693,1
13703,1
13711,1
13713,1
13715,1
13716,1
13720,1
13727,1
13735,1
13736,1
13737,1
13743,1
13744,1
13752,1
13753,1
13758,1
13763,1
13766,1
13767,1
13768,1
13772,1
13773,1
13774,1
13775,1
13776,1
13779,1
13787,1
13789,1
13792,1
13793,1
13794,1
13797,1
13799,1
13803,1
13806,1
13817,1
13822,1
13823,1
13824,1
13825,1
13829,1
13835,1
13843,0
13854,1
13857,1
13859,1
13860,1
13865,1
13867,1
13870,1
13881,1
13885,1
13889,1
13891,1
13892,1
13900,1
13904,1
13905,1
13915,1
13923,1
13938,1
13945,1
13949,1
13955,1
13958,1
13965,1
13970,1
13971,1
13974,1
13976,1
13983,1
13984,1
13986,1
13997,1
13998,1
14006,1
14009,1
14010,1
14012,1
14015,1
14018,1
14020,1
14022,1
14027,1
14029,1
14030,1
14034,1
14035,1
14048,0
14051,1
14053,1
14055,1
14056,1
14062,1
14070,1
14078,1
14080,1
14119,1
14123,1
14126,1
14130,1
14145,1
14150,1
14153,1
14155,1
14156,1
14160,1
14161,1
14164,1
14165,1
14169,1
14173,1
14187,1
14199,1
14203,1
14204,1
14205,1
14210,1
14215,1
14216,1
14222,1
14223,1
14228,1
14245,1
14247,1
14248,1
14258,1
14272,1
14282,1
14284,1
14287,1
14288,1
14293,1
14300,1
14301,1
14304,1
14312,1
14319,1
14320,1
14327,1
14331,1
14333,1
14334,1
14335,1
14336,1
14337,1
14345,1
14347,1
14349,1
14354,1
14357,1
14358,1
14367,1
14380,1
14391,1
14392,1
14405,1
14410,1
14436,1
14438,1
14439,1
14445,1
14446,1
14447,1
14451,1
14452,1
14457,1
14458,1
14461,1
14464,1
14479,1
14483,1
14494,1
14497,1
14501,1
14502,1
14504,1
14513,1
14514,1
14521,1
14525,1
14527,1
14535,1
14537,1
14539,1
14543,1
14548,1
14553,1
14559,1
14561,1
14567,1
14572,1
14577,1
14589,1
14595,1
14604,1
14611,1
14616,1
14621,1
14629,1
14634,1
14637,1
14643,1
14650,1
14654,1
14662,1
14664,1
14669,1
14675,1
14676,1
14679,1
14680,1
14692,1
14695,1
14700,1
14712,1
14713,1
14717,1
14734,1
14736,1
14744,1
14746,1
14748,1
14750,1
14755,1
14757,1
14770,1
14772,1
14776,1
14777,1
14779,1
14782,1
14795,1
14797,1
14800,1
14807,1
14808,1
14814,1
14825,1
14830,1
14833,1
14836,1
14837,1
14840,1
14844,1
14845,1
14847,1
14851,1
14856,1
14859,1
14860,1
14862,1
14872,1
14878,1
14881,1
14884,1
14886,1
14890,1
14893,1
14895,1
14896,1
14902,1
14904,1
14906,1
14907,1
14913,1
14914,1
14919,1
14921,1
14930,1
14933,1
14936,1
14939,1
14949,1
14950,1
14951,1
14952,1
14953,1
14954,1
14956,1
14959,1
14968,1
14971,1
14973,1
14975,1
14978,1
14979,1
14981,1
14985,1
14993,1
14994,1
14996,1
15007,1
15009,1
15011,1
15015,1
15018,1
15022,1
15024,1
15033,1
15042,1
15048,1
15049,1
15052,1
15055,1
15058,1
15065,1
15068,1
15069,1
15070,1
15072,1
15073,1
15077,1
15089,1
15097,1
15102,1
15103,1
15106,1
15112,1
15120,1
15121,1
15122,1
15126,1
15127,1
15128,1
15129,1
15132,1
15133,1
15140,1
15141,1
15149,1
15156,1
15158,1
15164,1
15165,1
15173,1
15178,1
15179,1
15184,1
15187,1
15191,1
15204,1
15213,1
15216,1
15221,1
15242,1
15246,1
15248,1
15260,1
15262,1
15263,1
15265,1
15266,1
15275,1
15288,1
15290,1
15291,1
15296,1
15297,1
15299,1
15300,1
15301,1
15306,1
15313,1
15314,1
15325,1
15341,1
15348,1
15379,1
15386,1
15388,1
15400,1
15402,1
15408,1
15409,1
15415,1
15419,1
15423,1
15429,1
15432,1
15440,1
15441,1
15442,1
15446,1
15453,1
15456,1
15471,1
15472,1
15473,1
15475,1
15477,1
15486,1
15493,1
15496,1
15498,1
15502,1
15505,1
15515,1
15517,1
15522,0
15524,1
15532,1
15535,1
15536,1
15549,1
15551,1
15552,1
15560,1
15567,1
15578,1
15582,1
15586,1
15593,1
15601,1
15607,1
15613,1
15615,1
15619,1
15624,1
15629,1
15636,1
15654,1
15655,1
15658,1
15663,1
15666,1
15668,1
15674,1
15676,1
15677,1
15679,1
15681,1
15690,1
15706,1
15708,1
15710,1
15712,1
15715,1
15716,1
15720,1
15732,1
15735,1
15742,1
15744,1
15746,1
15747,1
15751,1
15752,1
15754,1
15756,1
15757,1
15763,1
15780,1
15781,1
15784,1
15787,1
15788,1
15796,1
15801,1
15803,1
15804,1
15805,1
15806,1
15807,1
15811,1
15826,1
15827,1
15839,1
15846,1
15847,1
15849,1
15854,1
15861,1
15865,1
15868,1
15869,1
15873,1
15882,1
15892,1
15901,1
15905,1
15918,1
15923,1
15925,1
15929,1
15943,1
15947,1
15967,1
15969,1
15974,1
15975,1
15978,1
15984,1
15985,1
15994,1
16000,1
16008,1
16022,1
16029,1
16032,1
16048,1
16051,1
16056,1
16059,1
16067,1
16069,1
16079,1
16084,1
16085,1
16088,1
16089,1
16096,1
16098,1
16099,1
16113,1
16121,1
16127,1
16129,1
16136,1
16144,1
16151,1
16153,1
16157,1
16162,1
16164,1
16168,1
16169,1
16172,1
16186,1
16187,1
16190,1
16194,1
16199,1
16206,1
16211,1
16213,1
16214,1
16226,1
16233,1
16238,1
16244,1
16249,1
16267,1
16269,1
16278,1
16287,1
16289,1
16291,1
16293,1
16294,1
16295,1
16296,1
16307,1
16309,1
16313,1
16317,1
16327,1
16337,1
16339,1
16349,1
16358,1
16360,1
16361,1
16363,1
16366,1
16372,1
16385,1
16390,1
16396,1
16404,1
16422,1
16428,1
16429,1
16435,1
16436,1
16439,1
16444,1
16449,1
16454,1
16455,1
16456,1
16457,1
16458,1
16459,1
16465,1
16466,1
16469,1
16471,1
16473,1
16475,1
16478,1
16479,1
16480,1
16482,1
16483,1
16486,1
16496,1
16502,1
16507,1
16510,1
16511,1
16514,1
16515,1
16528,1
16534,1
16541,1
16552,1
16553,1
16565,1
16572,1
16574,1
16575,1
16588,1
16589,1
16590,1
16592,1
16598,1
16602,1
16603,1
16612,1
16613,1
16615,1
16617,1
16620,1
16622,1
16628,1
16632,1
16633,1
16646,1
16651,1
16652,1
16653,1
16665,1
16667,1
16673,1
16677,1
16686,1
16689,1
16698,1
16700,1
16702,1
16704,1
16708,1
16713,1
16714,1
16722,1
16731,1
16733,1
16741,1
16742,1
16758,1
16759,1
16774,1
16778,1
16783,1
16791,1
16804,1
16805,1
16808,1
16820,1
16822,1
16831,1
16838,1
16840,1
16841,1
16849,1
16853,1
16857,1
16858,1
16859,1
16871,1
16876,1
16883,1
16892,1
16897,1
16911,1
16915,1
16919,1
16920,1
16921,1
16922,1
16926,1
16929,1
16937,1
16938,1
16941,1
16943,1
16953,1
16956,1
16957,1
16958,1
16961,1
16963,1
16964,1
16974,1
16980,1
16985,1
17001,1
17005,1
17010,1
17011,1
17012,1
17015,1
17016,1
17022,1
17023,1
17025,1
17027,1
17030,1
17033,1
17043,1
17045,1
17051,1
17059,1
17065,1
17079,1
17081,1
17085,1
17088,1
17097,1
17103,1
17106,1
17111,1
17119,1
17121,1
17130,1
17133,1
17137,1
17138,1
17140,1
17146,1
17151,1
17153,1
17167,1
17171,1
17179,1
17184,1
17186,1
17193,1
17209,1
17210,1
17212,1
17216,1
17218,1
17220,1
17229,1
17237,1
17238,1
17239,1
17255,1
17256,1
17257,1
17258,1
17260,1
17262,1
17264,1
17273,1
17275,1
17277,1
17282,1
17287,1
17306,1
17312,1
17313,1
17318,1
17330,1
17331,1
17341,1
17346,1
17350,1
17358,1
17361,1
17369,1
17379,1
17384,1
17385,1
17392,1
17402,1
17407,1
17408,1
17411,1
17421,1
17425,1
17426,1
17429,1
17433,1
17434,1
17435,1
17437,1
17440,1
17441,1
17459,1
17460,1
17469,1
17474,1
17482,1
17485,1
17486,1
17487,1
17495,1
17498,1
17499,1
17500,1
17510,1
17515,1
17516,1
17521,1
17525,1
17530,1
17544,1
17548,1
17551,1
17561,1
17567,1
17568,1
17573,1
17577,1
17596,1
17600,1
17604,1
17605,1
17608,1
17612,1
17616,1
17620,1
17630,1
17634,1
17637,1
17642,1
17648,1
17661,1
17663,1
17669,1
17673,1
17675,1
17679,1
17681,1
17687,1
17688,0
17692,1
17695,1
17700,1
17708,1
17710,1
17711,1
17717,1
17730,1
17746,1
17750,1
17753,1
17755,1
17766,1
17771,1
17772,1
17776,1
17787,1
17790,1
17793,1
17794,1
17797,1
17802,1
17803,1
17804,1
17820,1
17823,1
17831,0
17834,1
17835,1
17841,1
17848,1
17855,1
17864,1
17865,1
17869,1
17878,1
17879,1
17880,1
17884,1
17893,1
17908,1
17910,1
17912,1
17925,1
17944,1
17945,1
17962,1
17979,1
17981,1
17985,1
17987,1
17989,1
17995,1
17997,1
17999,1
18001,1
18005,1
18013,1
18016,1
18026,1
18027,1
18030,1
18033,1
18034,1
18037,1
18041,1
18048,1
18051,1
18054,1
18055,1
18056,1
18057,1
18072,1
18076,1
18077,1
18078,1
18089,1
18091,1
18103,1
18104,1
18110,1
18117,1
18120,1
18127,1
18128,1
18129,1
18134,1
18139,1
18146,1
18148,1
18149,1
18150,1
18153,1
18155,1
18158,1
18160,1
18161,1
18164,1
18167,1
18177,1
18184,1
18190,1
18200,1
18204,1
18209,1
18213,1
18215,1
18221,1
18222,1
18226,1
18230,1
18233,1
18235,1
18236,1
18240,1
18246,1
18252,1
18253,1
18254,1
18257,1
18262,1
18270,1
18275,1
18278,1
18281,1
18282,1
18283,1
18285,1
18287,1
18293,1
18294,1
18301,1
18307,1
18309,1
18311,1
18312,1
18313,1
18322,1
18323,1
18333,1
18336,1
18352,1
18354,1
18355,1
18357,1
18373,1
18374,1
18376,1
18384,1
18396,1
18400,1
18403,1
18416,1
18417,1
18418,1
18428,1
18429,1
18432,1
18435,1
18442,1
18443,1
18445,1
18447,1
18448,1
18457,1
18469,1
18470,1
18473,1
18474,1
18482,1
18491,1
18495,1
18498,1
18502,1
18503,1
18504,1
18506,1
18509,1
18510,1
18512,1
18515,1
18523,1
18531,1
18533,1
18535,1
18546,1
18548,1
18550,1
18554,1
18556,1
18558,1
18562,1
18565,1
18568,1
18574,1
18576,1
18584,1
18585,1
18587,1
18593,1
18599,1
18604,1
18606,1
18612,1
18613,1
18614,1
18616,1
18618,1
18619,1
18623,1
18627,1
18630,1
18636,1
18648,1
18649,1
18656,1
18661,1
18662,1
18670,1
18684,1
18685,1
18686,1
18688,1
18689,1
18694,1
18696,1
18697,1
18705,1
18722,1
18726,1
18747,1
18754,1
18755,1
18757,1
18758,1
18766,1
18778,1
18800,1
18806,1
18811,1
18814,1
18825,1
18828,1
18829,1
18831,1
18838,1
18847,1
18848,1
18849,1
18850,1
18852,1
18856,1
18857,1
18859,1
18861,1
18863,1
18874,1
18889,1
18891,1
18892,1
18893,1
18898,1
18902,1
18906,1
18909,1
18910,1
18917,1
18920,1
18921,1
18926,1
18929,1
18939,1
18942,1
18947,1
18948,1
18949,1
18958,1
18973,1
18976,1
18982,1
18983,1
18985,1
18986,1
18991,1
18994,1
18997,1
19004,1
19013,1
19016,1
19019,1
19023,1
19029,1
19046,1
19050,1
19052,1
19055,1
19057,1
19062,1
19063,1
19071,1
19072,1
19078,1
19084,1
19091,1
19095,1
19097,1
19101,1
19108,1
19109,1
19111,1
19130,1
19132,1
19134,1
19137,1
19150,1
19151,1
19152,1
19159,1
19169,1
19177,1
19178,1
19181,1
19186,1
19188,1
19195,1
19222,1
19227,1
19229,1
19244,1
19246,1
19250,1
19255,1
19258,1
19259,1
19263,1
19264,1
19265,1
19271,1
19272,1
19276,1
19283,1
19284,1
19300,1
19306,1
19310,1
19319,1
19329,1
19330,1
19331,1
19332,1
19341,1
19343,1
19345,1
19358,1
19362,1
19366,1
19370,1
19371,1
19386,1
19392,1
19415,1
19418,1
19422,1
19423,1
19424,1
19426,1
19436,1
19442,1
19450,1
19452,1
19454,1
19455,1
19466,0
19489,1
19491,1
19497,1
19499,1
19511,1
19513,1
19515,1
19524,1
19525,1
19528,1
19533,1
19534,1
19538,1
19543,1
19555,1
19560,1
19565,1
19569,1
19572,1
19580,1
19585,1
19587,1
19592,1
19598,1
19619,1
19627,1
19630,1
19644,1
19649,1
19652,1
19655,1
19663,1
19672,1
19680,1
19683,1
19687,1
19688,1
19695,1
19706,1
19710,1
19717,1
19718,1
19725,1
19729,1
19741,1
19751,1
19752,1
19759,1
19761,1
19762,1
19763,1
19764,1
19767,1
19774,1
19775,0
19779,1
19784,1
19787,1
19790,1
19795,1
19796,1
19805,1
19806,1
19808,1
19816,1
19823,1
19826,1
19827,1
19830,1
19835,1
19846,1
19847,1
19848,1
19850,1
19854,1
19856,1
19868,1
19870,1
19878,1
19880,1
19883,1
19891,1
19892,1
19894,1
19895,1
19908,1
19909,1
19917,1
19918,1
19929,1
19935,1
19938,1
19939,0
19943,1
19950,1
19951,1
19962,1
19963,1
19977,1
19993,1
19996,1
19999,1
20000,1
20005,1
20010,1
20012,1
20015,1
20018,1
20019,1
20023,1
20026,1
20031,1
20032,1
20035,1
20038,1
20041,1
20042,1
20051,1
20055,1
20056,1
20068,1
20070,1
20074,1
20076,1
20083,1
20084,1
20085,1
20089,1
20107,1
20119,1
20124,1
20129,1
20132,1
20137,1
20146,1
20155,1
20164,1
20170,1
20171,1
20172,1
20180,1
20186,1
20189,1
20190,1
20193,1
20200,1
20205,1
20207,1
20215,1
20223,1
20232,1
20237,1
20240,1
20243,1
20248,1
20256,1
20258,1
20259,1
20262,1
20264,1
20266,1
20267,1
20268,1
20271,1
20285,1
20288,0
20298,1
20307,1
20309,1
20318,1
20323,1
20326,1
20332,1
20339,1
20348,1
20352,1
20353,1
20358,1
20359,1
20362,1
20371,1
20373,1
20375,1
20384,1
20385,1
20391,1
20394,1
20395,1
20404,1
20410,1
20411,1
20415,1
20419,1
20427,1
20429,1
20438,1
20445,1
20447,1
20454,1
20460,1
20461,1
20464,1
20465,1
20472,1
20477,1
20495,1
20501,1
20502,1
20519,1
20531,1
20534,1
20539,1
20540,1
20546,1
20549,1
20550,1
20552,1
20556,1
20568,1
20570,1
20579,1
20581,1
20583,1
20585,1
20591,1
20597,1
20599,1
20601,1
20617,1
20625,1
20633,1
20640,1
20642,1
20649,1
20650,1
20651,1
20658,1
20659,1
20663,1
20670,1
20671,1
20677,1
20679,1
20687,1
20688,1
20689,1
20690,1
20691,1
20693,1
20697,1
20698,1
20708,1
20709,1
20710,1
20715,1
20728,1
20737,1
20739,1
20745,1
20751,1
20760,1
20775,1
20778,1
20781,1
20782,1
20783,1
20790,1
20795,1
20796,1
20809,1
20817,1
20822,1
20830,1
20832,1
20839,1
20849,1
20851,1
20852,1
20853,1
20855,1
20857,1
20863,1
20865,1
20867,1
20869,1
20870,1
20871,1
20873,1
20874,1
20875,1
20879,1
20880,1
20884,1
20892,1
20893,1
20898,1
20915,1
20916,1
20919,1
20920,1
20921,1
20925,1
20926,1
20933,1
20935,1
20941,1
20942,1
20957,1
20958,1
20976,1
20982,1
20985,1
20987,1
20989,1
20993,1
20994,1
20996,0
21009,1
21018,1
21019,1
21023,1
21028,1
21037,1
21038,1
21043,1
21044,1
21049,1
21054,1
21055,1
21060,1
21062,1
21063,1
21064,1
21066,1
21067,1
21074,1
21077,1
21092,1
21095,1
21105,1
21108,1
21113,1
21117,1
21119,1
21124,1
21126,1
21130,1
21133,1
21143,1
21146,1
21147,1
21148,1
21162,1
21168,1
21170,1
21174,1
21178,1
21184,1
21186,1
21203,1
21206,1
21207,1
21219,1
21221,1
21224,1
21229,1
21232,1
21242,1
21244,1
21246,1
21248,1
21249,1
21255,1
21259,1
21261,1
21263,1
21264,1
21268,1
21270,1
21273,1
21286,1
21300,1
21306,1
21308,1
21311,1
21312,1
21322,1
21327,1
21330,1
21333,1
21347,1
21351,1
21355,1
21356,1
21360,1
21361,1
21374,1
21376,1
21386,1
21388,1
21389,1
21391,1
21400,1
21401,1
21410,1
21415,1
21416,1
21423,1
21424,1
21425,1
21430,1
21435,1
21441,1
21443,1
21449,1
21451,1
21458,1
21461,1
21470,1
21471,1
21473,1
21484,1
21493,1
21494,1
21495,1
21498,1
21499,1
21503,1
21509,1
21515,1
21528,1
21531,1
21532,1
21538,1
21539,1
21546,1
21547,1
21551,1
21554,1
21555,1
21558,1
21562,1
21564,1
21569,1
21581,1
21584,1
21587,1
21589,1
21593,1
21598,1
21608,1
21610,1
21612,1
21613,1
21618,1
21620,1
21621,1
21626,1
21628,1
21629,1
21634,1
21637,1
21642,1
21646,1
21650,1
21651,1
21653,1
21677,1
21679,1
21685,1
21687,1
21689,1
21697,1
21700,1
21704,1
21708,1
21713,1
21718,1
21719,1
21720,1
21721,1
21731,1
21732,1
21733,1
21735,1
21744,1
21749,1
21751,1
21754,1
21757,1
21762,1
21764,1
21765,1
21767,1
21768,1
21770,1
21777,1
21778,1
21780,1
21786,1
21795,1
21811,1
21815,1
21824,1
21830,1
21834,1
21837,1
21843,1
21848,1
21852,1
21856,1
21861,1
21869,1
21871,1
21872,1
21875,1
21888,1
21900,1
21902,1
21913,1
21922,1
21952,1
21953,1
21954,1
21955,1
21956,1
21964,1
21966,1
21968,1
21970,1
21976,1
21977,1
21981,1
21994,1
21999,1
22000,1
22001,1
22007,1
22012,1
22019,1
22025,1
22029,1
22038,1
22041,1
22043,1
22046,1
22050,1
22053,1
22057,1
22069,1
22071,1
22073,1
22086,1
22087,1
22088,1
22091,1
22094,1
22101,1
22105,1
22116,1
22122,1
22133,1
22139,1
22140,1
22142,1
22151,1
22157,1
22158,1
22161,1
22165,1
22166,1
22172,1
22173,1
22175,1
22176,1
22178,1
22179,1
22182,1
22189,1
22190,1
22195,1
22196,1
22207,1
22214,1
22217,1
22218,1
22219,1
22221,1
22237,1
22241,1
22247,1
22251,1
22259,1
22263,1
22280,1
22289,1
22293,1
22299,1
22305,1
22307,1
22310,1
22313,1
22315,1
22322,1
22326,1
22328,1
22329,1
22342,1
22343,1
22344,1
22348,1
22350,1
22352,1
22354,1
22367,1
22370,1
22372,1
22376,1
22377,0
22384,1
22389,1
22391,1
22393,1
22399,1
22401,1
22410,1
22412,1
22414,1
22418,1
22423,1
22424,1
22425,1
22426,1
22430,1
22456,1
22474,1
22483,1
22491,1
22492,1
22494,1
22506,1
22510,1
22518,1
22523,1
22526,1
22532,1
22541,1
22545,1
22548,1
22552,1
22555,1
22559,1
22571,1
22574,1
22577,1
22580,1
22582,1
22590,1
22612,1
22621,1
22638,1
22639,1
22640,1
22648,0
22658,1
22662,1
22665,1
22666,1
22669,1
22670,1
22681,1
22684,1
22690,1
22701,1
22706,1
22707,1
22713,1
22714,1
22717,1
22719,1
22727,1
22729,1
22736,1
22741,1
22750,1
22754,1
22795,1
22799,1
22816,1
22819,1
22823,1
22826,1
22833,1
22834,1
22835,1
22844,1
22858,1
22859,1
22862,1
22864,1
22869,1
22872,1
22884,1
22890,1
22891,1
22893,1
22895,1
22896,1
22902,1
22903,1
22905,1
22908,1
22920,1
22925,1
22931,1
22937,1
22938,1
22939,1
22944,1
22947,1
22952,1
22960,1
22963,1
22972,1
22973,1
22977,1
22992,1
22993,1
22994,1
22995,1
22996,1
22998,1
23021,1
23025,1
23028,1
23031,1
23034,1
23036,1
23037,1
23040,1
23042,1
23043,1
23047,1
23053,1
23056,1
23061,1
23062,1
23064,1
23067,1
23069,1
23080,1
23083,1
23086,1
23090,1
23092,1
23095,1
23101,1
23106,1
23113,1
23119,1
23132,1
23144,1
23147,1
23152,1
23155,1
23156,1
23158,1
23175,1
23178,1
23179,1
23189,1
23191,1
23192,1
23206,1
23213,1
23217,1
23219,1
23223,1
23229,1
23231,1
23232,1
23243,1
23244,1
23250,1
23257,1
23260,1
23261,1
23265,1
23266,1
23271,1
23279,1
23284,1
23286,1
23293,1
23295,1
23301,1
23305,1
23308,1
23309,1
23316,1
23326,1
23327,1
23330,1
23331,1
23339,1
23342,1
23343,1
23365,1
23366,1
23367,1
23371,1
23373,1
23379,1
23381,1
23383,1
23386,1
23389,1
23397,1
23410,1
23411,1
23412,1
23415,1
23418,1
23419,1
23435,1
23443,1
23454,0
23465,1
23470,1
23471,1
23476,1
23477,1
23479,1
23480,1
23481,1
23487,1
23492,1
23497,1
23500,1
23505,1
23506,1
23510,1
23514,1
23515,1
23522,1
23523,1
23526,1
23528,1
23532,1
23533,1
23535,1
23540,1
23541,1
23545,1
23554,1
23557,1
23560,1
23562,1
23571,1
23574,1
23580,1
23582,1
23591,1
23594,1
23596,1
23600,1
23603,1
23607,1
23613,1
23615,1
23616,1
23618,1
23626,1
23630,1
23638,1
23642,1
23643,1
23650,1
23670,0
23680,1
23683,1
23685,1
23687,1
23691,1
23697,1
23698,1
23699,0
23701,1
23705,1
23737,1
23742,1
23745,1
23749,1
23753,1
23756,1
23764,1
23769,1
23780,1
23785,1
23787,1
23796,1
23799,1
23809,1
23818,1
23819,1
23822,1
23829,1
23835,1
23844,1
23846,1
23847,1
23853,1
23854,1
23856,1
23857,1
23860,1
23862,1
23891,1
23892,1
23894,1
23896,1
23906,1
23916,1
23933,1
23935,1
23941,1
23950,1
23956,1
23957,1
23960,1
23964,1
23968,1
23974,1
23977,1
23991,1
23992,1
23993,1
24003,1
24017,1
24019,1
24023,1
24026,1
24029,1
24037,1
24057,1
24065,1
24072,1
24073,1
24075,1
24079,1
24086,1
24087,1
24096,1
24098,1
24101,1
24103,1
24104,1
24107,1
24112,1
24113,1
24122,1
24124,1
24125,1
24126,1
24130,1
24131,1
24132,1
24135,1
24139,1
24140,1
24142,1
24143,1
24144,1
24146,1
24155,1
24157,1
24161,1
24167,1
24170,1
24177,1
24183,1
24186,1
24192,1
24193,1
24196,1
24203,1
24215,1
24221,1
24232,1
24236,1
24238,1
24243,1
24244,1
24245,1
24248,1
24255,1
24260,1
24264,1
24265,1
24267,1
24269,1
24281,1
24285,1
24291,1
24292,1
24295,1
24296,1
24306,1
24311,1
24317,1
24318,1
24326,1
24330,1
24335,1
24336,1
24338,1
24342,1
24345,1
24347,1
24355,1
24357,1
24361,1
24365,1
24366,1
24368,1
24369,1
24379,1
24383,1
24392,1
24398,1
24403,1
24406,1
24415,1
24421,1
24433,1
24436,1
24449,1
24452,1
24453,1
24458,1
24472,1
24473,1
24474,1
24481,1
24495,1
24502,1
24504,1
24506,1
24508,1
24510,1
24511,0
24523,1
24526,1
24529,1
24537,1
24542,1
24547,1
24551,1
24558,1
24559,1
24560,1
24563,1
24566,1
24571,1
24578,1
24586,1
24587,1
24590,1
24591,1
24604,1
24611,1
24615,1
24618,1
24627,1
24630,1
24632,1
24633,1
24636,1
24645,1
24647,1
24660,1
24663,1
24673,1
24678,1
24683,1
24684,1
24688,0
24693,1
24701,1
24705,1
24706,1
24723,1
24727,1
24733,1
24750,1
24751,1
24754,1
24755,1
24763,1
24765,1
24771,1
24774,1
24776,1
24779,1
24782,1
24784,1
24786,1
24795,1
24799,1
24801,1
24805,1
24808,1
24809,1
24813,1
24815,1
24816,1
24817,1
24819,1
24822,1
24823,1
24824,1
24834,1
24836,1
24837,1
24839,1
24845,1
24846,1
24847,1
24853,1
24855,1
24864,1
24870,1
24871,1
24872,1
24884,1
24887,1
24907,1
24911,1
24912,1
24913,1
24921,1
24923,1
24924,1
24927,1
24930,1
24933,1
24936,1
24939,1
24946,1
24956,1
24962,1
24963,1
24968,1
24979,1
24980,1
24981,1
24995,1
25001,1
25002,1
25005,1
25024,1
25035,1
25037,1
25043,1
25045,1
25051,1
25082,1
25086,1
25088,1
25092,1
25095,1
25102,1
25105,1
25106,1
25109,1
25110,1
25115,1
25118,1
25126,1
25137,1
25141,1
25144,1
25149,1
25156,1
25161,1
25165,1
25181,1
25183,1
25192,1
25193,1
25198,1
25202,1
25207,1
25212,1
25213,1
25214,1
25217,1
25226,1
25229,1
25232,1
25234,1
25239,1
25240,1
25241,1
25244,1
25245,1
25246,1
25258,1
25259,1
25260,1
25267,1
25270,1
25276,1
25279,1
25284,1
25285,1
25286,1
25291,1
25295,1
25298,1
25299,1
25300,1
25305,1
25307,1
25308,1
25313,1
25315,1
25318,1
25341,1
25342,1
25343,1
25351,1
25355,1
25360,1
25366,1
25376,1
25379,1
25381,1
25394,1
25397,1
25408,1
25410,1
25411,1
25413,1
25419,1
25420,1
25421,1
25426,1
25428,1
25444,1
25447,1
25449,1
25453,1
25454,1
25462,1
25463,1
25473,1
25476,1
25482,1
25483,1
25508,1
25511,1
25513,1
25517,1
25518,0
25521,1
25526,1
25527,1
25529,1
25532,1
25536,1
25540,1
25544,1
25549,1
25555,1
25559,1
25564,1
25567,1
25570,1
25575,1
25585,1
25590,1
25594,1
25597,1
25600,1
25620,0
25623,1
25627,1
25633,1
25638,1
25650,1
25658,1
25670,1
25671,1
25676,1
25681,1
25686,1
25692,1
25694,1
25695,1
25696,1
25698,1
25710,1
25711,1
25714,1
25716,1
25719,1
25725,1
25730,1
25734,1
25737,1
25747,1
25750,1
25754,1
25756,1
25758,1
25765,1
25766,1
25776,1
25782,1
25789,1
25796,1
25814,1
25817,1
25825,1
25829,1
25830,1
25832,1
25834,1
25848,1
25850,1
25856,1
25857,1
25862,1
25876,1
25881,1
25882,1
25886,1
25889,1
25891,1
25895,1
25898,0
25899,1
25903,1
25904,1
25906,1
25909,1
25916,1
25927,1
25928,1
25933,1
25934,1
25939,1
25940,1
25943,1
25944,1
25954,1
25956,1
25971,1
25976,1
25979,1
25982,1
25984,1
25986,1
25992,1
25995,1
26001,1
26006,1
26011,1
26012,1
26016,1
26025,1
26029,1
26037,1
26040,1
26042,1
26043,1
26054,1
26065,1
26072,1
26081,1
26085,1
26091,1
26092,1
26098,1
26105,1
26109,1
26115,1
26118,1
26121,1
26123,1
26125,1
26126,1
26128,1
26130,1
26138,1
26148,1
26155,1
26162,1
26189,1
26191,1
26214,1
26215,1
26217,1
26219,1
26223,1
26230,1
26232,1
26235,1
26243,1
26247,1
26248,1
26254,1
26255,1
26256,1
26258,1
26262,1
26264,1
26267,1
26270,1
26278,1
26293,1
26300,1
26301,1
26317,1
26319,1
26320,1
26326,1
26328,1
26331,1
26332,1
26333,1
26336,1
26337,1
26344,1
26350,1
26361,1
26368,1
26387,1
26391,1
26394,1
26404,1
26407,1
26408,1
26416,1
26423,1
26424,1
26427,1
26430,1
26431,1
26432,1
26439,1
26441,1
26443,1
26445,1
26446,1
26447,1
26449,1
26454,1
26457,1
26462,1
26470,1
26474,1
26481,1
26504,1
26514,1
26518,1
26519,1
26520,1
26531,1
26551,1
26553,1
26556,1
26560,1
26567,1
26568,1
26573,1
26583,1
26584,1
26592,1
26598,1
26602,1
26618,1
26620,1
26621,1
26622,1
26624,1
26625,1
26626,1
26632,1
26635,1
26636,1
26638,1
26642,1
26644,1
26657,1
26664,1
26675,1
26683,1
26691,1
26695,1
26700,1
26703,1
26704,1
26706,1
26707,1
26722,1
26728,1
26733,1
26754,1
26759,1
26765,1
26774,1
26778,1
26779,1
26784,1
26785,1
26790,1
26800,1
26807,1
26810,1
26814,1
26815,1
26820,1
26822,1
26825,1
26829,1
26830,1
26832,1
26833,1
26835,1
26836,1
26844,1
26851,1
26852,1
26855,1
26856,1
26858,1
26864,1
26866,1
26875,1
26885,1
26886,1
26904,1
26905,1
26910,1
26911,0
26912,1
26915,1
26926,1
26929,1
26938,1
26939,1
26941,1
26942,1
26943,1
26946,1
26952,1
26954,1
26957,1
26958,1
26959,1
26966,1
26969,1
26975,1
26993,1
26998,1
27004,1
27006,1
27009,1
27011,1
27012,1
27014,1
27016,1
27035,1
27036,1
27042,1
27054,1
27058,1
27060,1
27067,1
27069,1
27071,1
27077,1
27079,1
27082,1
27083,1
27094,1
27104,1
27112,1
27115,1
27116,1
27122,1
27128,1
27133,1
27136,1
27141,1
27143,1
27144,1
27152,1
27155,1
27166,1
27167,1
27174,1
27175,1
27184,1
27187,1
27188,1
27190,1
27195,1
27201,1
27202,1
27210,1
27211,1
27226,1
27227,1
27229,1
27231,1
27232,1
27236,1
27246,1
27249,1
27252,1
27256,1
27258,1
27276,1
27277,1
27281,1
27282,1
27288,1
27297,1
27299,1
27302,1
27308,1
27313,1
27317,1
27319,1
27326,1
27329,1
27333,1
27337,1
27338,1
27347,1
27353,1
27358,1
27359,1
27364,1
27372,1
27375,1
27381,1
27383,1
27388,1
27390,1
27392,1
27393,1
27404,1
27407,1
27417,1
27418,1
27424,1
27427,1
27432,1
27443,1
27444,1
27447,1
27451,1
27453,1
27455,1
27457,1
27464,1
27468,1
27473,1
27479,1
27480,1
27481,1
27482,1
27488,1
27491,1
27492,1
27498,1
27500,1
27502,1
27503,1
27505,1
27508,1
27514,1
27516,1
27520,1
27527,1
27541,1
27543,1
27554,1
27559,1
27560,1
27572,1
27575,1
27579,1
27585,1
27590,1
27596,1
27599,1
27602,1
27604,1
27606,1
27611,1
27613,1
27627,1
27632,1
27636,1
27638,1
27643,1
27647,1
27649,1
27652,1
27656,1
27668,1
27671,1
27672,1
27675,1
27687,1
27691,1
27700,1
27703,1
27705,1
27707,1
27713,1
27724,1
27729,1
27732,1
27735,1
27741,1
27744,1
27748,1
27751,1
27752,1
27759,1
27766,1
27768,1
27771,1
27774,1
27775,1
27778,1
27779,1
27784,1
27785,1
27789,1
27790,1
27791,1
27793,1
27798,1
27802,1
27818,1
27820,1
27821,1
27828,1
27832,1
27842,1
27848,1
27850,1
27851,1
27860,1
27862,1
27864,1
27866,1
27873,1
27874,1
27875,1
27877,1
27884,1
27887,1
27897,1
27906,1
27908,1
27911,1
27925,1
27928,1
27931,1
27935,1
27942,1
27947,1
27948,1
27951,1
27953,1
27961,1
27971,1
27973,1
27975,1
27976,1
27977,1
27984,1
27987,1
27993,1
27995,1
27997,1
28001,1
28007,1
28010,1
28018,1
28020,1
28024,1
28026,1
28043,1
28044,1
28046,1
28053,1
28054,1
28061,1
28071,1
28078,1
28086,1
28092,1
28094,1
28095,1
28104,1
28106,1
28108,1
28120,1
28123,1
28131,1
28144,1
28145,1
28146,1
28152,1
28154,1
28155,1
28156,1
28161,1
28163,1
28172,1
28178,1
28184,1
28185,1
28188,1
28192,1
28194,1
28199,1
28204,1
28205,1
28217,1
28219,1
28230,1
28236,1
28237,1
28244,1
28247,1
28254,1
28257,1
28259,1
28260,1
28262,1
28272,1
28275,1
28277,1
28280,1
28281,1
28283,1
28284,1
28290,1
28296,1
28299,1
28302,1
28307,1
28325,1
28336,1
28351,1
28352,1
28355,1
28369,1
28378,1
28383,1
28389,1
28404,1
28409,1
28412,1
28415,1
28421,1
28422,1
28427,1
28432,1
28434,1
28436,1
28438,1
28451,1
28462,1
28469,1
28470,1
28482,1
28490,0
28496,1
28497,1
28500,1
28503,1
28507,1
28515,1
28518,1
28520,1
28523,1
28525,1
28528,1
28529,1
28530,1
28532,1
28534,1
28535,1
28540,1
28541,1
28543,1
28546,1
28553,1
28564,1
28565,1
28569,1
28572,1
28575,1
28583,1
28593,1
28594,1
28596,1
28597,1
28606,1
28609,1
28612,1
28613,1
28615,1
28616,1
28624,1
28625,1
28631,1
28638,1
28646,1
28648,1
28649,1
28654,1
28661,1
28664,1
28669,1
28670,1
28671,1
28675,1
28682,1
28686,1
28687,1
28694,1
28697,1
28699,1
28701,1
28711,1
28712,1
28718,1
28720,1
28721,1
28722,1
28725,1
28733,1
28734,1
28741,1
28743,1
28744,1
28747,1
28756,1
28757,1
28765,1
28766,1
28767,1
28768,1
28775,1
28776,1
28780,1
28787,1
28793,1
28803,1
28809,1
28814,1
28817,1
28818,1
28827,1
28829,1
28833,1
28837,1
28842,1
28846,1
28851,1
28854,1
28855,1
28862,1
28866,1
28871,1
28880,0
28881,1
28884,1
28887,1
28892,1
28896,1
28904,1
28906,1
28907,1
28908,1
28915,1
28919,1
28920,1
28925,1
28932,1
28933,1
28936,1
28938,1
28948,1
28950,1
28958,1
28961,1
28962,1
28963,1
28976,1
28981,1
28987,1
28990,1
28998,1
28999,1
29020,1
29021,1
29022,1
29028,1
29029,1
29034,1
29040,1
29043,1
29046,1
29051,1
29055,1
29066,1
29068,1
29076,1
29082,1
29084,1
29086,1
29090,1
29091,1
29092,1
29100,1
29104,1
29108,1
29110,1
29112,1
29113,1
29118,1
29121,1
29130,1
29134,1
29138,1
29150,1
29154,1
29158,1
29165,1
29172,1
29181,1
29182,1
29183,1
29193,1
29195,1
29198,1
29200,1
29202,1
29209,1
29247,1
29248,1
29253,1
29254,1
29256,1
29262,1
29268,1
29269,1
29272,1
29274,1
29278,1
29281,1
29285,1
29291,1
29292,1
29293,1
29295,1
29296,1
29297,1
29303,1
29305,1
29309,1
29310,1
29315,1
29323,1
29331,1
29345,1
29364,1
29365,1
29369,1
29372,1
29373,1
29383,1
29385,1
29387,1
29388,1
29393,1
29394,1
29404,1
29407,1
29408,1
29415,1
29416,1
29422,1
29424,1
29432,1
29440,1
29448,1
29451,1
29452,1
29458,1
29460,1
29467,1
29473,1
29476,1
29478,1
29479,1
29490,1
29491,1
29499,1
29501,1
29505,1
29512,1
29513,1
29517,1
29523,1
29527,1
29529,1
29541,1
29553,1
29566,1
29569,1
29575,1
29578,1
29585,1
29587,1
29599,1
29601,1
29604,1
29605,1
29606,1
29607,1
29608,1
29614,1
29616,1
29618,1
29620,1
29626,1
29631,1
29634,1
29637,1
29638,1
29647,1
29649,1
29650,1
29652,1
29655,1
29661,1
29662,1
29671,1
29675,1
29679,1
29682,1
29693,1
29701,1
29705,1
29713,1
29720,1
29721,1
29722,1
29723,1
29727,1
29729,1
29730,1
29734,1
29751,1
29768,1
29776,1
29781,1
29788,1
29797,1
29798,1
29801,1
29803,1
29806,1
29810,1
29811,1
29813,1
29816,1
29822,1
29827,1
29832,1
29838,1
29840,1
29845,1
29846,1
29848,1
29852,1
29875,1
29888,1
29892,1
29894,1
29897,1
29899,1
29904,1
29906,1
29912,1
29914,1
29916,1
29917,1
29919,1
29921,1
29926,1
29928,1
29946,1
29951,1
29955,1
29959,1
29960,1
29962,1
29963,1
29967,1
29972,1
29974,1
29980,1
29981,1
29987,1
29999,1
30006,1
30016,1
30017,1
30018,1
30036,1
30037,1
30044,1
30047,1
30048,1
30058,1
30064,1
30067,1
30074,1
30076,1
30082,1
30083,1
30086,1
30088,1
30092,1
30094,1
30102,1
30104,1
30114,1
30116,1
30117,1
30119,1
30120,1
30121,1
30132,1
30138,1
30141,1
30144,1
30145,1
30146,1
30152,1
30154,1
30157,1
30159,1
30162,1
30167,1
30169,1
30172,1
30174,1
30180,1
30184,1
30187,1
30189,1
30190,1
30199,1
30201,1
30204,1
30209,1
30212,1
30216,1
30219,1
30223,1
30237,1
30238,1
30244,1
30247,1
30249,1
30253,1
30254,1
30259,1
30266,1
30282,1
30284,1
30286,1
30287,1
30294,0
30298,1
30301,1
30308,1
30318,1
30321,1
30324,1
30332,1
30335,1
30339,1
30341,1
30344,1
30354,1
30366,1
30369,1
30373,1
30375,1
30376,1
30382,1
30390,1
30391,1
30392,1
30394,1
30396,1
30400,1
30401,1
30403,1
30405,1
30408,1
30411,1
30413,1
30419,1
30422,1
30427,1
30429,1
30436,1
30439,1
30440,1
30442,1
30444,1
30445,1
30448,1
30456,1
30467,1
30468,1
30470,1
30473,1
30477,1
30482,1
30484,1
30489,1
30493,1
30503,1
30504,1
30519,1
30521,1
30528,1
30530,1
30533,1
30534,1
30538,1
30546,1
30565,1
30570,1
30575,1
30579,1
30589,1
30592,1
30593,1
30599,1
30602,1
30606,1
30607,1
30609,1
30614,1
30618,1
30632,1
30641,1
30646,1
30648,1
30650,1
30653,1
30654,1
30655,1
30658,1
30660,1
30662,1
30686,1
30687,1
30689,1
30691,1
30695,1
30698,1
30699,1
30702,1
30703,1
30705,1
30709,1
30720,1
30724,1
30725,1
30728,1
30734,1
30735,1
30737,1
30738,1
30748,1
30760,1
30764,1
30771,1
30773,1
30777,1
30782,1
30783,1
30784,1
30787,1
30789,1
30790,1
30799,1
30800,1
30803,1
30808,1
30809,1
30816,1
30818,1
30828,1
30834,1
30837,1
30847,1
30851,1
30854,1
30856,1
30866,1
30879,1
30885,1
30887,1
30894,1
30896,1
30902,1
30904,1
30922,1
30931,1
30934,1
30937,1
30941,1
30957,1
30960,1
30962,1
30965,1
30976,1
30981,1
30982,1
30985,1
30986,1
30988,1
30989,1
30991,1
30994,1
31000,1
31002,1
31005,1
31013,1
31023,1
31027,1
31037,1
31043,1
31045,1
31055,1
31056,1
31058,1
31062,1
31065,1
31068,1
31071,1
31074,1
31083,1
31084,1
31088,1
31093,1
31099,1
31106,1
31116,1
31117,1
31126,1
31131,1
31133,1
31135,1
31137,1
31138,1
31139,1
31145,1
31148,1
31149,1
31151,1
31154,1
31169,1
31170,1
31182,1
31183,1
31187,1
31188,1
31190,1
31193,1
31194,1
31197,1
31201,1
31216,1
31217,1
31229,1
31231,1
31233,1
31245,1
31247,1
31255,1
31256,1
31257,1
31263,1
31265,1
31268,1
31272,1
31275,1
31277,1
31279,1
31282,1
31283,1
31288,1
31290,1
31291,1
31294,1
31295,1
31296,1
31297,1
31300,1
31304,1
31314,1
31317,1
31324,1
31325,1
31329,1
31330,1
31332,1
31336,1
31358,1
31364,1
31365,1
31366,1
31372,1
31374,1
31375,1
31378,1
31382,1
31384,1
31398,1
31399,1
31405,1
31408,1
31411,1
31412,1
31419,1
31420,1
31424,1
31432,1
31438,1
31442,1
31446,1
31470,1
31471,1
31473,1
31474,1
31478,1
31485,1
31488,1
31492,1
31496,1
31500,1
31504,1
31513,1
31517,1
31523,1
31527,1
31529,1
31539,1
31544,1
31546,1
31550,1
31553,1
31559,1
31568,1
31573,1
31581,1
31586,1
31590,1
31591,1
31600,1
31607,1
31609,1
31635,1
31636,1
31637,1
31642,1
31643,1
31644,1
31653,1
31660,1
31668,1
31671,1
31674,1
31683,1
31687,1
31688,1
31689,1
31696,1
31702,1
31706,1
31713,1
31714,1
31716,1
31728,1
31746,1
31751,1
31754,1
31760,1
31773,1
31785,1
31787,1
31797,1
31809,1
31811,1
31814,1
31816,1
31818,1
31821,1
31825,1
31834,1
31837,1
31844,1
31845,1
31847,1
31849,1
31854,1
31855,1
31858,1
31864,1
31871,1
31872,1
31881,1
31884,1
31893,1
31901,1
31907,1
31910,1
31914,1
31923,1
31924,1
31932,1
31933,1
31939,1
31940,1
31941,1
31950,1
31952,1
31953,1
31954,1
31962,1
31964,1
31969,1
31979,1
32005,1
32009,1
32012,1
32017,1
32026,1
32036,1
32042,1
32043,1
32047,1
32052,1
32057,1
32059,1
32063,1
32082,1
32092,1
32098,1
32099,1
32100,1
32101,1
32107,1
32108,1
32112,1
32120,1
32121,1
32126,1
32129,1
32142,1
32144,1
32145,1
32146,1
32154,1
32155,1
32156,1
32160,1
32162,1
32165,1
32169,1
32174,1
32183,1
32195,1
32199,1
32209,1
32215,1
32218,1
32221,1
32222,1
32223,1
32225,1
32240,1
32243,1
32256,1
32265,1
32267,1
32268,1
32275,1
32278,1
32281,1
32285,1
32294,1
32296,1
32301,1
32302,1
32308,1
32309,1
32319,1
32320,1
32323,1
32325,1
32331,1
32341,1
32343,1
32345,1
32349,1
32374,1
32384,1
32388,1
32389,1
32396,1
32399,1
32402,1
32407,1
32408,1
32411,1
32412,1
32417,1
32426,1
32431,1
32432,1
32434,1
32435,1
32438,1
32446,1
32450,1
32452,1
32455,1
32457,1
32464,1
32465,1
32480,1
32483,1
32493,1
32500,1
32501,1
32504,1
32522,1
32524,1
32533,1
32549,1
32558,1
32566,1
32567,1
32572,1
32574,1
32578,1
32582,1
32584,1
32585,1
32586,1
32591,1
32592,1
32594,1
32595,1
32597,1
32604,1
32611,1
32617,1
32619,1
32620,1
32623,1
32627,1
32630,1
32636,1
32638,1
32641,1
32643,1
32644,1
32650,1
32652,1
32654,1
32658,1
32660,1
32661,1
32667,1
32671,1
32679,1
32681,1
32686,1
32687,1
32690,1
32696,1
32698,1
32701,1
32705,1
32711,1
32712,1
32715,1
32717,1
32722,1
32725,1
32734,1
32745,1
32746,1
32757,1
32758,1
32763,1
32765,1
32767,1
32769,1
32770,1
32775,1
32778,1
32782,1
32783,1
32784,1
32789,1
32797,1
32798,1
32799,1
32802,1
32810,1
32815,1
32825,1
32831,1
32834,1
32837,1
32840,1
32843,1
32854,1
32866,1
32868,1
32871,1
32888,1
32903,1
32912,1
32917,1
32931,1
32933,1
32945,1
32951,1
32952,1
32954,1
32970,1
32974,0
32976,1
32984,1
32989,1
32990,1
32996,1
32997,1
33009,1
33015,1
33027,1
33040,1
33041,1
33045,1
33046,1
33048,1
33049,1
33051,1
33053,1
33054,0
33057,1
33058,1
33059,1
33065,1
33066,1
33069,1
33071,1
33072,1
33075,1
33076,1
33080,1
33081,1
33087,1
33091,1
33094,1
33098,1
33100,1
33103,1
33105,1
33106,1
33109,1
33115,1
33118,1
33119,1
33121,1
33127,1
33132,1
33135,1
33143,1
33144,1
33145,1
33156,1
33157,1
33171,1
33178,1
33179,1
33187,1
33192,1
33207,1
33211,1
33234,1
33235,1
33238,1
33240,1
33245,1
33258,1
33263,1
33265,1
33267,1
33269,1
33282,1
33292,1
33295,1
33297,1
33303,1
33304,1
33308,1
33309,1
33310,1
33311,1
33327,1
33333,1
33336,1
33347,1
33353,1
33360,1
33367,1
33368,1
33374,1
33375,1
33378,1
33382,1
33390,1
33396,1
33404,1
33407,1
33408,1
33409,1
33415,1
33420,1
33421,1
33422,1
33423,1
33427,1
33432,1
33433,1
33434,1
33437,1
33438,1
33441,1
33448,1
33456,1
33459,1
33462,1
33468,1
33472,1
33475,1
33477,1
33479,1
33498,1
33507,1
33509,1
33518,1
33530,1
33536,1
33537,1
33539,1
33544,1
33548,1
33549,1
33551,1
33557,1
33565,1
33577,1
33578,1
33580,1
33582,1
33583,1
33587,1
33592,1
33602,1
33605,1
33610,0
33611,1
33612,1
33613,1
33614,1
33616,1
33618,1
33633,1
33634,1
33637,1
33638,1
33642,1
33646,1
33660,1
33665,1
33673,1
33675,1
33681,1
33683,1
33696,1
33706,1
33707,1
33714,1
33715,1
33724,1
33725,1
33734,1
33735,1
33736,1
33745,1
33758,1
33763,1
33764,1
33766,1
33773,1
33774,1
33789,1
33791,1
33793,1
33794,1
33799,1
33801,1
33805,1
33808,1
33817,1
33820,0
33833,1
33844,1
33845,1
33847,1
33848,1
33852,1
33854,1
33867,1
33869,1
33870,1
33874,1
33876,1
33879,1
33882,1
33886,1
33890,1
33892,1
33897,1
33898,1
33902,1
33907,1
33923,1
33934,1
33935,1
33947,1
33954,1
33963,1
33964,1
33970,1
33975,1
33976,1
33984,1
33985,1
33987,1
33991,1
33994,1
33996,1
33997,1
34001,1
34004,1
34020,1
34022,1
34024,1
34028,1
34030,1
34034,1
34040,1
34047,1
34050,1
34056,1
34057,1
34071,1
34078,1
34081,1
34082,1
34086,1
34096,1
34097,1
34100,1
34104,1
34112,1
34117,1
34119,1
34121,1
34122,1
34126,1
34128,1
34130,1
34136,1
34144,1
34147,1
34152,1
34171,1
34178,1
34187,1
34193,1
34195,1
34196,1
34197,1
34200,1
34203,1
34205,1
34210,1
34214,1
34217,1
34223,1
34229,1
34242,1
34246,1
34250,1
34255,1
34256,1
34261,1
34262,1
34267,1
34269,1
34277,1
34281,1
34288,1
34297,1
34300,1
34301,1
34303,1
34304,1
34305,1
34312,1
34315,1
34328,1
34329,1
34332,1
34338,1
34342,1
34352,1
34355,1
34357,1
34360,1
34369,1
34371,1
34377,1
34380,1
34385,1
34387,1
34393,1
34397,1
34401,1
34411,1
34412,1
34413,1
34414,1
34415,1
34417,1
34419,1
34424,1
34430,1
34433,1
34441,1
34450,1
34455,1
34457,1
34461,1
34462,1
34468,1
34479,1
34486,1
34488,1
34490,1
34498,1
34506,1
34508,1
34524,1
34525,1
34529,1
34544,1
34548,1
34550,1
34554,1
34562,1
34568,1
34575,1
34576,1
34581,1
34589,1
34591,1
34595,1
34596,1
34598,1
34599,1
34604,1
34605,1
34609,1
34613,1
34618,1
34623,1
34627,1
34630,1
34637,1
34640,1
34641,1
34648,1
34654,1
34662,1
34667,1
34669,1
34676,1
34681,1
34690,1
34707,1
34708,1
34717,1
34719,1
34723,1
34725,1
34731,1
34741,1
34752,1
34754,1
34759,1
34770,1
34773,1
34774,1
34781,1
34782,1
34788,1
34794,1
34796,1
34797,1
34799,1
34802,1
34803,1
34819,1
34824,1
34828,1
34832,1
34833,1
34835,1
34836,1
34839,1
34846,1
34848,1
34852,1
34855,1
34859,1
34863,1
34867,1
34868,1
34869,1
34871,1
34879,1
34880,1
34889,1
34890,1
34891,1
34898,1
34902,1
34909,1
34911,1
34915,1
34922,1
34925,1
34928,1
34936,1
34939,1
34941,1
34945,1
34958,1
34961,1
34962,1
34967,1
34968,1
34969,1
34974,1
34980,1
34981,1
34984,1
34986,1
34987,1
34989,1
34991,1
34995,1
34999,1
35000,1
35004,1
35007,1
35021,1
35031,1
35034,1
35036,1
35047,1
35052,1
35055,1
35057,1
35058,1
35061,1
35064,1
35066,1
35067,1
35071,1
35073,1
35090,1
35091,1
35092,1
35095,1
35098,1
35100,1
35102,1
35103,1
35111,1
35121,1
35122,1
35141,1
35149,1
35153,1
35159,1
35164,1
35167,1
35168,1
35170,1
35178,1
35179,1
35182,1
35192,1
35199,1
35201,1
35203,1
35205,1
35213,1
35215,1
35220,1
35230,1
35241,1
35250,1
35251,1
35254,1
35269,1
35274,1
35275,1
35288,1
35295,1
35303,1
35308,1
35313,1
35324,1
35326,1
35329,1
35332,1
35336,1
35338,1
35341,1
35344,1
35350,1
35351,1
35355,1
35357,1
35358,1
35359,1
35375,1
35377,1
35378,1
35385,1
35394,1
35398,1
35401,1
35405,1
35413,1
35415,1
35423,1
35428,1
35433,1
35434,1
35441,1
35444,1
35450,1
35451,1
35456,1
35462,1
35469,1
35470,1
35481,1
35484,1
35485,1
35489,1
35490,1
35500,1
35502,1
35503,1
35512,1
35515,1
35520,1
35521,1
35522,1
35525,1
35533,1
35535,1
35547,1
35553,1
35562,1
35564,1
35572,1
35577,1
35579,1
35580,1
35584,1
35585,1
35586,1
35595,1
35596,1
35598,1
35607,1
35608,1
35613,1
35614,1
35619,1
35627,1
35628,1
35631,1
35632,1
35635,1
35636,1
35639,1
35645,1
35649,1
35655,1
35661,1
35662,1
35666,1
35667,1
35677,1
35678,1
35682,1
35689,1
35690,1
35693,1
35700,1
35702,1
35705,1
35706,1
35710,1
35715,1
35719,1
35722,1
35725,1
35726,1
35729,1
35737,1
35748,1
35753,1
35754,1
35755,1
35757,1
35758,1
35759,1
35761,1
35764,1
35773,1
35779,1
35782,1
35787,1
35790,1
35794,1
35795,1
35798,1
35799,1
35804,1
35809,1
35815,1
35819,1
35822,1
35829,1
35830,1
35837,1
35853,1
35855,1
35866,1
35876,1
35895,1
35906,1
35911,1
35919,1
35920,1
35926,1
35929,1
35941,1
35964,1
35966,1
35967,1
35970,1
35972,1
35976,1
35977,1
35984,1
35987,1
35989,1
35996,1
35999,1
36007,1
36010,1
36012,1
36013,1
36015,1
36017,1
36019,1
36024,1
36032,1
36033,1
36039,1
36040,1
36042,1
36045,1
36048,1
36055,1
36072,1
36078,1
36080,1
36081,1
36085,1
36088,1
36089,1
36097,1
36104,1
36108,1
36117,1
36122,1
36133,1
36140,1
36143,1
36151,1
36156,1
36169,1
36187,1
36193,1
36198,1
36200,1
36201,1
36202,1
36206,1
36207,1
36212,1
36214,1
36217,1
36221,0
36224,1
36238,1
36239,1
36241,1
36244,1
36246,1
36247,1
36251,1
36252,1
36254,1
36267,1
36271,1
36284,1
36285,1
36288,1
36289,1
36292,1
36307,1
36308,1
36313,1
36319,1
36322,1
36336,1
36341,1
36342,1
36350,1
36352,1
36360,1
36364,1
36367,1
36372,1
36388,1
36390,1
36394,1
36398,1
36400,1
36401,1
36403,1
36415,1
36420,1
36430,1
36435,1
36439,1
36441,1
36448,1
36451,1
36461,1
36464,1
36465,1
36468,1
36475,1
36477,1
36483,1
36487,1
36489,1
36493,1
36503,1
36506,1
36510,1
36513,1
36518,1
36522,1
36527,1
36528,1
36529,1
36530,1
36541,1
36542,1
36546,1
36550,1
36551,1
36552,1
36556,1
36558,1
36559,1
36560,1
36562,1
36563,1
36564,1
36572,1
36580,1
36581,1
36587,1
36591,1
36595,1
36597,1
36598,1
36608,1
36611,1
36612,1
36620,1
36622,1
36624,1
36629,1
36630,1
36631,1
36634,1
36635,1
36640,1
36646,1
36647,1
36654,1
36655,1
36657,1
36667,1
36669,1
36676,1
36689,1
36695,1
36697,1
36703,1
36704,1
36706,1
36708,1
36709,1
36710,1
36716,1
36720,1
36721,1
36723,1
36726,1
36729,1
36736,1
36737,1
36739,1
36753,1
36760,1
36764,1
36772,1
36779,1
36781,1
36782,1
36790,1
36791,1
36794,1
36801,1
36805,1
36806,1
36807,1
36813,1
36815,1
36816,1
36820,1
36821,1
36824,1
36826,1
36828,1
36832,1
36838,1
36844,1
36851,1
36856,1
36865,1
36867,1
36869,1
36873,1
36879,1
36884,1
36889,1
36906,1
36918,1
36932,1
36933,1
36946,1
36950,1
36951,1
36955,1
36961,1
36964,1
36966,1
36970,1
36980,1
36982,1
37000,1
37004,1
37008,1
37025,1
37026,1
37031,1
37034,1
37040,1
37042,1
37044,1
37057,1
37060,1
37061,1
37066,1
37070,1
37073,1
37074,1
37078,1
37079,1
37081,1
37085,1
37093,1
37094,1
37095,1
37097,1
37099,1
37100,1
37101,1
37104,1
37106,1
37110,1
37111,1
37121,1
37125,1
37129,1
37130,1
37135,1
37139,1
37142,1
37143,1
37145,1
37148,1
37153,1
37159,1
37163,1
37164,1
37165,1
37171,1
37173,1
37177,1
37180,1
37184,1
37191,1
37196,1
37197,1
37202,1
37204,1
37209,1
37211,1
37213,1
37221,1
37227,1
37228,1
37229,1
37235,1
37238,1
37239,1
37241,1
37244,1
37248,1
37251,1
37254,1
37264,1
37268,1
37270,1
37277,1
37280,1
37282,1
37286,1
37288,1
37293,1
37294,1
37298,1
37299,1
37304,1
37312,1
37315,1
37320,1
37328,1
37329,1
37330,1
37346,1
37352,1
37358,1
37359,1
37360,1
37363,1
37368,1
37375,1
37376,1
37387,1
37389,1
37391,1
37393,1
37401,1
37402,1
37404,1
37407,1
37409,1
37410,1
37414,1
37416,1
37417,1
37423,1
37425,1
37429,1
37437,1
37443,1
37457,1
37466,1
37471,1
37472,1
37479,1
37485,1
37487,1
37497,1
37500,1
37505,1
37507,1
37509,1
37519,1
37524,1
37526,1
37534,1
37539,1
37544,1
37549,1
37550,1
37553,1
37564,1
37565,1
37566,1
37571,1
37574,1
37580,1
37589,1
37590,1
37591,1
37596,1
37615,1
37621,1
37624,1
37625,1
37627,1
37632,1
37636,1
37640,1
37643,1
37648,1
37660,1
37661,1
37662,1
37667,1
37673,1
37676,1
37679,1
37681,1
37683,1
37685,1
37686,1
37687,1
37689,1
37692,1
37693,1
37694,1
37702,1
37707,1
37710,1
37712,1
37715,1
37721,1
37727,1
37735,1
37737,1
37748,1
37753,1
37760,1
37765,1
37775,1
37776,1
37782,1
37784,1
37785,1
37788,1
37802,1
37804,1
37806,1
37808,1
37810,1
37811,1
37821,1
37826,1
37833,1
37835,1
37839,1
37846,1
37853,1
37859,1
37861,1
37866,1
37867,1
37868,1
37869,1
37872,1
37874,1
37878,1
37882,1
37886,1
37887,1
37892,1
37907,1
37908,1
37910,1
37927,1
37935,1
37937,1
37939,1
37945,1
37949,1
37962,1
37964,1
37968,1
37981,1
37986,1
37987,1
37991,1
37992,1
38000,1
38012,1
38015,1
38017,1
38019,1
38021,1
38027,1
38031,1
38032,1
38037,1
38041,1
38045,1
38050,1
38053,1
38054,1
38059,1
38064,1
38069,1
38070,1
38072,1
38074,1
38081,1
38086,1
38092,1
38099,1
38108,1
38111,1
38112,1
38118,1
38120,1
38136,1
38137,1
38143,1
38146,1
38147,1
38148,1
38149,1
38150,1
38152,1
38154,0
38155,1
38159,1
38165,1
38168,1
38169,1
38184,1
38190,1
38191,1
38200,1
38212,1
38214,1
38217,1
38229,1
38230,1
38233,1
38239,1
38252,1
38259,1
38261,1
38262,1
38272,1
38290,1
38292,1
38294,1
38296,1
38304,1
38312,1
38314,1
38316,1
38321,1
38322,1
38323,1
38325,1
38327,1
38334,1
38336,1
38342,1
38347,1
38362,1
38364,1
38367,1
38370,1
38372,1
38379,1
38380,1
38389,1
38393,1
38394,1
38396,1
38397,1
38402,1
38413,1
38416,1
38429,1
38433,1
38435,1
38436,1
38445,1
38447,1
38451,1
38460,1
38461,1
38462,1
38463,1
38464,1
38471,1
38480,1
38490,1
38491,1
38492,1
38509,1
38512,1
38514,1
38517,1
38521,1
38524,1
38528,1
38530,1
38533,1
38539,1
38540,1
38544,1
38549,1
38552,0
38554,1
38555,1
38558,1
38563,1
38565,1
38571,1
38573,1
38578,1
38582,1
38591,1
38601,1
38603,1
38606,1
38618,1
38620,1
38622,1
38626,1
38627,1
38633,1
38639,1
38643,1
38645,1
38650,1
38652,1
38654,1
38663,1
38665,1
38669,1
38674,1
38676,1
38680,1
38681,1
38682,1
38683,1
38690,1
38691,1
38692,1
38700,1
38702,1
38704,1
38707,1
38708,1
38714,1
38717,1
38725,1
38726,1
38727,1
38730,1
38735,1
38739,1
38744,1
38748,1
38749,1
38751,1
38753,1
38760,1
38764,1
38765,1
38767,1
38770,1
38778,1
38786,1
38789,1
38798,0
38800,1
38802,1
38803,1
38804,1
38809,1
38814,1
38815,1
38834,1
38840,1
38844,1
38845,1
38850,1
38855,1
38860,0
38863,1
38868,1
38871,1
38876,1
38880,1
38881,1
38883,1
38889,1
38890,1
38893,1
38897,1
38902,1
38903,1
38914,1
38923,1
38933,1
38935,1
38937,1
38941,1
38946,1
38948,1
38951,1
38952,1
38956,1
38962,1
38972,1
38993,1
38997,1
38998,1
38999,1
39010,1
39017,1
39023,1
39030,1
39032,1
39040,1
39044,1
39047,1
39048,1
39059,1
39061,1
39062,1
39065,1
39072,1
39078,1
39079,1
39083,1
39084,1
39087,1
39090,1
39097,1
39102,1
39120,1
39123,1
39128,1
39131,1
39132,1
39134,1
39136,1
39141,1
39152,1
39154,1
39168,1
39174,1
39177,1
39180,1
39182,1
39184,1
39194,1
39197,1
39201,1
39211,1
39215,1
39222,1
39224,1
39228,1
39230,1
39233,1
39234,1
39235,1
39243,1
39246,1
39252,1
39254,1
39255,1
39259,1
39263,1
39271,1
39272,1
39273,1
39280,1
39285,1
39294,1
39295,1
39297,1
39298,1
39300,1
39302,1
39305,1
39309,1
39312,1
39315,1
39324,1
39327,1
39330,1
39332,1
39337,1
39343,1
39346,1
39352,1
39355,1
39357,1
39360,1
39361,1
39363,1
39370,1
39377,1
39379,1
39380,1
39381,1
39383,1
39384,1
39385,1
39389,1
39397,1
39399,1
39402,1
39403,1
39404,1
39407,1
39408,1
39419,1
39423,1
39425,1
39429,1
39431,1
39432,1
39433,1
39439,1
39445,1
39446,1
39447,1
39450,1
39460,1
39462,1
39472,1
39473,1
39475,1
39478,1
39480,1
39486,1
39489,1
39491,1
39493,1
39494,1
39495,1
39499,1
39501,1
39506,1
39509,1
39518,1
39519,1
39520,1
39522,1
39525,1
39526,1
39531,1
39532,1
39533,1
39535,1
39548,1
39555,1
39559,1
39563,1
39568,1
39569,1
39576,1
39577,1
39581,1
39591,1
39595,1
39602,1
39603,1
39606,1
39610,1
39633,1
39635,1
39637,1
39638,1
39639,1
39641,1
39643,1
39644,1
39645,1
39649,1
39650,1
39654,1
39661,1
39676,1
39679,1
39684,1
39688,1
39690,1
39697,1
39703,1
39716,1
39724,1
39732,1
39739,1
39742,1
39746,1
39751,1
39755,1
39757,1
39762,1
39763,1
39767,1
39774,1
39775,1
39777,1
39810,1
39811,1
39813,1
39814,1
39815,1
39829,1
39831,1
39832,1
39836,1
39841,1
39842,1
39846,1
39853,1
39855,1
39860,1
39861,1
39862,1
39865,1
39878,1
39880,1
39884,1
39888,1
39892,1
39899,1
39904,1
39911,1
39914,1
39916,1
39925,1
39929,1
39943,1
39957,1
39960,1
39964,1
39969,1
39972,1
39975,1
39987,1
39989,1
39993,1
39995,1
39997,1
39999,1
40001,1
40002,1
40011,1
40013,1
40016,1
40017,1
40019,1
40024,0
40029,1
40035,1
40041,1
40045,1
40049,1
40050,1
40060,1
40061,1
40065,1
40069,1
40074,1
40076,1
40077,1
40078,1
40084,1
40086,1
40088,1
40089,1
40090,1
40091,1
40093,1
40097,1
40098,1
40100,1
40101,1
40110,1
40113,1
40114,1
40117,1
40119,1
40120,1
40128,1
40131,1
40134,1
40140,1
40143,1
40146,1
40149,1
40161,1
40170,1
40172,1
40179,1
40180,1
40187,1
40190,1
40192,1
40197,1
40202,1
40203,1
40204,1
40206,1
40209,1
40214,0
40217,1
40229,1
40234,1
40242,1
40245,1
40250,1
40251,1
40255,1
40259,1
40272,1
40273,1
40279,1
40281,1
40287,1
40290,1
40293,1
40294,1
40295,1
40297,1
40301,1
40305,1
40308,1
40312,1
40318,1
40321,1
40322,1
40325,1
40330,1
40332,1
40340,1
40341,1
40349,1
40351,1
40374,1
40375,1
40382,1
40384,1
40387,1
40390,1
40391,1
40392,1
40410,1
40411,1
40412,1
40419,1
40428,1
40434,1
40441,1
40443,1
40446,1
40448,1
40451,1
40456,1
40469,1
40472,1
40481,1
40483,1
40484,1
40487,1
40488,1
40492,1
40505,1
40508,1
40510,1
40512,1
40513,1
40521,1
40522,1
40531,1
40541,1
40548,1
40549,1
40551,1
40553,1
40559,1
40567,1
40568,1
40569,1
40574,1
40577,1
40582,1
40598,1
40600,1
40607,1
40608,1
40621,1
40625,1
40630,1
40640,1
40647,1
40648,1
40651,1
40654,1
40669,1
40672,1
40677,1
40679,1
40680,1
40682,1
40683,1
40685,1
40692,1
40694,1
40697,1
40698,1
40699,1
40701,1
40720,1
40740,1
40748,1
40750,1
40753,1
40754,1
40755,1
40756,1
40763,1
40768,1
40769,1
40780,1
40782,1
40784,1
40790,1
40792,1
40796,1
40809,1
40811,1
40817,1
40825,1
40827,1
40832,1
40836,1
40841,1
40845,1
40855,1
40856,1
40857,1
40862,1
40870,1
40879,1
40890,1
40905,1
40920,1
40922,1
40933,1
40937,1
40941,1
40945,1
40947,1
40950,1
40952,1
40954,1
40969,1
40972,1
40973,1
40974,1
40975,1
40979,1
40982,1
40995,1
41003,1
41005,1
41018,1
41022,1
41025,1
41049,1
41052,1
41056,1
41062,1
41067,1
41070,1
41071,1
41073,1
41084,1
41085,1
41088,1
41091,1
41097,1
41100,1
41105,1
41109,1
41112,1
41115,1
41116,1
41120,1
41131,1
41137,1
41147,1
41153,1
41155,1
41158,1
41159,1
41160,1
41163,1
41167,1
41170,1
41175,1
41178,1
41181,1
41182,1
41183,1
41193,1
41195,1
41196,1
41201,1
41202,1
41204,1
41212,1
41219,1
41232,1
41240,1
41246,1
41250,1
41252,1
41253,1
41254,1
41257,1
41260,1
41262,1
41270,1
41272,1
41279,1
41280,1
41286,1
41287,1
41290,1
41291,1
41292,1
41294,1
41295,1
41305,1
41309,1
41311,1
41313,1
41334,1
41343,1
41351,1
41358,1
41368,1
41377,1
41378,1
41386,1
41389,1
41395,1
41401,1
41402,1
41407,1
41408,1
41410,1
41416,1
41437,1
41445,1
41449,1
41451,1
41454,1
41457,1
41468,1
41476,1
41477,1
41480,1
41481,1
41483,1
41491,1
41497,1
41498,1
41499,1
41502,1
41513,1
41518,1
41534,1
41535,1
41539,1
41542,1
41544,1
41546,1
41547,1
41548,1
41553,1
41558,1
41559,1
41560,1
41568,1
41573,1
41581,1
41584,1
41592,1
41595,1
41597,1
41600,1
41604,1
41610,1
41612,1
41613,1
41614,1
41621,1
41626,1
41627,1
41630,1
41632,1
41633,1
41635,1
41639,1
41643,1
41650,1
41656,1
41661,1
41662,1
41668,1
41670,1
41674,1
41675,1
41676,1
41677,1
41678,1
41681,1
41682,1
41687,1
41688,1
41690,1
41694,1
41701,1
41702,1
41703,1
41707,1
41708,1
41711,1
41713,1
41715,1
41720,1
41723,1
41733,1
41743,1
41744,1
41748,1
41750,1
41753,1
41763,1
41765,1
41769,1
41775,1
41779,1
41783,1
41786,1
41788,1
41795,1
41799,1
41803,1
41806,1
41809,1
41810,1
41820,1
41828,1
41829,1
41832,1
41836,1
41839,1
41845,1
41854,1
41861,1
41868,1
41888,1
41900,1
41907,1
41910,1
41912,1
41915,1
41929,1
41939,1
41942,1
41944,1
41948,1
41960,1
41962,1
41966,1
41968,1
41971,1
41974,1
41981,1
41985,1
41986,1
41996,1
41998,1
42000,1
42002,1
42004,1
42006,1
42008,1
42009,1
42012,1
42015,1
42039,1
42044,1
42048,1
42051,1
42053,1
42054,1
42057,1
42059,1
42061,1
42063,1
42064,1
42073,1
42075,1
42076,1
42078,1
42085,1
42100,1
42103,1
42108,1
42109,1
42111,1
42117,1
42119,1
42126,1
42132,1
42134,1
42136,1
42141,1
42142,1
42147,1
42158,1
42165,1
42170,1
42173,1
42183,1
42190,1
42191,1
42199,1
42209,1
42210,1
42212,1
42213,1
42229,1
42230,1
42235,1
42239,1
42245,1
42251,1
42252,1
42278,1
42280,1
42282,1
42285,1
42286,1
42290,1
42294,1
42300,1
42302,1
42303,1
42306,1
42311,1
42315,1
42320,1
42321,1
42323,1
42324,1
42337,1
42338,1
42346,1
42349,1
42359,1
42360,1
42364,1
42368,1
42369,1
42370,1
42372,1
42375,1
42390,1
42397,1
42402,1
42404,1
42405,1
42406,1
42413,1
42423,1
42426,1
42428,1
42429,1
42430,1
42431,1
42440,1
42441,1
42447,1
42452,1
42454,1
42461,1
42464,1
42471,1
42472,1
42474,1
42482,1
42484,1
42486,1
42497,1
42517,1
42523,1
42533,1
42543,1
42545,1
42548,1
42552,1
42558,1
42565,1
42569,1
42570,1
42573,1
42579,1
42584,1
42586,1
42587,1
42589,1
42590,1
42598,1
42606,1
42613,1
42614,1
42618,1
42621,1
42627,1
42631,1
42636,1
42638,1
42640,0
42652,1
42656,1
42662,1
42664,1
42670,1
42671,1
42672,1
42677,1
42678,1
42683,1
42685,1
42686,1
42687,1
42689,1
42691,1
42696,1
42701,1
42714,1
42715,1
42723,1
42725,1
42728,1
42734,1
42753,1
42757,1
42760,1
42762,1
42763,1
42767,1
42775,1
42780,1
42781,1
42782,1
42786,1
42789,1
42790,1
42792,1
42793,1
42796,1
42799,1
42802,1
42807,1
42817,1
42825,1
42840,1
42847,1
42850,1
42851,1
42852,1
42853,1
42855,1
42857,1
42860,1
42883,1
42885,1
42887,1
42889,1
42897,1
42899,1
42904,1
42908,1
42912,1
42918,1
42920,1
42921,1
42922,1
42927,1
42930,1
42934,1
42939,1
42942,1
42946,1
42956,1
42957,1
42959,1
42968,1
42978,1
42982,1
42983,1
42989,1
43001,1
43004,1
43007,1
43010,1
43011,1
43020,1
43026,1
43027,1
43029,1
43031,1
43047,1
43056,1
43057,1
43060,1
43077,1
43082,1
43088,1
43092,1
43104,1
43105,1
43109,1
43111,1
43113,1
43124,1
43126,1
43130,1
43134,1
43142,1
43147,1
43158,1
43164,1
43169,1
43171,1
43175,1
43177,1
43179,0
43182,1
43188,1
43189,1
43191,1
43198,1
43200,1
43203,1
43204,1
43209,1
43211,1
43214,1
43217,1
43222,1
43223,1
43226,1
43227,1
43229,1
43230,1
43238,0
43242,1
43246,1
43250,1
43254,1
43258,1
43266,1
43272,1
43288,1
43290,1
43291,1
43295,1
43297,1
43300,1
43313,1
43314,1
43316,1
43317,1
43319,1
43321,1
43327,1
43333,1
43337,1
43339,1
43344,1
43360,1
43364,1
43365,1
43371,1
43373,1
43381,1
43386,1
43387,1
43389,1
43394,1
43397,1
43399,1
43403,1
43404,1
43409,1
43414,1
43419,1
43425,1
43427,1
43428,1
43438,1
43440,1
43441,1
43443,1
43453,1
43458,1
43459,1
43466,1
43468,1
43471,1
43473,1
43479,1
43481,1
43482,1
43495,1
43501,1
43502,1
43512,1
43516,1
43521,1
43523,1
43525,1
43526,1
43532,1
43534,1
43535,0
43538,1
43540,1
43549,1
43550,1
43562,1
43565,1
43574,1
43579,1
43584,1
43593,1
43597,1
43606,1
43614,1
43621,1
43626,1
43667,1
43671,1
43674,1
43676,1
43685,1
43687,1
43694,1
43703,1
43705,1
43706,1
43708,1
43709,1
43711,1
43714,1
43716,1
43719,1
43722,1
43731,1
43742,1
43763,1
43765,1
43773,1
43774,1
43775,1
43778,1
43780,1
43785,1
43788,1
43789,1
43803,1
43804,1
43805,1
43806,1
43812,1
43818,1
43819,1
43826,1
43827,1
43838,1
43839,1
43843,1
43844,1
43848,1
43850,1
43852,1
43855,1
43859,1
43875,1
43879,1
43883,1
43888,1
43891,1
43905,1
43909,1
43914,1
43919,1
43920,1
43923,1
43926,1
43927,1
43939,1
43944,1
43945,1
43953,1
43954,1
43955,1
43956,1
43959,1
43961,1
43970,1
43976,1
43978,1
43982,1
43993,1
43994,1
43996,1
44003,1
44008,1
44009,1
44012,1
44013,1
44016,1
44019,1
44025,1
44029,1
44030,1
44032,1
44035,1
44037,1
44044,1
44046,1
44048,1
44058,1
44062,1
44066,1
44067,1
44073,1
44100,1
44102,1
44104,1
44119,1
44124,1
44126,1
44129,1
44133,1
44134,1
44148,1
44150,1
44151,1
44152,1
44157,1
44158,1
44164,1
44168,1
44169,1
44176,1
44177,1
44180,1
44181,1
44182,1
44200,1
44214,1
44219,1
44222,1
44230,1
44236,1
44241,1
44243,1
44247,1
44251,1
44261,1
44268,1
44270,1
44272,1
44277,1
44278,1
44281,1
44282,1
44285,1
44287,1
44297,1
44299,1
44313,1
44319,1
44324,1
44329,1
44336,1
44338,1
44344,1
44350,1
44352,1
44355,1
44357,1
44360,1
44376,1
44378,1
44382,1
44384,1
44385,1
44395,1
44396,1
44400,1
44403,1
44404,1
44405,1
44407,1
44422,1
44423,1
44424,1
44426,1
44431,1
44446,1
44449,1
44454,1
44457,1
44458,1
44460,1
44465,1
44469,1
44470,1
44471,1
44483,1
44484,1
44490,1
44491,1
44495,1
44501,1
44503,1
44506,1
44508,1
44517,1
44519,1
44521,1
44522,1
44527,1
44530,0
44538,1
44542,1
44553,1
44568,1
44569,1
44572,1
44574,1
44581,1
44584,1
44590,1
44593,1
44594,1
44595,1
44613,1
44623,1
44629,1
44633,1
44636,1
44637,1
44638,1
44652,1
44653,1
44657,1
44658,1
44660,1
44668,1
44671,1
44673,1
44674,1
44680,1
44683,1
44684,1
44686,1
44688,1
44700,1
44706,1
44713,1
44715,1
44716,1
44721,1
44730,1
44733,1
44740,1
44746,1
44748,1
44753,1
44760,1
44761,1
44764,1
44765,1
44768,1
44773,1
44775,1
44787,1
44789,1
44791,1
44796,1
44797,1
44799,1
44805,1
44806,1
44810,1
44825,1
44826,1
44836,1
44838,1
44840,1
44843,1
44847,1
44855,1
44857,1
44861,1
44865,1
44872,1
44875,1
44879,1
44886,1
44888,1
44892,1
44894,1
44903,1
44905,1
44907,1
44909,1
44916,1
44920,1
44925,1
44936,1
44937,1
44940,1
44948,1
44950,1
44958,1
44963,1
44964,1
44967,1
44980,1
44982,1
44986,1
44988,1
44989,1
44991,1
44994,1
45001,1
45003,1
45005,1
45006,1
45009,1
45015,1
45017,1
45018,1
45020,1
45023,1
45033,1
45035,1
45044,1
45050,1
45052,1
45055,1
45060,1
45068,1
45070,1
45072,1
45076,1
45092,1
45103,1
45104,1
45106,1
45109,1
45118,1
45119,1
45126,1
45129,1
45144,1
45146,1
45147,1
45153,1
45158,1
45161,1
45163,1
45165,1
45181,1
45184,1
45188,1
45189,1
45192,1
45194,1
45198,1
45199,1
45209,1
45210,1
45216,1
45218,1
45229,1
45239,1
45241,1
45242,1
45247,1
45252,1
45254,1
45257,1
45272,1
45281,1
45282,1
45283,1
45284,1
45294,1
45302,1
45304,1
45309,1
45316,1
45331,1
45333,1
45342,1
45353,1
45360,1
45365,1
45373,1
45376,1
45378,1
45379,1
45383,1
45384,1
45387,1
45393,1
45405,1
45412,1
45420,1
45431,1
45436,1
45444,1
45445,1
45446,1
45447,1
45450,1
45452,1
45455,1
45457,1
45460,1
45464,1
45465,1
45471,1
45476,1
45479,1
45480,1
45481,1
45486,1
45487,1
45488,1
45497,0
45500,1
45501,1
45503,1
45519,1
45523,1
45528,1
45533,1
45539,1
45546,0
45555,1
45568,1
45571,1
45572,1
45574,1
45578,1
45579,1
45581,1
45589,1
45592,1
45597,1
45600,1
45614,1
45618,1
45621,1
45626,1
45628,1
45633,1
45638,1
45640,1
45641,1
45648,1
45649,1
45651,1
45652,1
45669,1
45676,1
45685,1
45689,1
45691,1
45692,1
45696,1
45700,1
45703,1
45707,1
45709,1
45722,1
45725,1
45726,1
45728,1
45732,1
45749,1
45760,1
45766,1
45769,1
45785,1
45790,1
45792,1
45793,1
45803,1
45804,1
45809,1
45811,1
45814,1
45815,1
45822,1
45837,1
45838,1
45845,1
45847,1
45852,1
45859,1
45860,1
45862,1
45865,1
45866,1
45869,1
45871,1
45879,1
45883,1
45884,1
45885,1
45886,1
45894,1
45898,1
45904,1
45911,1
45914,1
45920,1
45928,1
45935,1
45939,1
45950,1
45953,1
45960,1
45963,1
45965,1
45966,1
45969,1
45970,1
45975,1
45983,1
45986,1
45987,1
46006,1
46013,1
46015,1
46016,1
46017,1
46022,1
46029,1
46032,1
46034,1
46035,1
46036,1
46044,1
46049,1
46052,1
46061,1
46063,1
46064,1
46065,1
46067,1
46070,1
46082,1
46095,1
46097,1
46105,1
46108,1
46117,1
46120,1
46131,1
46137,1
46139,1
46146,1
46147,1
46152,1
46153,1
46154,1
46165,1
46166,1
46175,1
46176,1
46177,1
46178,1
46179,1
46198,1
46199,1
46203,1
46205,1
46206,1
46212,1
46223,1
46228,1
46247,1
46259,1
46262,1
46263,1
46274,1
46278,1
46283,1
46284,1
46287,1
46289,1
46290,1
46294,1
46295,1
46299,1
46301,1
46302,1
46303,1
46312,1
46314,1
46318,1
46322,1
46330,1
46336,1
46337,1
46340,1
46345,1
46350,1
46377,1
46381,1
46399,1
46401,1
46408,1
46411,1
46419,1
46423,1
46426,1
46439,1
46449,1
46450,1
46453,1
46457,1
46461,1
46462,1
46467,1
46470,1
46471,1
46472,1
46475,1
46483,1
46484,0
46485,1
46496,1
46500,1
46501,0
46505,1
46506,1
46512,1
46513,1
46516,1
46518,1
46520,1
46528,1
46543,1
46545,1
46554,1
46555,1
46559,1
46561,1
46563,1
46570,1
46572,1
46584,1
46586,1
46592,1
46606,1
46611,1
46618,1
46621,1
46624,1
46625,1
46637,1
46649,1
46660,1
46661,1
46664,1
46669,1
46672,1
46674,1
46691,1
46692,1
46695,1
46700,1
46710,1
46713,1
46716,1
46726,1
46732,1
46738,1
46742,1
46743,1
46747,1
46757,1
46762,1
46765,1
46771,1
46773,1
46775,1
46782,1
46784,1
46791,1
46795,1
46799,1
46804,1
46808,1
46816,1
46826,1
46832,1
46834,1
46855,1
46858,1
46864,1
46869,1
46873,1
46899,1
46903,1
46906,1
46912,1
46913,1
46914,1
46917,1
46927,1
46929,1
46931,1
46944,1
46949,1
46957,1
46970,1
46975,1
46982,1
46983,1
46988,1
46991,1
46992,1
46994,1
46999,1
47002,1
47004,1
47008,1
47013,1
47015,1
47025,1
47028,1
47031,1
47038,1
47043,1
47057,1
47058,1
47060,1
47064,1
47065,1
47072,1
47077,1
47078,1
47086,1
47091,1
47102,1
47103,1
47114,1
47121,1
47127,1
47132,1
47133,1
47134,1
47135,1
47141,1
47151,1
47152,1
47155,1
47161,1
47165,1
47166,1
47168,1
47169,1
47171,1
47174,1
47177,1
47184,1
47187,1
47192,1
47193,1
47194,1
47196,1
47200,1
47203,1
47209,1
47216,1
47219,1
47221,1
47237,1
47243,1
47245,1
47248,1
47256,1
47263,1
47266,1
47273,1
47275,1
47276,1
47279,1
47280,1
47284,1
47286,1
47287,1
47299,1
47301,1
47305,1
47307,1
47311,1
47315,1
47321,1
47326,1
47331,1
47332,1
47335,1
47338,1
47340,1
47359,1
47362,1
47363,1
47367,1
47378,1
47383,1
47390,1
47396,1
47404,1
47405,1
47412,1
47413,1
47415,1
47417,1
47431,1
47436,1
47437,1
47438,1
47441,1
47443,1
47444,1
47447,1
47455,1
47458,1
47459,1
47462,1
47466,1
47476,1
47480,1
47484,1
47486,1
47487,1
47488,1
47489,1
47492,1
47493,1
47497,1
47498,1
47505,1
47508,1
47510,1
47511,1
47516,1
47529,1
47533,1
47538,1
47546,1
47558,1
47565,1
47569,1
47582,1
47586,1
47589,1
47594,1
47595,1
47607,1
47608,1
47623,1
47632,1
47641,1
47643,1
47645,1
47650,1
47657,1
47658,1
47659,1
47661,1
47663,1
47664,1
47665,1
47667,1
47674,1
47676,1
47684,1
47689,1
47693,1
47696,1
47700,1
47703,1
47704,1
47707,1
47709,1
47718,1
47722,1
47723,1
47724,1
47734,1
47737,1
47738,1
47741,1
47745,1
47747,1
47750,1
47754,1
47769,1
47771,1
47772,1
47773,1
47774,1
47791,1
47794,1
47796,1
47800,1
47804,1
47806,1
47810,1
47816,1
47817,1
47818,1
47828,1
47835,1
47837,1
47847,1
47850,1
47851,1
47855,1
47859,1
47860,1
47862,1
47864,1
47869,1
47874,1
47887,1
47888,1
47890,1
47892,1
47895,1
47899,1
47903,1
47905,1
47906,1
47912,1
47926,1
47928,1
47929,1
47939,1
47946,1
47958,1
47973,1
47979,1
47988,1
47992,1
47997,1
48001,1
48002,1
48010,1
48011,1
48013,1
48014,1
48022,1
48026,1
48027,1
48028,1
48031,1
48037,1
48040,1
48051,1
48058,1
48060,1
48062,1
48063,1
48065,1
48083,1
48084,1
48086,1
48091,1
48096,1
48098,1
48104,1
48120,1
48122,1
48129,1
48140,1
48142,1
48151,1
48164,1
48176,1
48182,1
48195,1
48197,1
48207,1
48209,1
48220,1
48234,1
48237,1
48238,1
48240,1
48247,1
48248,1
48249,1
48251,1
48269,1
48275,1
48277,1
48286,1
48287,1
48288,1
48290,1
48291,1
48295,1
48298,1
48303,1
48311,1
48314,1
48319,1
48321,1
48324,1
48329,1
48334,1
48348,1
48352,1
48369,1
48371,1
48378,1
48387,1
48389,1
48390,1
48391,1
48397,1
48398,1
48406,1
48408,1
48411,1
48413,1
48416,1
48421,1
48430,1
48436,1
48437,1
48438,1
48440,1
48441,1
48442,1
48449,1
48450,1
48467,1
48472,1
48481,1
48489,1
48490,1
48495,1
48505,1
48523,1
48524,1
48528,1
48531,1
48538,1
48542,1
48548,1
48561,1
48568,1
48575,1
48580,1
48581,1
48582,1
48586,1
48589,1
48596,1
48602,1
48603,1
48604,1
48608,1
48625,1
48646,1
48648,1
48652,1
48656,1
48662,1
48663,1
48669,1
48676,1
48680,1
48685,1
48687,1
48688,1
48702,1
48705,1
48707,1
48715,1
48718,1
48723,0
48729,1
48731,1
48733,1
48737,1
48741,1
48742,1
48749,1
48758,1
48761,1
48770,1
48775,1
48776,1
48796,1
48799,1
48816,1
48825,1
48833,1
48834,0
48839,1
48841,1
48842,1
48849,1
48853,1
48861,1
48864,1
48866,1
48874,1
48888,1
48890,1
48894,1
48895,1
48904,1
48906,1
48908,1
48910,1
48914,1
48915,1
48920,1
48932,1
48933,1
48942,1
48944,1
48950,1
48951,1
48956,1
48974,1
48978,1
48984,1
48986,1
48988,1
48994,1
48995,1
48998,1
49004,1
49008,1
49009,1
49013,1
49016,1
49017,1
49019,1
49020,1
49022,1
49024,1
49030,1
49033,1
49034,1
49035,1
49040,1
49045,1
49060,1
49062,1
49070,1
49076,1
49077,1
49089,1
49094,1
49104,1
49111,1
49112,1
49114,1
49118,1
49125,1
49127,1
49130,1
49132,1
49134,1
49145,1
49153,1
49158,1
49159,1
49161,1
49162,1
49163,1
49180,1
49183,1
49184,1
49191,1
49192,1
49196,1
49208,1
49211,1
49213,1
49219,1
49226,1
49245,1
49255,1
49256,1
49259,1
49262,1
49267,1
49274,1
49277,1
49289,1
49296,1
49307,1
49309,1
49315,1
49322,1
49328,1
49329,1
49332,1
49335,1
49336,1
49346,1
49354,1
49355,1
49358,1
49359,1
49360,1
49364,1
49367,1
49369,1
49375,1
49376,1
49383,1
49390,1
49394,1
49399,1
49402,1
49403,1
49404,1
49410,1
49412,1
49414,0
49415,1
49417,1
49419,1
49434,1
49438,1
49441,1
49455,1
49458,1
49460,1
49470,1
49477,1
49484,1
49485,1
49486,1
49489,1
49498,1
49499,1
49500,1
49502,1
49518,1
49526,1
49547,1
49549,1
49552,1
49553,1
49564,1
49572,1
49573,1
49577,1
49584,1
49586,0
49587,1
49596,1
49599,1
49600,0
49605,1
49608,1
49620,1
49628,1
49631,1
49633,1
49634,1
49647,1
49651,1
49653,1
49656,1
49666,1
49673,1
49678,1
49683,1
49684,1
49686,1
49689,1
49693,1
49697,1
49700,1
49701,1
49703,1
49711,1
49716,1
49717,1
49718,1
49726,1
49729,1
49736,1
49743,1
49749,1
49755,1
49771,1
49777,1
49778,1
49779,1
49780,1
49783,1
49787,1
49792,1
49799,1
49813,1
49814,1
49829,1
49830,1
49831,1
49836,1
49838,1
49839,1
49842,1
49845,1
49853,1
49854,1
49855,1
49858,1
49859,1
49866,1
49873,1
49875,1
49878,1
49888,1
49891,1
49892,1
49899,1
49901,1
49915,1
49923,1
49926,1
49935,1
49941,1
49944,1
49948,1
49949,1
49954,1
49958,1
49959,1
49962,1
49964,1
49965,1
49975,1
49976,1
49986,1
49990,1
50000,1
50002,1
50004,1
50007,1
50013,1
50022,1
50029,1
50032,1
50034,1
50036,1
50044,1
50046,1
50048,1
50049,1
50050,1
50052,1
50058,1
50061,1
50062,1
50063,1
50064,1
50065,1
50076,1
50078,1
50080,1
50094,1
50104,1
50106,1
50108,1
50112,1
50124,1
50126,1
50146,1
50149,1
50152,1
50155,1
50157,1
50162,1
50173,1
50177,1
50179,1
50184,1
50188,1
50192,1
50198,1
50204,1
50209,1
50210,1
50216,1
50221,1
50223,1
50226,1
50228,1
50232,1
50238,1
50242,1
50243,1
50247,1
50251,1
50253,1
50254,1
50263,1
50269,1
50270,1
50271,1
50272,1
50273,1
50276,1
50277,1
50285,1
50286,1
50290,1
50292,1
50295,1
50298,1
50301,1
50305,1
50310,1
50311,1
50315,1
50320,1
50326,1
50327,1
50335,1
50337,1
50338,1
50343,1
50353,1
50363,1
50364,1
50365,1
50366,1
50373,1
50375,1
50377,1
50381,1
50384,1
50390,1
50395,1
50397,1
50407,1
50411,1
50415,1
50417,1
50418,1
50422,1
50423,1
50424,1
50428,1
50438,1
50439,1
50449,1
50454,1
50456,1
50460,1
50467,1
50470,1
50489,1
50494,1
50497,1
50498,1
50501,1
50502,1
50503,1
50504,1
50514,1
50517,1
50521,1
50525,1
50531,1
50542,1
50565,1
50575,1
50576,1
50582,1
50585,1
50594,1
50596,1
50597,1
50601,1
50609,1
50610,1
50611,1
50617,1
50630,1
50632,1
50638,1
50639,1
50645,1
50653,1
50654,1
50662,1
50672,1
50676,1
50679,1
50682,1
50683,1
50686,1
50697,1
50701,1
50705,1
50709,1
50710,1
50719,1
50721,1
50731,1
50738,1
50742,1
50750,1
50752,1
50755,1
50762,1
50767,1
50768,1
50769,1
50771,1
50776,1
50784,1
50791,0
50798,1
50800,1
50806,1
50811,1
50815,1
50825,1
50826,1
50831,1
50834,1
50837,1
50842,1
50843,1
50847,1
50848,1
50849,1
50850,1
50851,1
50858,1
50861,1
50870,1
50875,1
50876,1
50880,1
50885,1
50886,1
50894,1
50895,1
50896,1
50900,1
50911,1
50918,1
50928,1
50930,1
50936,1
50938,1
50940,1
50946,0
50947,1
50949,1
50950,1
50953,1
50957,1
50959,1
50961,1
50977,1
50980,1
50983,1
50985,1
50987,1
50988,1
50989,1
50991,1
50998,1
50999,1
51005,1
51011,1
51017,1
51018,1
51020,1
51032,1
51036,1
51038,1
51040,1
51043,1
51050,1
51055,1
51057,1
51062,1
51068,1
51074,1
51078,1
51079,1
51089,1
51091,1
51101,1
51104,1
51109,1
51120,1
51134,1
51142,1
51146,1
51147,1
51150,1
51154,1
51157,1
51158,1
51162,1
51170,1
51172,1
51175,1
51176,1
51178,1
51180,1
51181,1
51189,1
51195,1
51198,1
51207,1
51209,1
51214,1
51218,1
51220,1
51226,1
51229,1
51232,1
51233,1
51235,1
51238,1
51243,1
51246,1
51250,1
51256,1
51258,1
51261,1
51267,1
51271,1
51276,1
51284,1
51285,1
51286,1
51288,1
51296,1
51308,1
51309,1
51324,1
51342,1
51343,1
51346,1
51353,1
51365,1
51369,1
51371,1
51372,1
51373,1
51374,1
51375,1
51376,1
51377,1
51381,1
51382,1
51386,1
51395,1
51403,1
51418,1
51426,1
51428,1
51435,1
51437,1
51438,1
51446,1
51448,1
51451,1
51456,1
51457,1
51460,1
51464,1
51471,1
51474,1
51479,1
51481,1
51485,1
51498,1
51506,1
51508,1
51514,1
51521,1
51525,1
51529,1
51531,1
51535,1
51537,1
51543,1
51545,1
51550,1
51555,1
51574,1
51579,1
51583,1
51589,1
51595,1
51596,1
51614,1
51617,1
51620,1
51622,1
51631,1
51641,1
51646,1
51648,1
51651,1
51668,1
51670,1
51678,1
51680,1
51684,1
51686,1
51688,1
51694,1
51695,1
51696,1
51706,1
51712,1
51722,1
51724,1
51730,1
51735,1
51739,1
51740,1
51744,1
51756,1
51758,1
51762,1
51764,1
51767,1
51770,1
51774,1
51775,1
51782,1
51784,1
51791,1
51800,1
51805,1
51816,1
51818,1
51820,1
51821,1
51825,1
51829,1
51830,1
51849,1
51850,1
51854,1
51860,1
51861,1
51880,1
51883,1
51886,1
51889,1
51894,1
51895,1
51898,1
51905,1
51929,1
51936,0
51940,1
51945,1
51952,1
51954,1
51955,1
51956,1
51967,1
51968,1
51971,1
51983,1
51992,1
51997,1
52015,1
52016,1
52018,1
52023,1
52030,1
52032,1
52033,1
52034,1
52038,1
52046,1
52047,1
52048,1
52054,1
52062,1
52063,1
52069,1
52070,1
52072,1
52075,1
52077,1
52078,1
52079,1
52085,1
52089,1
52095,1
52096,1
52098,1
52103,1
52105,1
52108,1
52121,1
52127,1
52137,1
52139,1
52140,1
52150,1
52152,1
52155,1
52158,1
52160,1
52162,1
52164,1
52165,1
52169,1
52178,1
52187,0
52190,1
52199,1
52214,1
52216,1
52218,1
52225,1
52226,1
52227,1
52231,1
52234,1
52240,1
52247,1
52248,1
52253,1
52254,1
52260,1
52263,0
52266,1
52268,1
52269,1
52275,1
52282,1
52286,1
52290,1
52293,1
52295,1
52300,1
52301,1
52302,1
52303,1
52319,1
52321,1
52322,1
52324,1
52325,1
52335,1
52337,1
52339,1
52349,1
52354,1
52358,1
52379,1
52380,1
52381,1
52390,1
52396,1
52404,1
52411,1
52415,1
52417,1
52428,1
52430,1
52433,1
52434,1
52435,1
52437,1
52440,1
52444,1
52449,1
52450,1
52453,1
52457,1
52460,1
52478,1
52479,1
52492,1
52500,1
52503,1
52506,1
52507,1
52510,1
52515,1
52520,1
52521,1
52525,1
52526,1
52537,1
52547,1
52559,1
52568,1
52571,1
52572,1
52574,1
52581,1
52582,1
52589,1
52594,1
52596,1
52598,1
52601,1
52605,1
52617,1
52620,1
52626,1
52632,1
52633,1
52636,1
52638,1
52641,1
52643,1
52648,1
52652,1
52656,1
52663,1
52668,1
52670,1
52674,1
52676,1
52681,1
52694,1
52696,1
52700,1
52701,1
52710,0
52711,1
52726,1
52738,1
52742,1
52743,1
52745,1
52747,1
52751,1
52754,1
52762,1
52763,1
52769,1
52771,1
52773,1
52782,1
52783,1
52786,1
52790,1
52795,1
52796,1
52802,1
52805,1
52806,1
52808,1
52815,1
52826,1
52828,1
52832,1
52833,1
52837,1
52841,1
52842,1
52844,1
52845,1
52857,1
52860,1
52863,1
52872,1
52874,1
52877,1
52885,1
52889,1
52890,1
52892,1
52897,1
52901,1
52902,1
52910,1
52911,1
52914,1
52916,1
52919,1
52920,1
52926,1
52930,1
52941,1
52947,1
52948,1
52960,1
52961,1
52971,1
52972,1
52973,1
52977,1
52978,1
52985,1
52989,1
52990,1
52991,1
52997,1
52998,1
53000,1
53003,1
53011,1
53026,1
53035,1
53038,1
53047,1
53049,1
53053,1
53055,1
53056,1
53058,1
53065,1
53066,1
53071,1
53075,1
53077,1
53080,1
53081,1
53085,1
53088,1
53094,1
53095,1
53099,1
53100,1
53102,1
53106,1
53108,1
53110,1
53116,1
53119,1
53130,1
53132,1
53135,1
53137,1
53140,1
53142,1
53148,1
53160,1
53164,1
53168,1
53173,1
53182,1
53186,1
53193,1
53196,1
53204,1
53207,1
53210,1
53211,1
53214,1
53220,1
53231,1
53245,1
53260,1
53261,1
53262,1
53263,1
53264,1
53265,1
53268,1
53271,1
53288,1
53289,1
53290,1
53292,1
53297,1
53307,1
53308,1
53317,1
53320,1
53323,1
53334,1
53335,1
53338,1
53341,1
53354,1
53357,1
53358,1
53361,1
53362,1
53364,1
53365,1
53368,1
53369,1
53376,1
53378,1
53380,1
53381,1
53392,1
53394,1
53396,1
53398,1
53406,1
53407,1
53409,1
53410,1
53415,1
53417,1
53418,1
53421,1
53429,1
53430,1
53435,1
53442,1
53446,1
53449,1
53453,1
53455,1
53459,1
53463,1
53464,1
53469,1
53479,1
53482,1
53493,1
53497,1
53500,1
53503,1
53508,1
53512,0
53516,0
53520,1
53526,1
53530,1
53537,1
53543,1
53546,1
53550,1
53553,1
53568,1
53576,1
53581,1
53590,1
53594,1
53600,1
53602,1
53607,1
53610,1
53613,1
53614,1
53617,1
53619,1
53623,1
53624,1
53627,1
53639,1
53640,1
53645,1
53651,1
53652,1
53654,1
53662,1
53665,1
53675,1
53680,1
53686,1
53690,1
53694,1
53704,1
53706,1
53708,1
53710,1
53712,1
53714,1
53727,1
53733,1
53734,1
53735,1
53739,1
53742,1
53743,1
53746,1
53747,1
53748,1
53749,1
53752,1
53755,1
53764,1
53772,1
53775,1
53780,1
53785,1
53791,1
53801,1
53802,1
53806,1
53808,1
53809,1
53811,1
53813,1
53818,1
53819,1
53826,1
53828,1
53838,1
53844,1
53847,1
53849,1
53851,1
53852,1
53860,1
53864,1
53865,1
53869,1
53870,1
53874,1
53876,1
53878,1
53882,1
53883,1
53886,1
53893,1
53906,1
53907,1
53914,1
53915,1
53927,1
53929,1
53932,1
53936,1
53943,1
53946,1
53950,1
53956,1
53971,1
53974,1
53976,1
53980,1
53982,1
53983,1
53986,1
53990,1
53994,1
53997,1
54000,1
54005,1
54006,1
54007,1
54008,1
54011,1
54014,1
54015,1
54021,1
54023,1
54042,1
54047,1
54050,1
54063,1
54068,1
54069,1
54070,1
54073,1
54077,1
54081,1
54089,1
54091,1
54094,1
54095,1
54096,1
54098,1
54103,1
54106,1
54108,1
54110,1
54111,1
54116,1
54137,1
54138,1
54139,1
54140,1
54145,1
54158,1
54159,1
54161,1
54163,1
54168,1
54179,1
54192,1
54194,1
54197,1
54199,1
54205,1
54208,1
54212,1
54215,1
54227,1
54229,1
54231,1
54235,1
54236,1
54239,1
54241,1
54243,1
54251,1
54254,1
54255,1
54257,1
54259,1
54261,1
54263,1
54264,1
54268,1
54280,1
54281,1
54288,1
54289,1
54294,1
54297,0
54305,1
54306,1
54309,1
54312,1
54318,1
54320,1
54321,1
54322,1
54328,1
54333,1
54336,1
54345,1
54346,1
54351,1
54352,1
54353,1
54354,1
54356,1
54362,1
54366,1
54369,1
54374,1
54385,1
54386,1
54391,1
54392,1
54393,1
54394,1
54395,1
54400,1
54410,1
54414,1
54417,1
54421,1
54422,1
54425,1
54427,1
54428,1
54441,1
54448,1
54452,1
54455,1
54458,1
54465,1
54466,1
54467,1
54468,1
54473,1
54484,1
54491,1
54502,1
54508,1
54509,1
54512,1
54514,1
54516,1
54521,1
54524,1
54531,1
54533,1
54534,1
54535,1
54539,1
54540,1
54544,1
54549,1
54558,1
54561,1
54567,1
54574,1
54584,1
54585,1
54586,1
54608,1
54609,1
54610,1
54614,1
54617,1
54618,1
54621,1
54624,1
54629,1
54630,1
54634,1
54635,1
54636,1
54642,1
54644,1
54646,1
54649,1
54650,1
54665,1
54669,1
54670,1
54671,1
54672,1
54673,1
54678,1
54679,1
54688,1
54697,1
54702,1
54704,1
54722,1
54726,1
54731,1
54732,1
54735,1
54739,1
54743,1
54755,1
54758,1
54762,1
54770,1
54777,1
54778,1
54782,1
54788,1
54798,1
54800,1
54804,1
54809,1
54813,1
54814,1
54822,1
54827,1
54839,1
54842,1
54843,1
54853,1
54855,1
54867,1
54868,1
54870,1
54879,1
54882,1
54886,1
54891,1
54897,1
54900,1
54901,1
54907,1
54908,1
54923,1
54926,1
54935,1
54942,1
54948,1
54951,1
54953,1
54956,1
54963,1
54966,1
54967,1
54968,1
54971,1
54974,1
54975,1
54979,1
54981,1
54983,1
54986,1
54991,1
54998,1
54999,1
55001,1
55003,1
55006,1
55010,1
55014,1
55022,1
55038,1
55044,1
55055,1
55059,1
55062,1
55065,1
55067,1
55068,1
55072,1
55079,1
55080,1
55081,1
55085,1
55096,1
55100,1
55107,1
55109,1
55113,1
55114,1
55119,1
55120,1
55123,1
55124,1
55125,1
55132,1
55134,1
55135,1
55137,1
55144,1
55145,1
55147,1
55150,1
55151,1
55157,1
55159,1
55162,1
55165,1
55173,1
55174,1
55175,1
55186,1
55190,1
55203,1
55206,1
55212,1
55213,1
55216,1
55221,1
55222,1
55229,1
55240,1
55243,1
55249,1
55252,1
55264,1
55272,1
55280,1
55281,1
55290,1
55292,1
55294,1
55300,1
55302,1
55304,1
55306,1
55308,1
55310,1
55312,1
55317,1
55321,1
55322,1
55326,1
55330,1
55339,1
55342,1
55343,1
55346,1
55352,1
55361,1
55363,1
55366,1
55367,1
55368,1
55373,1
55375,1
55376,1
55380,1
55390,1
55392,1
55395,1
55396,1
55399,1
55404,1
55408,1
55410,1
55412,1
55415,1
55441,1
55445,1
55447,1
55449,1
55461,1
55462,1
55465,1
55467,1
55468,1
55478,1
55479,1
55484,1
55490,1
55492,1
55496,1
55506,1
55510,1
55513,1
55514,1
55517,1
55520,1
55521,1
55525,1
55530,1
55531,1
55544,1
55546,1
55558,1
55560,1
55562,1
55574,1
55583,1
55585,1
55586,1
55594,1
55597,1
55600,1
55605,1
55606,1
55612,1
55617,1
55623,1
55634,1
55637,1
55638,1
55642,1
55644,1
55645,1
55657,1
55660,1
55662,1
55663,1
55666,1
55669,1
55675,1
55676,1
55679,1
55692,1
55693,1
55697,1
55704,1
55711,1
55713,1
55725,1
55730,1
55740,1
55744,1
55747,1
55748,1
55752,1
55757,1
55760,1
55768,1
55769,1
55782,1
55784,1
55785,1
55787,1
55788,1
55790,1
55791,1
55794,1
55795,1
55797,1
55801,1
55813,1
55815,1
55816,1
55818,1
55829,1
55833,1
55835,1
55841,1
55842,1
55846,1
55847,1
55848,1
55849,1
55854,1
55859,1
55861,1
55863,1
55870,1
55876,1
55880,1
55881,1
55884,1
55897,1
55913,1
55915,1
55931,1
55939,1
55946,1
55950,1
55951,1
55953,1
55955,1
55960,1
55967,1
55971,1
55974,1
55975,1
55976,1
55981,1
55983,1
55988,1
55989,1
55990,1
55993,1
55994,1
55995,1
56001,1
56005,1
56009,1
56012,1
56014,1
56016,1
56017,1
56021,1
56023,1
56028,1
56029,1
56033,1
56034,1
56040,1
56043,1
56047,1
56058,1
56064,1
56071,1
56082,1
56083,1
56091,1
56092,1
56093,1
56102,1
56111,1
56114,1
56117,1
56123,1
56127,1
56129,1
56131,1
56132,1
56139,1
56146,1
56151,1
56154,1
56155,1
56158,1
56162,1
56163,1
56175,1
56177,1
56180,1
56189,1
56192,1
56193,1
56198,1
56205,1
56209,1
56210,1
56213,1
56215,1
56217,1
56219,1
56221,1
56225,1
56226,1
56227,1
56234,1
56237,1
56241,1
56243,1
56244,1
56249,1
56254,1
56255,1
56258,1
56261,1
56263,1
56269,1
56272,1
56281,1
56298,1
56301,1
56306,1
56312,1
56313,1
56322,1
56324,0
56328,1
56329,1
56331,1
56336,1
56343,1
56347,1
56352,1
56357,1
56358,1
56359,1
56363,1
56364,1
56365,1
56366,1
56374,1
56378,1
56384,1
56387,1
56391,1
56394,1
56397,1
56412,1
56413,1
56416,1
56420,1
56421,1
56424,1
56427,1
56432,1
56434,1
56448,1
56449,1
56463,1
56465,1
56466,1
56467,1
56472,1
56481,1
56483,1
56484,1
56486,1
56491,1
56493,1
56494,1
56496,1
56497,1
56499,1
56501,1
56502,1
56503,1
56504,1
56506,1
56509,1
56510,1
56512,1
56516,1
56517,1
56522,1
56524,1
56549,1
56552,1
56568,1
56571,1
56576,1
56585,1
56588,1
56593,1
56594,1
56597,1
56599,1
56605,1
56611,1
56617,1
56618,1
56623,1
56626,1
56627,1
56629,1
56639,1
56644,1
56646,1
56657,1
56662,0
56663,1
56664,1
56666,1
56667,1
56670,1
56673,1
56688,1
56689,1
56691,1
56694,1
56700,1
56703,1
56708,1
56714,1
56727,1
56749,1
56755,1
56756,1
56758,1
56763,1
56764,1
56765,1
56767,1
56770,1
56777,1
56790,1
56793,1
56795,1
56799,1
56806,1
56808,1
56816,1
56819,1
56822,1
56824,1
56825,1
56827,1
56829,1
56830,1
56836,1
56837,1
56847,1
56852,1
56856,1
56880,1
56885,1
56886,1
56888,0
56889,1
56901,1
56908,1
56912,1
56913,1
56914,1
56918,1
56927,1
56929,1
56943,1
56949,1
56954,1
56958,1
56959,1
56968,1
56973,1
56974,1
56977,1
56978,1
56979,1
56987,1
56988,1
56991,1
57002,1
57008,1
57017,1
57019,1
57020,1
57022,1
57025,1
57028,1
57029,1
57030,1
57034,1
57035,1
57037,1
57039,1
57047,1
57054,1
57060,1
57062,1
57066,1
57072,1
57073,1
57079,1
57082,1
57083,1
57085,1
57086,1
57092,1
57093,1
57095,1
57096,1
57097,1
57102,1
57107,1
57112,1
57114,1
57124,1
57125,1
57130,1
57137,1
57141,1
57145,1
57157,1
57165,1
57166,1
57168,1
57169,1
57171,1
57175,1
57179,1
57180,1
57182,1
57188,1
57189,1
57192,1
57199,1
57210,1
57214,1
57224,1
57229,1
57236,1
57239,1
57242,1
57248,1
57252,1
57262,1
57273,1
57293,1
57299,1
57300,1
57308,1
57311,1
57312,1
57314,1
57319,1
57326,1
57328,1
57330,1
57331,1
57340,1
57341,1
57342,1
57356,1
57358,1
57365,1
57367,1
57372,1
57376,1
57377,1
57381,0
57385,1
57387,1
57388,1
57394,1
57396,1
57397,1
57398,1
57402,1
57407,1
57414,1
57421,1
57426,1
57428,1
57429,1
57431,1
57437,1
57438,1
57439,1
57441,1
57447,1
57448,1
57451,1
57452,1
57461,1
57463,1
57469,1
57470,1
57471,1
57472,1
57473,1
57476,1
57480,1
57482,1
57493,1
57505,1
57523,1
57525,1
57529,1
57530,1
57534,1
57540,1
57545,1
57549,1
57550,1
57559,1
57560,1
57567,1
57573,1
57580,1
57590,1
57593,1
57595,1
57602,1
57603,1
57605,1
57609,1
57611,1
57617,1
57630,1
57633,1
57643,1
57654,1
57655,1
57661,1
57662,1
57671,1
57672,1
57677,1
57680,1
57691,1
57694,1
57696,1
57704,1
57707,1
57715,1
57726,1
57728,1
57731,1
57752,1
57756,1
57757,1
57761,1
57765,1
57771,1
57777,1
57786,1
57788,1
57792,1
57798,1
57800,0
57802,1
57809,1
57812,1
57814,1
57821,1
57826,1
57828,1
57831,1
57835,1
57840,1
57845,1
57846,1
57857,1
57868,1
57870,1
57878,1
57879,1
57883,1
57884,1
57885,1
57886,1
57889,1
57903,1
57911,1
57912,1
57913,1
57922,1
57928,1
57932,1
57935,1
57938,1
57940,1
57942,1
57945,1
57953,1
57954,1
57955,1
57961,1
57968,1
57972,1
57976,1
57980,1
57981,1
57982,1
57992,1
57994,1
57998,1
58006,1
58010,1
58014,1
58015,1
58021,1
58024,1
58025,1
58028,1
58036,1
58048,1
58049,1
58050,1
58056,1
58062,1
58064,1
58067,1
58082,1
58083,1
58085,1
58090,1
58093,1
58099,1
58103,1
58104,1
58108,1
58111,1
58112,1
58114,1
58118,1
58122,0
58124,1
58131,1
58133,1
58134,1
58135,1
58139,1
58140,1
58150,1
58152,1
58153,1
58175,1
58177,1
58181,1
58182,1
58187,1
58192,1
58193,1
58201,1
58205,1
58211,1
58214,1
58219,1
58230,1
58233,1
58249,1
58261,1
58265,1
58268,1
58275,1
58278,1
58286,1
58289,1
58290,1
58298,1
58303,1
58304,1
58309,1
58310,1
58321,1
58339,1
58346,1
58347,1
58348,1
58351,1
58353,1
58360,1
58365,1
58367,1
58387,1
58388,1
58392,1
58394,1
58395,1
58396,1
58402,1
58405,1
58407,1
58408,1
58410,1
58413,1
58418,1
58426,1
58427,1
58428,1
58429,1
58432,1
58433,1
58439,1
58442,1
58450,1
58461,1
58463,1
58464,1
58466,1
58469,1
58474,1
58477,1
58478,1
58479,1
58485,1
58487,1
58490,1
58497,1
58501,1
58505,1
58513,1
58514,1
58516,1
58517,1
58523,1
58524,1
58533,1
58534,1
58541,1
58543,1
58544,1
58552,1
58558,1
58563,1
58564,1
58567,1
58573,1
58574,1
58577,1
58578,1
58584,1
58587,1
58589,1
58623,1
58629,1
58631,1
58633,1
58635,1
58640,1
58641,1
58644,1
58647,1
58648,1
58650,1
58661,1
58664,1
58665,1
58669,1
58680,1
58683,1
58685,1
58701,1
58707,1
58715,1
58717,1
58726,1
58727,1
58738,1
58743,1
58746,1
58752,1
58754,1
58757,1
58760,1
58761,1
58763,1
58766,1
58772,1
58777,1
58778,1
58791,1
58797,1
58798,1
58799,1
58811,1
58815,1
58817,1
58822,1
58827,1
58828,1
58845,1
58846,1
58847,1
58848,1
58849,1
58850,1
58851,1
58855,1
58860,1
58862,1
58882,1
58887,1
58892,1
58893,0
58900,1
58903,1
58905,1
58907,1
58911,1
58916,1
58918,1
58927,1
58929,1
58933,1
58936,1
58938,1
58943,1
58944,1
58946,1
58952,1
58953,1
58956,1
58960,1
58961,1
58963,1
58979,1
58981,1
58984,1
58995,1
58996,1
59000,1
59004,1
59006,1
59008,1
59011,1
59013,1
59014,1
59020,1
59024,1
59027,1
59030,1
59032,1
59033,1
59034,1
59037,1
59040,1
59044,1
59046,1
59058,1
59062,1
59063,1
59065,1
59066,0
59067,1
59070,1
59074,1
59077,1
59078,1
59089,1
59093,1
59094,1
59099,1
59100,1
59101,1
59107,1
59114,1
59116,1
59118,1
59120,1
59121,1
59125,1
59136,1
59138,1
59142,1
59154,1
59156,1
59158,1
59162,1
59163,1
59169,1
59177,1
59181,1
59189,1
59190,1
59191,1
59194,1
59199,1
59214,1
59221,1
59222,1
59225,1
59226,1
59233,1
59238,1
59241,1
59242,1
59250,1
59251,1
59256,1
59265,1
59268,1
59269,1
59271,1
59272,1
59278,1
59279,1
59303,1
59304,1
59311,1
59314,1
59320,1
59323,1
59326,1
59336,1
59338,1
59340,1
59343,1
59363,1
59365,1
59367,1
59373,1
59381,1
59384,1
59385,1
59389,1
59394,1
59406,1
59408,1
59414,1
59415,1
59416,1
59422,1
59425,1
59426,1
59434,1
59436,1
59437,1
59445,1
59447,1
59448,1
59458,1
59460,1
59467,1
59468,1
59474,1
59479,1
59480,1
59482,1
59496,1
59501,1
59511,1
59515,1
59522,0
59528,1
59534,1
59545,1
59546,1
59558,1
59562,1
59567,1
59580,1
59584,1
59595,1
59607,1
59616,1
59630,1
59631,1
59637,1
59643,1
59644,1
59647,1
59655,1
59657,1
59672,1
59676,1
59678,1
59679,1
59680,1
59685,1
59690,1
59693,1
59696,1
59702,1
59706,1
59713,1
59728,1
59730,1
59739,1
59741,1
59743,1
59749,1
59752,1
59754,1
59762,1
59764,1
59779,1
59780,1
59784,1
59785,1
59788,1
59807,1
59809,1
59810,1
59811,1
59822,1
59835,1
59837,1
59839,1
59840,1
59843,1
59846,1
59848,1
59850,1
59855,1
59864,1
59868,1
59873,1
59890,1
59891,1
59902,1
59905,1
59908,1
59912,1
59916,1
59922,1
59936,1
59945,1
59947,1
59950,1
59952,1
59965,1
59971,1
59974,1
59978,1
59981,1
59984,1
59986,1
59988,1
60010,1
60011,1
60012,1
60015,1
60016,1
60020,1
60022,1
60026,1
60033,1
60038,1
60039,1
60040,1
60055,1
60058,1
60091,1
60094,1
60100,1
60117,1
60123,1
60124,1
60130,1
60133,1
60137,1
60138,1
60143,1
60164,1
60168,1
60169,1
60170,1
60182,1
60187,1
60190,1
60193,1
60199,1
60208,1
60215,1
60219,1
60220,1
60221,1
60225,1
60227,1
60228,1
60229,1
60234,1
60241,1
60278,1
60287,1
60293,1
60298,1
60302,1
60306,1
60308,1
60311,1
60313,1
60328,1
60334,1
60335,1
60341,1
60347,1
60355,1
60356,1
60366,1
60371,1
60374,1
60382,1
60385,1
60390,1
60391,1
60394,1
60396,1
60413,1
60419,1
60421,1
60429,1
60431,1
60433,1
60440,1
60443,1
60445,1
60448,1
60449,1
60456,1
60473,1
60477,1
60478,1
60484,1
60487,1
60491,1
60496,1
60497,1
60499,1
60501,1
60517,1
60521,1
60526,1
60527,1
60529,1
60545,1
60548,1
60549,1
60553,1
60556,1
60562,1
60566,1
60567,0
60569,1
60581,1
60585,1
60591,1
60594,1
60598,1
60602,1
60619,1
60620,1
60621,1
60622,1
60627,1
60629,1
60634,1
60636,1
60648,1
60650,1
60658,1
60664,1
60668,1
60669,1
60673,1
60676,1
60680,1
60692,1
60693,1
60698,1
60701,1
60703,1
60704,1
60731,1
60734,1
60745,1
60754,1
60755,1
60759,1
60761,1
60763,1
60764,1
60794,1
60799,1
60802,1
60803,1
60810,1
60812,1
60818,1
60821,1
60823,1
60832,1
60833,1
60840,1
60846,1
60847,1
60850,1
60854,1
60856,1
60860,1
60868,1
60869,1
60870,1
60882,1
60883,1
60890,1
60892,1
60894,1
60895,1
60901,1
60911,1
60916,1
60918,1
60921,1
60925,1
60926,1
60930,1
60936,1
60939,1
60941,1
60942,1
60945,1
60951,1
60952,1
60953,1
60957,1
60958,1
60963,1
60967,1
60968,1
60973,1
60976,1
60979,1
60984,1
60990,1
60991,1
60995,1
60998,1
61003,1
61006,1
61007,1
61010,1
61014,1
61024,1
61026,1
61034,1
61041,1
61044,1
61047,1
61054,1
61058,1
61059,1
61060,1
61063,1
61064,1
61065,1
61068,1
61069,1
61075,1
61080,1
61088,1
61093,1
61110,1
61114,1
61115,1
61122,1
61132,1
61137,1
61145,1
61148,1
61154,1
61157,1
61165,1
61168,1
61172,1
61188,1
61189,1
61200,1
61204,1
61209,1
61210,1
61214,1
61215,1
61216,1
61226,1
61227,1
61234,1
61236,1
61249,1
61254,1
61258,1
61276,1
61279,1
61281,1
61290,1
61291,1
61293,1
61295,1
61302,1
61304,1
61308,1
61332,1
61341,1
61347,1
61356,1
61359,1
61368,1
61369,1
61371,1
61378,1
61379,1
61380,1
61385,1
61405,1
61407,1
61409,1
61410,1
61414,1
61420,1
61427,1
61429,1
61430,1
61432,1
61436,1
61437,1
61441,1
61443,1
61446,1
61455,1
61458,1
61463,1
61480,0
61481,1
61486,1
61492,1
61494,1
61499,1
61503,1
61508,1
61513,1
61518,1
61520,1
61522,1
61524,1
61530,1
61534,1
61542,1
61545,1
61548,1
61551,1
61553,1
61558,1
61559,1
61561,1
61565,1
61566,1
61567,1
61570,1
61573,1
61584,1
61587,1
61591,1
61603,1
61607,1
61609,1
61610,1
61612,1
61617,1
61621,1
61628,1
61635,1
61645,1
61647,1
61655,1
61667,1
61670,1
61672,1
61684,1
61685,1
61687,1
61695,1
61715,1
61719,1
61725,1
61738,1
61743,1
61745,1
61747,1
61748,1
61754,1
61755,1
61759,1
61763,1
61766,1
61768,1
61779,1
61787,1
61788,1
61797,1
61798,1
61807,1
61810,1
61813,1
61819,1
61834,1
61836,1
61839,1
61840,1
61842,1
61845,1
61846,1
61848,1
61876,1
61883,1
61897,1
61900,1
61901,1
61903,1
61909,1
61914,1
61923,1
61924,1
61932,1
61939,0
61940,1
61942,1
61943,1
61946,1
61948,1
61949,1
61952,1
61953,1
61960,1
61961,1
61970,1
61979,1
61982,1
61984,1
61986,1
61993,1
61999,1
62000,1
62006,1
62009,1
62010,1
62012,1
62013,1
62016,1
62018,1
62019,1
62020,1
62031,1
62032,1
62042,1
62063,1
62064,1
62072,1
62074,1
62088,1
62095,1
62100,1
62106,1
62108,1
62111,1
62123,1
62129,1
62139,1
62145,1
62146,1
62149,1
62157,1
62159,1
62163,1
62178,1
62185,1
62192,1
62197,1
62205,1
62207,1
62210,1
62217,1
62218,1
62224,1
62225,1
62226,1
62227,1
62234,1
62241,1
62242,1
62252,1
62254,1
62258,0
62260,1
62265,1
62268,1
62270,1
62272,1
62273,1
62278,1
62282,1
62283,1
62286,1
62289,1
62306,1
62307,1
62311,1
62314,1
62316,1
62317,1
62318,1
62328,1
62333,1
62335,1
62340,1
62343,1
62357,1
62358,1
62362,1
62365,1
62386,1
62389,1
62396,1
62406,1
62415,1
62421,1
62432,1
62448,1
62458,1
62464,1
62465,1
62470,1
62485,1
62487,1
62488,1
62501,1
62510,1
62512,1
62518,1
62531,1
62536,1
62539,1
62540,1
62541,1
62548,1
62549,1
62555,1
62557,1
62564,1
62567,1
62596,1
62599,1
62606,1
62610,1
62613,1
62614,1
62621,1
62626,1
62629,1
62631,1
62638,1
62641,1
62645,1
62650,1
62658,1
62662,1
62663,1
62667,1
62672,1
62679,1
62687,1
62689,1
62695,1
62697,1
62714,1
62715,1
62717,1
62726,1
62728,1
62731,1
62733,1
62734,1
62738,1
62741,1
62743,1
62750,1
62754,1
62761,1
62765,1
62770,1
62776,1
62781,1
62786,1
62788,1
62792,1
62802,1
62813,1
62820,1
62821,1
62822,1
62826,1
62843,1
62846,1
62851,1
62852,1
62854,1
62856,1
62866,0
62877,1
62892,1
62903,1
62907,1
62908,1
62913,1
62921,0
62923,1
62925,1
62926,1
62930,1
62932,1
62933,1
62937,1
62940,1
62941,1
62943,1
62951,1
62953,1
62957,1
62963,1
62970,1
62975,1
62983,1
62988,1
62990,1
62995,1
62996,1
62999,1
63003,1
63004,1
63005,1
63011,1
63012,1
63013,1
63014,1
63018,1
63022,1
63023,1
63034,1
63050,1
63062,1
63063,1
63068,1
63069,1
63083,1
63084,1
63085,1
63088,1
63093,1
63098,1
63104,1
63117,1
63139,1
63144,1
63150,1
63153,1
63154,1
63155,1
63164,1
63166,1
63170,1
63172,1
63186,1
63191,1
63196,1
63199,1
63208,1
63209,1
63211,1
63212,1
63217,1
63222,1
63231,1
63236,1
63243,1
63244,1
63252,1
63254,1
63255,1
63260,1
63262,1
63265,1
63267,1
63268,1
63271,1
63280,1
63281,1
63283,1
63297,1
63298,1
63299,1
63303,1
63304,1
63309,1
63310,1
63315,1
63316,1
63318,1
63319,1
63320,1
63321,1
63324,1
63328,1
63352,1
63354,1
63363,1
63366,1
63369,1
63370,1
63373,1
63375,1
63383,1
63385,1
63387,1
63389,1
63394,1
63402,1
63411,0
63418,1
63422,1
63423,1
63424,1
63427,1
63429,1
63430,1
63436,1
63440,1
63441,1
63442,1
63445,1
63454,1
63460,1
63462,1
63463,1
63465,1
63468,1
63471,1
63479,1
63486,1
63489,1
63495,1
63511,1
63513,1
63525,1
63528,1
63533,1
63536,1
63549,1
63552,1
63571,1
63576,1
63584,1
63587,1
63592,1
63600,1
63605,1
63612,1
63633,1
63636,1
63641,1
63649,1
63652,1
63664,1
63665,1
63680,1
63681,1
63685,1
63686,1
63697,1
63699,1
63716,1
63727,1
63729,1
63731,1
63738,1
63760,1
63761,1
63766,1
63771,1
63772,1
63778,1
63781,1
63783,1
63789,1
63804,1
63808,1
63811,1
63816,1
63822,1
63825,1
63835,1
63842,1
63843,1
63846,1
63847,1
63851,1
63854,1
63866,1
63870,1
63872,1
63873,1
63878,1
63883,1
63888,1
63889,1
63893,1
63894,1
63897,1
63900,1
63902,1
63907,1
63908,1
63911,1
63913,1
63917,1
63931,1
63933,1
63934,1
63937,1
63942,1
63956,1
63967,1
63979,1
63980,1
63996,1
63997,1
64002,1
64003,1
64008,0
64011,1
64023,1
64026,1
64034,1
64035,1
64044,1
64052,1
64057,1
64058,1
64059,1
64060,1
64063,1
64068,1
64070,1
64071,1
64073,1
64083,1
64086,1
64089,1
64099,1
64113,1
64115,1
64123,1
64128,1
64129,1
64130,1
64131,1
64132,1
64134,1
64137,1
64139,1
64146,1
64149,1
64151,1
64152,1
64155,1
64156,1
64167,1
64171,1
64176,0
64179,1
64180,1
64183,1
64189,1
64193,1
64203,1
64205,1
64208,1
64212,1
64213,1
64225,1
64227,1
64230,1
64234,1
64241,1
64246,1
64262,1
64265,1
64267,1
64269,1
64275,1
64276,1
64278,1
64279,1
64286,1
64295,1
64297,1
64299,1
64304,1
64308,1
64311,1
64316,1
64320,1
64322,1
64325,1
64337,1
64341,1
64349,1
64351,1
64355,1
64362,1
64367,1
64387,1
64389,1
64392,1
64398,1
64399,1
64404,1
64405,1
64406,1
64407,1
64408,1
64414,1
64415,1
64422,1
64426,1
64427,1
64435,1
64445,1
64446,1
64453,1
64454,1
64456,1
64460,1
64472,1
64473,1
64476,1
64489,1
64509,1
64512,1
64515,1
64522,1
64532,1
64534,1
64538,1
64544,1
64547,1
64548,1
64557,1
64561,1
64567,1
64568,1
64575,1
64593,1
64608,1
64609,1
64614,1
64615,1
64616,1
64622,1
64625,1
64631,1
64637,1
64640,1
64643,1
64645,1
64647,1
64648,1
64657,1
64659,1
64661,1
64669,1
64675,1
64677,1
64680,1
64684,1
64690,1
64706,1
64717,1
64722,1
64724,1
64729,1
64730,1
64743,1
64746,1
64751,1
64754,1
64758,1
64761,1
64764,1
64765,1
64771,1
64773,1
64781,1
64784,1
64785,1
64787,1
64788,1
64798,1
64801,1
64803,1
64804,1
64805,1
64808,1
64812,1
64818,1
64820,1
64828,1
64836,1
64837,1
64838,1
64842,1
64851,1
64867,1
64870,1
64872,1
64875,0
64877,1
64882,1
64884,1
64885,1
64886,1
64888,1
64906,1
64912,1
64919,1
64920,1
64921,1
64933,1
64937,1
64949,1
64952,1
64959,1
64960,1
64961,1
64965,1
64966,1
64975,1
64983,1
64989,1
64992,1
64993,1
64998,1
65007,1
65013,1
65019,1
65031,1
65033,1
65034,1
65035,1
65037,1
65040,1
65042,1
65046,1
65055,1
65061,1
65067,1
65074,1
65080,1
65084,1
65085,1
65086,1
65091,1
65097,1
65098,1
65107,1
65108,1
65117,1
65120,1
65121,1
65134,1
65135,1
65141,1
65143,1
65147,1
65158,1
65159,1
65163,1
65173,1
65175,1
65179,1
65183,1
65188,1
65194,1
65199,1
65200,1
65202,1
65213,1
65223,1
65231,1
65242,1
65249,1
65257,1
65259,1
65266,1
65267,1
65270,1
65271,1
65273,1
65278,1
65279,1
65280,1
65285,1
65287,1
65288,1
65298,1
65301,1
65314,1
65315,1
65322,1
65323,1
65336,1
65338,1
65342,1
65343,1
65346,1
65347,1
65356,1
65369,1
65371,1
65373,1
65375,1
65384,1
65390,1
65393,1
65397,1
65399,1
65413,1
65414,1
65418,1
65421,1
65424,1
65426,1
65429,1
65432,1
65436,1
65441,1
65445,1
65448,1
65454,1
65458,1
65461,1
65468,1
65473,1
65482,1
65485,1
65488,1
65493,1
65503,1
65506,1
65507,1
65509,1
65520,1
65521,1
65524,1
65527,1
65528,1
65532,1
65537,1
65541,1
65543,1
65549,1
65552,1
65556,1
65558,1
65562,1
65567,1
65571,1
65577,1
65578,1
65581,1
65587,1
65589,1
65594,1
65599,1
65601,1
65603,1
65612,1
65615,1
65616,1
65625,1
65630,1
65632,1
65654,1
65657,1
65662,1
65666,1
65668,0
65672,1
65674,1
65675,1
65680,1
65681,1
65692,1
65693,1
65696,1
65700,0
65714,1
65715,1
65719,1
65723,1
65733,1
65734,1
65744,1
65745,1
65749,1
65756,1
65759,1
65765,1
65773,1
65776,1
65778,1
65780,1
65789,1
65800,1
65807,1
65812,1
65817,1
65821,1
65822,1
65830,1
65831,1
65832,1
65837,1
65840,1
65855,1
65860,1
65864,1
65879,1
65888,1
65890,1
65891,1
65893,1
65896,1
65897,1
65901,1
65904,1
65905,1
65913,1
65916,1
65918,1
65922,1
65932,1
65934,1
65935,1
65936,1
65937,1
65941,1
65956,1
65960,1
65962,1
65967,1
65972,1
65975,1
65976,1
65977,1
65979,1
65985,1
65990,1
65999,1
66001,1
66004,1
66013,1
66027,1
66029,1
66032,1
66034,1
66039,1
66042,1
66043,1
66047,1
66048,1
66062,1
66063,1
66069,1
66074,1
66084,1
66086,1
66087,1
66089,1
66094,1
66097,1
66100,1
66108,1
66112,1
66113,1
66114,1
66119,1
66121,1
66131,1
66132,1
66142,1
66147,1
66149,1
66155,1
66158,1
66160,1
66177,1
66187,1
66188,1
66189,1
66191,1
66198,1
66202,1
66207,1
66212,1
66213,1
66221,1
66225,1
66228,1
66234,1
66236,1
66239,1
66241,1
66243,1
66246,1
66250,1
66253,1
66258,1
66264,1
66271,1
66291,1
66296,1
66297,1
66300,1
66304,1
66312,1
66316,1
66319,1
66324,1
66325,1
66326,1
66327,1
66329,1
66337,1
66347,1
66353,1
66359,1
66360,1
66367,1
66371,1
66374,1
66376,1
66379,1
66381,1
66388,1
66395,1
66399,1
66404,1
66406,1
66408,1
66415,1
66417,1
66424,1
66428,1
66433,1
66437,1
66441,1
66442,1
66444,1
66445,1
66450,1
66460,1
66466,1
66472,1
66477,1
66480,1
66481,1
66484,1
66485,1
66488,1
66493,1
66496,1
66498,1
66502,1
66506,1
66512,1
66513,1
66516,1
66520,1
66524,1
66535,1
66538,1
66543,1
66555,1
66557,1
66562,1
66564,1
66565,1
66569,1
66570,1
66573,1
66575,1
66576,1
66577,1
66579,0
66593,1
66601,1
66615,1
66616,1
66621,1
66627,1
66631,1
66644,1
66649,1
66653,1
66667,1
66670,1
66671,1
66672,1
66673,1
66675,1
66682,1
66684,1
66686,1
66689,1
66690,1
66694,1
66696,1
66708,1
66722,1
66724,1
66732,1
66734,1
66739,1
66746,1
66757,1
66775,1
66776,1
66779,1
66788,1
66800,1
66801,1
66806,1
66808,1
66811,1
66813,1
66816,1
66818,1
66823,1
66826,1
66832,1
66833,1
66838,1
66840,1
66846,1
66853,1
66858,1
66902,1
66905,1
66910,1
66918,1
66922,1
66924,1
66926,1
66931,1
66934,1
66942,1
66944,1
66947,1
66948,1
66952,1
66954,1
66962,1
66964,1
66967,1
66975,1
66989,1
66992,1
66996,1
67016,1
67029,1
67030,1
67034,1
67036,1
67046,1
67050,1
67052,1
67062,1
67068,1
67090,1
67107,1
67113,1
67114,1
67122,1
67123,1
67129,1
67134,1
67135,1
67136,1
67137,1
67147,1
67150,1
67154,1
67155,1
67156,1
67163,1
67168,1
67170,1
67172,1
67174,1
67179,1
67184,1
67189,1
67190,1
67192,1
67196,1
67198,1
67200,1
67201,1
67209,1
67210,1
67212,1
67215,1
67218,1
67219,1
67220,1
67225,1
67230,1
67232,1
67238,1
67241,1
67242,1
67251,1
67264,1
67274,1
67279,1
67283,1
67287,1
67291,1
67294,1
67297,1
67301,1
67311,1
67315,1
67316,1
67317,1
67325,1
67329,1
67338,1
67341,1
67343,1
67347,1
67351,1
67352,1
67355,1
67356,1
67360,1
67361,1
67364,1
67368,1
67373,1
67381,1
67386,1
67392,1
67399,1
67401,1
67414,1
67418,1
67419,1
67422,1
67427,1
67428,1
67438,1
67447,1
67453,1
67456,1
67460,1
67462,1
67463,1
67469,1
67478,1
67479,1
67482,1
67485,1
67487,1
67490,1
67502,1
67505,1
67511,1
67512,1
67520,1
67529,1
67530,1
67534,1
67535,1
67539,1
67549,1
67554,1
67560,1
67567,1
67575,1
67576,1
67577,1
67579,1
67580,1
67591,1
67595,1
67598,1
67599,1
67604,1
67606,1
67609,1
67610,1
67615,1
67617,1
67625,1
67626,1
67629,1
67630,1
67635,1
67638,1
67640,1
67641,1
67642,1
67654,1
67660,1
67661,1
67662,1
67664,1
67674,1
67677,1
67682,1
67683,1
67685,1
67686,1
67689,1
67690,1
67694,1
67695,1
67703,1
67705,1
67707,1
67711,1
67715,1
67717,1
67718,1
67724,1
67729,1
67732,1
67737,1
67738,1
67742,1
67745,1
67753,1
67754,1
67755,1
67763,1
67764,1
67776,1
67789,1
67794,1
67812,1
67813,1
67824,1
67826,1
67830,1
67836,1
67837,1
67838,1
67840,1
67847,1
67849,1
67850,1
67851,1
67858,1
67860,1
67870,1
67880,1
67889,1
67890,1
67892,1
67897,1
67898,1
67905,1
67912,1
67918,1
67919,1
67921,1
67927,1
67928,1
67930,1
67941,1
67943,1
67950,1
67953,1
67955,1
67958,1
67963,1
67968,1
67972,1
67984,1
67986,1
67992,1
67995,1
68000,1
68006,1
68015,1
68016,1
68020,1
68022,1
68025,1
68027,1
68028,1
68037,1
68041,1
68054,1
68055,1
68066,1
68093,1
68105,1
68107,1
68117,1
68118,1
68122,1
68130,1
68132,1
68138,1
68139,1
68143,1
68153,1
68163,1
68167,1
68169,1
68171,1
68174,1
68177,1
68178,1
68179,1
68183,1
68191,1
68196,1
68202,1
68203,1
68206,1
68210,1
68211,1
68212,1
68231,1
68237,1
68240,1
68245,1
68246,1
68257,1
68259,1
68261,1
68265,1
68268,1
68271,1
68280,1
68291,1
68302,1
68317,1
68327,1
68330,1
68339,1
68342,1
68348,1
68350,1
68358,1
68359,1
68360,1
68362,1
68363,1
68368,1
68371,1
68372,1
68376,1
68382,1
68393,1
68395,1
68396,0
68398,1
68401,1
68407,1
68419,1
68424,1
68425,1
68428,1
68431,1
68438,1
68441,1
68442,1
68463,1
68467,1
68476,0
68486,1
68489,1
68493,1
68496,1
68497,1
68507,1
68508,1
68516,1
68527,1
68532,1
68534,1
68537,1
68541,1
68552,1
68554,1
68558,1
68562,1
68574,1
68576,1
68579,1
68581,1
68598,1
68599,1
68626,1
68631,1
68640,1
68641,1
68642,1
68649,1
68653,1
68665,1
68668,1
68669,1
68671,1
68672,1
68676,1
68684,1
68688,1
68690,1
68697,1
68702,1
68710,1
68712,1
68729,1
68736,1
68743,1
68746,1
68747,1
68753,1
68757,1
68763,1
68765,1
68766,1
68767,1
68776,1
68780,0
68781,1
68787,1
68788,1
68789,1
68798,1
68800,1
68802,1
68817,1
68818,1
68819,1
68824,1
68825,1
68831,1
68836,1
68859,1
68870,1
68873,1
68875,1
68880,1
68886,1
68889,1
68897,1
68899,1
68901,1
68902,1
68920,1
68921,1
68922,1
68923,1
68926,1
68931,1
68933,1
68937,1
68938,0
68940,1
68942,1
68948,1
68950,1
68956,1
68961,1
68964,1
68968,1
68969,1
68971,1
68976,1
68987,1
68992,1
68994,1
68997,1
69001,1
69022,1
69025,1
69031,1
69045,1
69050,1
69053,1
69054,1
69064,1
69068,1
69071,1
69072,1
69078,1
69082,1
69084,1
69087,1
69088,1
69090,1
69092,1
69095,1
69107,1
69108,1
69109,1
69113,1
69118,1
69124,1
69131,1
69136,1
69141,1
69144,1
69145,1
69150,1
69157,1
69159,1
69172,1
69174,1
69180,1
69187,1
69194,1
69201,1
69203,1
69217,1
69224,1
69225,1
69226,1
69227,1
69230,0
69231,1
69234,1
69235,1
69240,1
69241,1
69243,1
69246,1
69251,1
69252,1
69265,1
69268,1
69270,1
69271,1
69275,1
69276,1
69277,1
69285,1
69287,1
69288,1
69292,1
69298,1
69303,1
69304,1
69305,1
69307,1
69308,1
69310,1
69311,1
69312,1
69317,1
69322,1
69333,1
69336,1
69342,1
69351,1
69353,1
69356,1
69359,1
69364,1
69367,1
69377,1
69380,1
69386,1
69387,1
69388,1
69396,1
69398,1
69405,1
69409,1
69410,1
69418,1
69423,1
69428,1
69429,1
69435,1
69437,1
69438,1
69439,1
69440,1
69447,1
69449,1
69450,1
69452,1
69455,1
69457,1
69458,1
69465,1
69469,1
69470,1
69471,1
69480,1
69483,1
69485,1
69486,1
69487,1
69494,1
69495,1
69496,1
69507,1
69524,1
69527,1
69528,1
69530,1
69532,1
69534,1
69536,1
69543,1
69551,1
69554,1
69558,1
69564,1
69566,1
69567,1
69568,1
69577,1
69579,1
69580,1
69584,1
69590,1
69598,1
69599,1
69601,1
69602,1
69603,1
69607,1
69610,1
69619,1
69620,1
69621,1
69638,1
69639,1
69640,1
69648,1
69649,1
69650,1
69670,1
69671,1
69676,1
69679,1
69680,1
69691,0
69692,1
69693,1
69694,1
69698,1
69701,1
69708,1
69710,1
69715,1
69735,1
69745,1
69746,1
69748,1
69751,1
69753,1
69755,1
69759,1
69760,1
69762,1
69769,1
69770,1
69771,1
69777,1
69778,1
69782,1
69795,1
69796,1
69798,1
69805,1
69808,1
69811,1
69820,1
69822,1
69823,1
69829,1
69832,1
69836,1
69838,1
69839,1
69846,1
69847,1
69848,1
69849,1
69851,1
69857,1
69866,1
69867,1
69874,1
69876,1
69877,1
69886,1
69888,1
69889,1
69896,1
69900,1
69903,1
69904,1
69910,1
69923,1
69928,1
69932,1
69934,1
69935,1
69936,1
69938,1
69943,1
69945,1
69949,1
69952,1
69955,1
69964,1
69966,1
69978,1
69982,1
69983,1
69986,1
69988,1
69991,1
69997,1
70001,1
70004,1
70009,1
70014,1
70017,1
70020,1
70024,1
70029,1
70035,1
70036,1
70040,1
70048,1
70049,1
70055,1
70058,1
70062,1
70063,1
70069,1
70077,1
70079,1
70082,1
70088,1
70090,1
70096,1
70100,1
70102,1
70116,1
70121,1
70139,1
70143,1
70144,1
70148,1
70150,1
70157,1
70162,1
70172,1
70178,1
70179,1
70180,1
70185,1
70186,1
70188,1
70190,1
70191,1
70192,1
70197,1
70199,1
70207,1
70208,1
70212,1
70214,1
70232,1
70237,1
70239,1
70249,1
70253,1
70258,1
70263,1
70266,1
70285,1
70289,1
70292,1
70296,1
70298,1
70301,1
70305,1
70307,1
70310,1
70314,1
70319,1
70332,1
70334,1
70343,1
70349,1
70351,1
70356,1
70365,1
70367,1
70370,1
70372,1
70373,1
70374,1
70378,1
70389,1
70395,1
70401,1
70408,1
70414,1
70415,1
70416,1
70417,1
70418,1
70422,1
70426,1
70433,1
70442,1
70446,1
70455,1
70459,1
70460,1
70461,1
70464,1
70467,1
70475,1
70488,1
70498,0
70501,1
70506,1
70518,1
70520,1
70521,1
70525,1
70531,1
70534,1
70550,1
70551,1
70557,1
70561,1
70562,1
70563,1
70564,1
70566,1
70572,1
70586,1
70589,1
70590,1
70591,1
70593,1
70594,1
70600,1
70602,1
70604,1
70611,1
70623,1
70627,1
70632,1
70637,1
70643,1
70646,1
70648,1
70651,1
70655,1
70676,1
70681,1
70691,1
70694,1
70696,1
70697,1
70711,1
70712,1
70716,1
70719,1
70725,1
70726,1
70730,1
70732,1
70751,1
70757,1
70759,1
70762,1
70765,1
70769,1
70773,1
70787,1
70789,1
70795,1
70802,1
70804,1
70809,1
70812,1
70815,1
70818,1
70819,1
70825,1
70828,1
70832,1
70843,1
70851,1
70857,1
70858,1
70871,1
70873,1
70874,1
70877,1
70878,1
70879,1
70886,1
70888,1
70890,1
70892,1
70894,1
70899,1
70900,1
70906,1
70910,1
70911,1
70917,1
70918,1
70930,1
70935,1
70938,1
70948,1
70952,1
70954,1
70959,1
70961,1
70968,1
70973,1
70975,1
70986,1
70990,1
70992,1
70993,1
70996,1
70998,1
71004,1
71005,1
71006,1
71015,1
71016,1
71018,1
71019,1
71022,1
71023,1
71026,1
71031,1
71053,1
71055,1
71056,1
71068,1
71073,1
71078,1
71081,1
71082,0
71089,1
71099,1
71102,1
71104,1
71116,1
71118,1
71121,1
71123,1
71138,1
71142,1
71149,1
71163,1
71167,1
71171,1
71172,1
71185,1
71195,1
71197,1
71204,1
71205,1
71211,1
71214,1
71218,1
71223,1
71224,1
71226,1
71230,1
71231,1
71233,1
71243,1
71245,1
71246,1
71250,1
71254,1
71260,1
71278,1
71280,1
71289,1
71293,1
71324,1
71329,1
71332,1
71334,1
71335,1
71337,1
71342,1
71344,1
71353,1
71356,1
71359,1
71362,1
71368,1
71375,1
71376,1
71379,1
71387,1
71388,1
71396,1
71401,1
71402,1
71404,1
71408,1
71410,1
71419,1
71423,1
71455,1
71466,1
71469,1
71514,1
71520,1
71529,1
71530,1
71542,1
71543,1
71546,1
71547,1
71549,1
71551,1
71552,1
71566,1
71567,1
71573,1
71576,1
71577,1
71594,1
71602,1
71605,1
71609,1
71619,1
71621,1
71622,1
71627,1
71639,1
71643,1
71649,1
71655,1
71661,1
71666,1
71669,1
71671,1
71682,1
71684,1
71686,1
71687,1
71689,1
71693,0
71700,1
71701,1
71707,1
71708,1
71710,1
71711,1
71713,1
71720,1
71731,1
71735,1
71742,1
71744,1
71755,1
71757,1
71759,1
71760,1
71761,1
71764,1
71767,1
71768,1
71769,1
71771,1
71776,1
71784,1
71786,1
71788,1
71789,1
71790,1
71791,1
71797,1
71799,1
71802,1
71803,1
71804,1
71806,1
71812,1
71814,1
71818,1
71823,1
71829,1
71831,1
71833,1
71841,1
71850,1
71856,1
71858,1
71859,1
71861,1
71864,1
71865,1
71870,1
71875,1
71886,1
71893,1
71897,1
71898,1
71899,1
71902,1
71906,1
71912,1
71932,1
71935,1
71937,1
71941,1
71944,1
71946,1
71947,1
71948,1
71950,1
71957,1
71966,1
71976,1
71982,1
71989,1
71992,1
72006,1
72015,1
72016,1
72021,1
72023,1
72024,1
72026,1
72034,1
72035,1
72036,1
72048,1
72050,1
72054,1
72070,1
72071,1
72074,1
72082,1
72086,1
72092,1
72093,1
72113,1
72117,1
72120,1
72131,1
72133,1
72141,1
72146,1
72155,1
72160,1
72165,1
72172,1
72183,1
72186,1
72187,1
72192,1
72193,1
72196,1
72198,1
72200,1
72206,1
72217,1
72221,1
72223,1
72225,1
72234,1
72237,1
72238,1
72243,1
72247,1
72266,1
72272,1
72275,1
72280,1
72282,1
72289,1
72320,1
72324,1
72326,1
72333,1
72338,1
72341,1
72344,1
72348,1
72350,1
72356,1
72357,1
72360,1
72362,1
72364,1
72367,1
72379,1
72382,1
72387,1
72388,1
72394,1
72399,1
72410,1
72414,1
72421,1
72423,1
72427,1
72437,1
72438,1
72451,1
72453,1
72468,1
72470,1
72473,1
72483,1
72484,1
72486,1
72492,1
72502,1
72503,1
72504,1
72509,1
72511,1
72523,1
72524,1
72525,1
72527,1
72528,1
72532,1
72537,0
72538,1
72539,1
72542,1
72543,1
72546,1
72549,1
72561,1
72572,1
72578,1
72590,1
72594,1
72595,1
72597,1
72605,1
72609,1
72612,1
72614,1
72619,1
72630,1
72639,1
72644,1
72647,1
72661,1
72670,1
72673,1
72676,1
72677,1
72683,1
72686,1
72689,1
72690,1
72691,1
72694,1
72699,1
72700,1
72704,1
72705,1
72709,1
72710,1
72717,1
72722,1
72734,1
72736,1
72737,1
72739,1
72741,1
72743,1
72753,1
72754,1
72757,1
72759,1
72763,1
72772,1
72773,1
72774,1
72777,1
72781,1
72786,1
72787,1
72788,1
72793,1
72796,1
72800,1
72801,1
72802,1
72803,1
72804,1
72810,1
72811,1
72822,1
72823,1
72825,1
72827,1
72828,1
72834,1
72836,1
72845,1
72846,1
72850,1
72871,1
72875,1
72880,1
72881,1
72889,1
72891,1
72894,1
72896,1
72897,1
72902,0
72905,1
72912,1
72924,1
72927,1
72928,1
72932,1
72934,1
72946,1
72962,1
72965,1
72968,1
72978,1
72981,1
72984,1
72990,1
72994,1
73016,1
73025,1
73030,1
73036,1
73040,1
73050,1
73051,1
73053,1
73057,1
73058,1
73059,1
73062,1
73069,1
73071,1
73077,1
73081,1
73087,1
73088,1
73091,1
73095,1
73097,1
73100,1
73104,1
73105,1
73108,1
73109,1
73113,1
73114,1
73120,1
73122,1
73123,1
73125,1
73126,1
73141,1
73146,1
73149,1
73161,1
73166,1
73167,1
73169,1
73174,1
73181,1
73194,1
73198,1
73205,1
73209,1
73235,1
73239,1
73241,1
73243,1
73255,1
73262,1
73263,1
73266,1
73271,1
73273,1
73285,1
73293,1
73296,1
73299,1
73300,1
73301,1
73307,1
73309,1
73316,1
73318,1
73320,1
73321,1
73322,1
73323,1
73324,1
73337,1
73345,1
73347,1
73348,1
73350,1
73356,1
73357,1
73363,1
73366,1
73377,1
73379,1
73387,1
73393,1
73394,1
73397,1
73399,1
73401,1
73415,1
73417,1
73423,1
73428,1
73440,1
73441,1
73443,1
73463,1
73464,1
73466,1
73472,1
73478,1
73483,1
73487,1
73488,1
73493,1
73495,1
73498,1
73499,1
73500,1
73504,1
73516,1
73524,1
73526,1
73528,1
73533,1
73539,1
73540,1
73542,1
73548,1
73551,1
73554,1
73555,1
73561,1
73565,1
73572,1
73583,1
73587,1
73593,1
73597,1
73600,1
73605,1
73614,1
73616,1
73617,1
73619,1
73624,1
73625,1
73626,1
73629,1
73633,1
73635,1
73638,1
73639,1
73640,1
73647,1
73655,1
73667,1
73681,1
73688,1
73689,1
73691,1
73695,1
73697,1
73701,1
73703,1
73708,1
73724,1
73725,1
73726,1
73730,1
73731,1
73736,1
73741,1
73744,1
73753,1
73754,1
73770,1
73774,1
73776,1
73784,1
73787,1
73790,1
73800,1
73803,1
73820,1
73829,1
73833,1
73835,1
73840,1
73843,1
73844,1
73860,1
73861,1
73867,1
73869,1
73871,1
73879,1
73885,1
73891,1
73896,1
73898,1
73901,1
73902,1
73912,1
73920,1
73921,1
73927,1
73931,1
73944,1
73945,1
73951,1
73961,1
73971,1
73975,1
73978,1
73984,1
73990,1
73993,1
73999,1
74003,1
74014,1
74016,1
74021,1
74022,1
74026,1
74029,1
74036,1
74038,1
74040,1
74059,1
74062,1
74064,1
74065,1
74066,1
74068,1
74069,1
74071,1
74076,1
74079,1
74089,1
74097,1
74103,1
74110,1
74116,1
74119,1
74121,1
74123,1
74127,1
74129,1
74130,1
74135,1
74136,1
74137,1
74138,1
74144,1
74145,1
74146,1
74147,1
74148,1
74155,1
74157,1
74158,1
74169,1
74175,1
74176,1
74179,1
74180,1
74187,1
74193,1
74195,1
74197,1
74198,1
74209,1
74211,1
74221,1
74223,1
74229,1
74237,1
74239,1
74244,1
74249,1
74251,1
74253,1
74255,1
74266,1
74268,1
74270,1
74272,1
74277,1
74290,1
74292,1
74293,1
74295,1
74299,1
74302,1
74307,1
74310,1
74312,1
74317,1
74321,1
74324,1
74329,1
74333,1
74334,1
74335,1
74353,1
74354,1
74355,1
74364,1
74365,1
74366,1
74368,1
74369,1
74378,1
74382,1
74383,1
74384,1
74385,1
74388,1
74392,1
74397,1
74399,1
74402,1
74414,1
74425,1
74427,1
74435,1
74439,1
74451,1
74452,1
74462,1
74467,1
74471,1
74479,1
74488,1
74496,1
74505,1
74508,1
74509,1
74515,1
74517,1
74521,1
74526,1
74530,1
74537,1
74539,1
74542,1
74544,1
74549,1
74551,1
74556,1
74558,1
74562,1
74563,1
74566,1
74573,1
74575,1
74578,1
74580,1
74586,1
74587,1
74594,1
74597,1
74608,1
74609,1
74610,1
74618,1
74622,1
74627,1
74628,1
74637,1
74639,1
74640,1
74645,1
74648,1
74652,1
74653,1
74665,1
74667,1
74676,1
74684,1
74686,1
74702,1
74704,1
74708,1
74713,1
74723,0
74730,1
74731,1
74737,1
74743,1
74750,1
74752,1
74754,1
74755,1
74762,1
74763,1
74764,1
74770,1
74776,1
74788,1
74796,1
74802,1
74805,1
74816,1
74824,1
74828,1
74829,1
74844,1
74846,1
74849,1
74873,1
74875,1
74877,1
74881,1
74884,1
74889,1
74897,1
74901,1
74909,1
74910,1
74911,1
74913,1
74920,1
74923,1
74927,1
74939,1
74940,1
74941,1
74943,1
74945,1
74950,1
74954,1
74958,1
74961,1
74965,1
74966,1
74973,1
74978,1
74980,1
74987,1
74993,1
74994,1
74997,1
74998,1
75002,1
75011,1
75012,1
75021,1
75026,1
75028,1
75029,1
75044,1
75049,1
75051,1
75052,1
75060,1
75067,1
75070,1
75094,1
75106,1
75117,1
75118,1
75119,1
75120,1
75121,1
75126,1
75127,1
75133,1
75134,1
75135,1
75144,1
75145,1
75151,1
75153,1
75157,1
75159,1
75163,1
75169,1
75173,1
75175,1
75176,1
75178,1
75186,1
75189,1
75190,1
75191,1
75192,1
75213,1
75214,1
75216,1
75226,1
75230,1
75236,1
75239,1
75241,1
75242,1
75249,1
75253,1
75264,1
75268,1
75270,1
75274,1
75275,1
75278,1
75279,1
75280,1
75281,1
75282,1
75284,1
75288,1
75291,1
75292,1
75315,1
75319,1
75335,1
75336,1
75341,1
75352,1
75355,1
75362,1
75364,1
75386,1
75399,1
75402,1
75407,1
75410,1
75411,1
75421,1
75422,1
75423,1
75428,1
75434,1
75437,1
75442,1
75447,1
75454,1
75463,1
75469,1
75476,1
75477,1
75487,1
75496,1
75503,1
75517,1
75524,1
75527,1
75532,1
75536,1
75540,1
75541,1
75544,1
75546,1
75550,1
75562,1
75563,1
75564,1
75566,1
75583,1
75588,1
75590,1
75591,1
75595,1
75596,1
75609,1
75610,1
75620,1
75621,1
75622,1
75625,1
75627,1
75630,1
75631,1
75633,1
75637,1
75639,1
75643,1
75655,1
75659,1
75661,1
75664,1
75669,1
75671,1
75673,1
75674,1
75676,1
75680,1
75681,1
75682,1
75691,1
75695,1
75701,1
75704,1
75713,1
75716,1
75718,1
75719,1
75726,1
75730,1
75735,1
75739,1
75740,1
75749,1
75750,1
75755,1
75767,1
75770,1
75773,1
75786,1
75789,1
75790,1
75794,1
75796,1
75803,1
75807,1
75808,1
75817,1
75822,1
75823,1
75832,1
75835,1
75837,1
75860,1
75880,1
75883,1
75891,1
75893,1
75897,1
75909,1
75913,1
75916,1
75918,1
75922,1
75926,1
75931,1
75934,1
75936,1
75943,1
75944,1
75946,1
75955,1
75961,1
75963,1
75970,1
75990,1
76004,1
76006,1
76025,1
76028,1
76034,1
76045,1
76050,1
76057,1
76060,1
76061,1
76063,1
76074,1
76075,1
76086,1
76090,1
76091,1
76103,1
76105,1
76112,1
76124,1
76134,1
76135,1
76141,1
76145,1
76151,1
76154,1
76156,1
76157,1
76160,1
76168,1
76172,1
76175,1
76176,1
76178,1
76183,1
76192,1
76203,1
76204,1
76213,1
76218,1
76221,1
76229,1
76232,1
76233,1
76243,1
76248,1
76249,1
76255,1
76262,1
76274,1
76275,1
76276,1
76278,0
76283,1
76284,1
76287,1
76290,1
76294,1
76295,1
76299,1
76300,0
76308,1
76319,1
76322,1
76327,1
76328,1
76330,1
76332,1
76338,1
76344,1
76345,1
76352,1
76355,1
76360,1
76364,1
76365,1
76373,1
76374,1
76376,1
76381,1
76385,1
76386,1
76394,1
76409,1
76410,1
76412,1
76417,1
76423,1
76425,1
76429,1
76438,1
76439,1
76440,1
76441,1
76447,1
76448,1
76449,1
76454,1
76457,1
76460,1
76465,1
76474,1
76476,1
76481,1
76485,1
76496,1
76504,1
76505,1
76506,1
76507,1
76508,1
76510,1
76516,1
76519,1
76522,1
76526,1
76529,1
76530,1
76548,1
76549,1
76550,1
76551,1
76552,1
76559,1
76563,1
76566,1
76575,1
76576,1
76579,1
76582,1
76588,1
76595,1
76596,1
76606,1
76628,1
76632,1
76636,1
76643,1
76646,1
76648,1
76651,1
76658,1
76664,1
76673,1
76678,1
76695,1
76700,1
76702,1
76709,1
76710,1
76712,1
76713,1
76714,1
76719,1
76725,1
76728,1
76730,1
76735,1
76740,1
76744,1
76761,1
76763,1
76767,1
76771,1
76773,1
76777,1
76784,1
76785,1
76788,1
76793,1
76805,1
76812,1
76817,1
76820,1
76829,1
76831,1
76834,1
76839,1
76841,1
76843,1
76844,1
76846,1
76848,1
76849,1
76850,1
76852,1
76855,1
76857,1
76858,1
76868,1
76872,1
76874,1
76881,1
76882,1
76884,1
76886,1
76894,1
76899,1
76903,1
76909,1
76913,1
76923,1
76924,1
76925,1
76940,1
76941,1
76942,1
76953,1
76955,1
76961,1
76964,1
76968,1
76973,1
76975,1
76978,1
76979,1
76981,1
76987,1
76991,1
76998,1
77001,1
77014,1
77016,1
77017,1
77018,1
77033,1
77034,1
77035,1
77055,1
77058,1
77064,1
77065,1
77071,1
77072,1
77074,1
77081,1
77087,1
77100,1
77103,1
77114,1
77117,1
77122,1
77130,1
77138,1
77144,1
77148,1
77149,1
77158,1
77173,1
77176,1
77177,1
77180,1
77181,1
77182,1
77188,1
77192,1
77194,1
77199,1
77201,1
77211,1
77215,1
77216,1
77217,1
77220,1
77221,1
77222,1
77225,1
77232,1
77244,1
77246,1
77249,1
77250,1
77257,1
77258,1
77260,1
77261,1
77263,1
77265,1
77271,1
77272,1
77273,1
77274,1
77282,1
77283,1
77290,1
77291,1
77296,1
77297,1
77307,1
77311,1
77319,1
77324,1
77327,1
77328,1
77345,1
77346,1
77351,1
77352,1
77356,1
77358,1
77377,1
77383,1
77388,1
77389,1
77390,1
77394,1
77404,1
77405,1
77410,1
77412,1
77415,1
77416,1
77418,1
77419,1
77421,1
77423,1
77427,1
77428,1
77429,1
77443,1
77444,1
77460,1
77473,1
77476,1
77485,1
77487,1
77490,1
77498,1
77500,1
77501,1
77509,1
77510,1
77515,1
77517,1
77526,1
77527,1
77529,1
77531,1
77535,1
77539,1
77540,1
77545,1
77551,1
77564,1
77565,1
77568,1
77569,1
77570,1
77573,1
77588,1
77590,1
77599,1
77603,1
77611,1
77612,1
77619,1
77620,1
77623,1
77626,1
77627,1
77632,1
77634,1
77636,1
77637,1
77651,1
77657,1
77662,1
77663,1
77664,1
77666,1
77669,1
77672,1
77681,1
77684,1
77686,1
77687,1
77694,1
77696,1
77705,1
77708,1
77713,1
77716,1
77717,1
77723,1
77724,1
77725,1
77727,1
77756,1
77757,1
77759,1
77765,1
77771,1
77773,1
77776,1
77778,1
77781,1
77788,1
77791,1
77793,1
77802,1
77803,1
77808,1
77809,1
77812,1
77817,1
77822,1
77852,1
77860,1
77864,1
77866,1
77867,1
77873,1
77885,1
77889,1
77895,1
77899,1
77902,1
77911,1
77920,1
77921,1
77922,1
77925,1
77928,1
77930,1
77931,1
77950,1
77953,1
77956,1
77957,1
77962,1
77963,1
77969,1
77973,1
77983,1
77991,1
77992,1
77995,1
77997,1
77999,1
78001,1
78004,1
78005,1
78006,1
78011,1
78012,1
78015,1
78017,1
78022,1
78030,1
78037,1
78040,1
78049,1
78051,1
78055,1
78057,1
78061,1
78062,1
78069,1
78070,1
78073,1
78085,1
78087,1
78089,0
78095,1
78098,1
78099,1
78102,1
78103,1
78106,1
78107,1
78109,1
78115,1
78118,1
78123,1
78125,1
78126,1
78128,1
78129,1
78149,1
78150,1
78157,1
78158,1
78163,1
78164,1
78166,1
78171,1
78172,1
78180,1
78185,1
78188,1
78193,1
78196,1
78203,1
78204,1
78211,1
78217,1
78227,1
78228,1
78230,1
78238,1
78255,1
78261,1
78265,1
78268,1
78273,1
78277,1
78282,1
78283,1
78285,1
78286,1
78288,1
78291,1
78294,1
78296,1
78297,1
78299,1
78307,1
78312,1
78313,1
78316,1
78320,1
78323,1
78326,1
78327,1
78338,1
78339,1
78350,1
78352,1
78353,1
78356,1
78373,1
78383,1
78384,1
78385,1
78390,1
78392,1
78409,1
78412,1
78417,1
78420,1
78425,1
78426,1
78430,1
78435,1
78447,1
78459,1
78464,1
78465,1
78470,1
78471,1
78476,1
78479,1
78480,1
78495,1
78499,1
78514,1
78515,1
78519,1
78526,1
78535,1
78536,1
78549,1
78563,1
78564,1
78565,1
78573,1
78577,1
78578,1
78585,1
78588,1
78593,1
78597,1
78600,1
78607,1
78610,1
78611,1
78620,1
78623,1
78628,1
78629,1
78634,1
78637,1
78641,1
78643,1
78657,1
78662,1
78668,1
78671,1
78678,1
78700,1
78708,1
78712,1
78713,1
78718,1
78721,1
78731,1
78738,1
78740,1
78741,1
78747,1
78756,1
78762,1
78767,1
78776,1
78784,1
78790,1
78791,1
78798,1
78816,1
78829,1
78833,1
78834,1
78838,1
78840,1
78842,1
78844,1
78849,1
78851,1
78855,1
78856,1
78860,1
78867,1
78868,1
78871,1
78878,1
78881,1
78886,1
78887,1
78892,1
78893,1
78898,1
78901,1
78906,1
78913,1
78914,1
78920,1
78924,1
78926,1
78929,1
78931,1
78940,1
78951,1
78959,1
78961,1
78963,1
78965,1
78974,1
78979,1
78994,1
79014,1
79017,1
79018,1
79020,1
79031,0
79033,1
79037,1
79039,1
79040,1
79041,1
79045,1
79046,1
79053,1
79057,1
79065,1
79077,1
79079,1
79082,1
79090,1
79093,1
79095,1
79101,1
79103,1
79105,1
79116,1
79131,1
79134,1
79140,1
79143,1
79152,1
79156,1
79158,1
79160,1
79163,1
79196,1
79197,1
79200,1
79201,1
79219,1
79223,1
79225,0
79228,1
79242,1
79250,1
79252,1
79261,1
79262,1
79266,1
79268,1
79276,1
79279,1
79282,1
79283,1
79285,1
79290,1
79291,1
79298,1
79300,1
79307,1
79311,1
79312,1
79318,1
79320,1
79332,1
79340,1
79341,1
79342,1
79350,1
79355,1
79361,1
79365,1
79366,1
79381,1
79384,1
79386,1
79387,1
79393,1
79396,1
79400,1
79402,1
79406,1
79418,1
79419,1
79423,1
79432,1
79436,1
79442,1
79443,1
79451,1
79455,1
79456,1
79457,1
79458,1
79463,1
79464,1
79469,1
79470,1
79472,1
79481,1
79489,1
79492,0
79500,1
79502,1
79503,1
79512,1
79519,1
79523,1
79543,1
79547,1
79548,1
79549,1
79552,1
79553,1
79557,1
79560,1
79562,1
79565,1
79566,1
79571,1
79575,1
79577,1
79581,1
79583,1
79595,1
79596,1
79599,1
79604,1
79609,1
79611,1
79620,1
79622,1
79624,1
79631,1
79635,1
79637,1
79639,1
79641,1
79642,1
79653,1
79654,1
79657,1
79663,1
79665,1
79666,1
79668,1
79669,1
79670,1
79671,1
79676,1
79685,1
79688,1
79689,1
79693,1
79696,1
79704,1
79707,1
79724,1
79729,1
79730,1
79731,1
79733,1
79739,1
79741,1
79744,1
79753,1
79754,1
79755,1
79756,1
79758,1
79760,1
79765,1
79769,1
79775,1
79777,1
79779,1
79780,1
79783,1
79788,1
79789,1
79790,1
79792,1
79794,1
79796,1
79798,1
79804,1
79814,1
79819,1
79836,1
79839,1
79841,1
79846,1
79856,1
79864,1
79868,1
79872,1
79873,1
79875,1
79887,1
79896,1
79898,1
79899,1
79906,1
79910,1
79915,1
79916,1
79917,1
79930,1
79936,1
79937,1
79940,1
79945,1
79955,1
79956,1
79958,1
79960,1
79961,1
79965,1
79966,1
79974,1
79988,1
79990,1
79991,1
79997,1
80008,1
80010,1
80017,1
80022,1
80024,1
80026,1
80027,1
80035,1
80039,0
80047,1
80056,1
80062,1
80065,1
80071,1
80073,1
80075,1
80077,1
80078,1
80088,1
80089,1
80091,1
80094,1
80102,1
80117,1
80118,1
80122,1
80129,1
80130,1
80140,1
80149,1
80151,1
80152,1
80153,1
80155,1
80158,1
80159,1
80161,1
80164,1
80168,1
80172,1
80174,1
80175,1
80180,1
80181,1
80182,1
80184,1
80186,1
80189,1
80192,1
80197,1
80199,1
80200,1
80203,1
80208,1
80217,1
80220,1
80225,1
80226,1
80231,1
80233,1
80235,1
80236,1
80241,1
80251,1
80257,1
80262,1
80271,1
80280,1
80285,1
80291,1
80293,1
80299,1
80301,1
80305,1
80309,1
80311,1
80326,1
80328,1
80337,1
80342,1
80345,1
80346,1
80348,1
80351,1
80357,1
80359,1
80363,1
80365,1
80368,1
80371,1
80373,1
80381,1
80385,1
80386,1
80389,1
80394,1
80404,1
80406,1
80415,1
80416,1
80429,1
80434,1
80441,1
80449,1
80450,1
80453,1
80457,1
80467,1
80469,1
80471,1
80479,1
80482,1
80493,1
80495,1
80498,1
80501,1
80503,1
80504,1
80507,1
80509,1
80511,1
80516,1
80517,1
80521,1
80525,1
80531,1
80535,1
80536,1
80541,1
80542,1
80543,1
80549,1
80551,1
80556,1
80568,1
80570,1
80577,1
80578,1
80582,1
80585,1
80591,1
80592,1
80593,1
80594,1
80607,1
80616,1
80619,1
80624,1
80629,1
80634,1
80643,1
80646,1
80647,1
80651,1
80652,1
80654,1
80669,1
80675,1
80688,1
80701,1
80704,1
80711,1
80717,1
80732,1
80739,1
80746,1
80751,1
80753,1
80762,1
80768,1
80772,1
80773,1
80775,1
80786,1
80791,1
80798,1
80801,1
80804,1
80805,1
80812,1
80818,1
80820,1
80831,1
80836,1
80837,1
80839,1
80844,1
80846,1
80847,1
80855,1
80864,1
80868,1
80870,1
80875,1
80877,1
80881,1
80889,1
80896,1
80899,1
80901,1
80904,1
80905,1
80907,1
80909,1
80910,1
80911,1
80912,1
80916,1
80921,1
80924,1
80925,1
80928,1
80929,1
80935,1
80938,1
80944,1
80945,1
80946,1
80947,1
80949,1
80954,1
80956,1
80958,1
80959,1
80961,1
80962,1
80971,1
80977,0
80980,1
80982,1
80983,1
80992,1
80993,1
81001,1
81004,1
81006,1
81011,1
81016,1
81020,1
81028,1
81036,1
81037,1
81038,1
81043,1
81044,1
81065,1
81067,1
81072,1
81076,1
81086,1
81090,1
81095,1
81107,1
81112,1
81114,1
81118,1
81121,1
81125,1
81129,1
81136,1
81139,1
81149,1
81150,1
81154,1
81159,1
81161,1
81162,1
81163,1
81168,1
81172,1
81175,1
81178,1
81181,1
81194,1
81197,1
81200,1
81209,1
81210,1
81212,1
81216,1
81218,1
81219,1
81222,1
81224,1
81227,1
81233,1
81235,1
81252,1
81255,1
81261,1
81263,1
81267,1
81278,1
81287,1
81289,1
81295,1
81297,1
81298,1
81300,1
81302,1
81311,1
81318,1
81323,1
81329,1
81330,1
81333,1
81341,1
81345,1
81346,1
81349,1
81361,1
81363,1
81369,1
81372,1
81374,1
81377,1
81381,1
81395,1
81401,1
81416,1
81418,1
81419,1
81423,1
81425,1
81431,1
81433,1
81434,1
81435,1
81437,1
81438,1
81444,1
81445,1
81451,1
81463,1
81472,1
81477,1
81478,1
81481,1
81484,1
81485,1
81487,1
81499,1
81502,1
81505,1
81508,1
81511,1
81518,1
81520,1
81531,1
81535,1
81537,1
81539,1
81540,1
81549,1
81554,1
81559,1
81560,1
81561,1
81564,1
81569,1
81572,1
81577,1
81585,1
81587,1
81596,1
81598,1
81607,1
81610,1
81612,1
81631,1
81636,1
81637,1
81643,1
81646,1
81647,1
81655,1
81658,1
81660,1
81663,1
81665,1
81674,1
81677,1
81680,1
81681,1
81692,1
81697,1
81710,1
81711,1
81716,1
81717,1
81721,1
81722,1
81730,1
81734,1
81739,1
81742,1
81752,1
81764,1
81765,1
81776,1
81777,1
81779,1
81781,1
81783,1
81785,1
81789,1
81794,1
81800,1
81811,1
81815,1
81817,1
81822,1
81829,1
81836,1
81841,1
81842,1
81848,1
81849,1
81859,1
81863,1
81864,1
81865,1
81867,1
81872,1
81874,1
81875,1
81880,1
81883,1
81884,1
81885,1
81898,1
81902,1
81907,1
81911,1
81912,1
81914,1
81918,1
81919,1
81921,1
81923,1
81927,1
81928,1
81929,1
81937,1
81939,1
81945,1
81955,1
81959,1
81960,1
81967,1
81968,1
81971,1
81973,1
81975,1
81979,1
81983,1
82005,1
82006,1
82009,1
82011,1
82021,1
82026,1
82030,1
82033,1
82041,1
82044,1
82048,1
82053,1
82056,1
82069,1
82073,1
82078,1
82080,1
82083,1
82100,1
82101,1
82107,1
82113,1
82120,1
82125,1
82132,1
82136,1
82137,1
82143,1
82151,1
82152,1
82155,1
82159,1
82165,1
82172,1
82173,1
82200,1
82201,1
82213,1
82214,1
82219,1
82229,1
82234,1
82236,1
82241,1
82245,1
82248,1
82260,1
82262,1
82263,1
82267,1
82273,1
82277,1
82285,1
82287,1
82289,1
82309,1
82315,1
82316,1
82324,1
82326,1
82330,1
82332,1
82333,1
82334,1
82338,1
82341,1
82346,1
82349,1
82371,1
82372,1
82374,1
82391,1
82398,1
82402,1
82405,1
82409,1
82417,1
82418,1
82420,1
82424,1
82431,1
82432,1
82453,1
82460,1
82461,1
82467,1
82468,1
82475,1
82476,1
82486,1
82489,0
82496,1
82498,1
82502,1
82505,1
82506,1
82509,1
82514,1
82517,1
82519,1
82521,1
82525,1
82530,1
82533,1
82534,1
82535,1
82539,1
82543,1
82546,1
82558,1
82562,1
82564,1
82566,1
82567,1
82578,1
82583,1
82592,1
82594,1
82597,1
82602,1
82603,1
82604,1
82606,1
82610,1
82618,1
82620,0
82630,1
82632,1
82635,1
82636,1
82638,1
82641,1
82646,1
82647,1
82651,1
82652,1
82664,1
82667,1
82669,1
82673,1
82674,1
82675,1
82679,1
82681,1
82683,1
82684,1
82695,1
82698,1
82699,1
82701,1
82702,1
82711,1
82716,1
82717,1
82720,1
82727,1
82728,1
82738,1
82741,1
82747,1
82761,1
82767,1
82788,1
82789,1
82792,1
82802,1
82805,1
82808,1
82819,1
82823,1
82824,1
82838,1
82849,1
82851,1
82855,1
82861,1
82863,1
82868,1
82882,1
82883,1
82886,1
82888,1
82892,1
82900,1
82905,1
82915,1
82921,1
82922,1
82925,1
82929,1
82932,1
82936,1
82944,1
82945,1
82946,1
82957,1
82964,1
82965,1
82969,1
82974,1
82976,1
82979,1
82987,1
82989,1
82990,1
82994,1
82997,1
83007,1
83009,1
83018,1
83023,1
83027,1
83050,1
83052,1
83055,1
83057,1
83064,1
83065,1
83076,1
83081,1
83082,1
83083,1
83086,1
83087,1
83090,1
83094,1
83107,1
83115,1
83121,1
83128,1
83133,1
83136,1
83139,1
83141,1
83144,1
83161,1
83162,1
83163,1
83165,1
83167,1
83171,1
83186,1
83193,1
83198,1
83210,1
83211,1
83212,1
83217,1
83220,1
83224,1
83229,1
83251,1
83253,1
83255,1
83257,1
83269,1
83271,1
83281,1
83285,1
83297,1
83312,1
83314,1
83316,1
83321,1
83327,1
83331,1
83342,1
83343,1
83354,1
83356,1
83358,1
83361,1
83366,1
83368,1
83369,1
83371,1
83373,1
83374,1
83375,1
83384,1
83395,1
83399,1
83401,1
83407,1
83410,1
83413,1
83418,1
83422,1
83431,1
83432,1
83433,1
83438,1
83440,1
83449,1
83464,1
83465,1
83472,1
83474,1
83476,1
83477,1
83479,1
83481,1
83489,1
83494,1
83498,1
83500,1
83515,1
83538,1
83550,1
83552,1
83555,1
83557,1
83558,1
83570,1
83571,1
83572,1
83582,1
83584,1
83597,1
83599,1
83608,1
83615,1
83616,1
83617,1
83619,1
83622,1
83624,1
83628,1
83631,1
83639,1
83640,1
83655,1
83656,1
83658,1
83659,1
83661,1
83672,1
83674,1
83681,1
83685,1
83694,1
83711,1
83714,1
83716,1
83729,1
83731,1
83733,1
83736,1
83738,1
83745,1
83747,1
83748,1
83749,1
83758,1
83760,1
83782,1
83793,1
83794,1
83795,1
83800,1
83802,1
83806,1
83810,1
83829,1
83832,1
83837,1
83838,1
83842,1
83845,1
83847,1
83850,1
83851,1
83869,1
83871,1
83891,1
83893,1
83896,1
83899,1
83911,1
83920,1
83922,1
83927,1
83928,1
83936,1
83941,1
83943,1
83957,1
83965,1
83966,1
83967,1
83982,1
83983,1
83987,1
83996,1
83998,1
84002,1
84005,1
84008,1
84012,1
84020,1
84022,1
84035,1
84036,1
84039,1
84046,1
84050,1
84051,1
84052,1
84070,1
84080,1
84086,1
84091,1
84092,1
84096,1
84104,1
84116,1
84117,1
84120,1
84122,1
84125,1
84127,1
84128,1
84129,1
84134,1
84138,1
84152,1
84156,1
84162,1
84168,1
84169,1
84172,1
84173,1
84175,1
84176,1
84177,1
84179,1
84191,1
84195,1
84201,1
84203,1
84204,1
84217,1
84230,1
84233,1
84235,1
84239,1
84244,1
84246,1
84247,1
84254,1
84261,1
84265,1
84269,1
84270,1
84275,1
84276,1
84277,1
84281,1
84292,1
84293,1
84294,1
84295,1
84297,1
84308,1
84319,1
84330,1
84338,1
84350,1
84352,1
84354,1
84355,1
84363,1
84367,1
84368,1
84370,1
84372,1
84373,1
84374,1
84377,1
84378,1
84381,1
84383,1
84385,1
84386,1
84388,1
84390,1
84391,1
84392,1
84398,1
84402,1
84413,1
84418,1
84431,1
84437,1
84443,1
84447,1
84451,1
84455,1
84460,1
84462,1
84477,1
84478,1
84481,1
84493,1
84495,1
84497,1
84511,1
84513,1
84518,1
84519,1
84522,1
84523,1
84525,1
84527,1
84533,1
84534,1
84537,1
84546,1
84550,1
84562,1
84564,1
84566,1
84569,1
84571,1
84575,1
84576,1
84579,1
84592,1
84595,1
84597,1
84603,1
84611,1
84615,1
84619,1
84630,1
84633,1
84635,0
84640,1
84642,1
84644,1
84647,1
84657,1
84662,1
84664,1
84671,1
84680,1
84684,1
84692,1
84698,1
84701,1
84702,1
84704,1
84706,1
84710,1
84712,1
84713,1
84723,1
84725,1
84729,1
84734,1
84739,1
84742,1
84751,1
84760,1
84765,1
84769,1
84779,1
84781,1
84782,1
84784,1
84786,1
84789,1
84804,1
84807,1
84811,1
84819,1
84822,1
84838,1
84841,1
84843,1
84850,1
84857,1
84858,1
84865,1
84880,1
84898,1
84920,1
84922,1
84925,1
84930,1
84933,1
84940,1
84941,1
84944,1
84945,1
84955,1
84956,1
84958,1
84959,1
84963,1
84964,1
84966,1
84967,1
84968,1
84973,1
84989,1
84991,1
84996,1
84998,1
85005,1
85008,1
85011,1
85012,1
85015,1
85019,1
85033,1
85054,1
85055,1
85065,1
85072,1
85076,1
85078,1
85093,1
85094,1
85100,1
85104,1
85109,1
85113,1
85116,1
85125,1
85130,1
85137,1
85141,1
85144,1
85145,1
85147,1
85150,1
85153,1
85162,1
85165,1
85176,1
85180,1
85182,1
85192,1
85195,1
85197,1
85202,1
85208,1
85209,1
85210,1
85211,0
85214,1
85222,1
85227,1
85231,1
85235,1
85242,1
85255,1
85258,1
85259,1
85261,1
85267,1
85269,1
85275,1
85283,1
85286,1
85287,1
85289,1
85290,1
85293,1
85295,1
85297,1
85307,1
85310,1
85315,1
85317,1
85322,1
85329,1
85336,1
85337,1
85342,1
85352,1
85353,1
85356,1
85358,1
85361,1
85363,1
85366,1
85368,1
85369,1
85372,1
85375,1
85384,1
85385,1
85388,1
85393,1
85397,1
85401,1
85405,1
85409,1
85410,1
85411,1
85412,1
85413,1
85415,1
85416,1
85418,1
85436,1
85445,1
85447,1
85449,1
85454,1
85461,1
85474,1
85478,1
85482,1
85485,1
85486,1
85487,1
85490,1
85499,1
85504,1
85521,1
85524,1
85525,1
85529,1
85533,1
85535,1
85546,1
85548,1
85549,1
85557,1
85558,1
85570,1
85573,1
85575,1
85587,1
85590,1
85594,1
85599,1
85600,1
85601,1
85603,1
85608,1
85613,1
85619,1
85627,1
85628,1
85630,1
85633,1
85667,1
85670,1
85677,1
85681,1
85684,1
85686,1
85688,1
85690,1
85693,1
85696,1
85706,1
85707,1
85713,1
85714,1
85718,1
85720,1
85727,1
85728,1
85729,1
85731,1
85732,1
85733,1
85739,1
85744,1
85746,1
85752,1
85762,1
85768,1
85773,1
85774,1
85775,1
85776,1
85785,1
85798,1
85802,1
85809,1
85814,1
85817,0
85820,1
85830,1
85835,1
85836,1
85840,1
85848,1
85849,1
85852,1
85855,1
85856,1
85857,1
85860,1
85861,1
85864,1
85868,1
85881,1
85892,1
85893,1
85904,1
85911,1
85913,1
85919,1
85923,1
85937,1
85944,1
85948,1
85955,1
85964,1
85968,1
85970,1
85975,1
85982,1
85995,1
85996,1
85999,1
86003,1
86004,1
86006,1
86008,1
86015,1
86023,1
86024,1
86028,1
86035,1
86041,1
86048,1
86050,1
86059,1
86067,1
86069,1
86073,1
86074,1
86077,1
86078,1
86079,1
86087,1
86089,1
86097,1
86102,1
86104,1
86105,1
86109,1
86114,1
86118,1
86119,1
86120,1
86123,1
86132,1
86139,1
86141,1
86143,1
86144,1
86150,1
86161,1
86171,1
86175,1
86176,1
86188,1
86191,1
86197,1
86204,1
86207,1
86210,1
86211,1
86224,1
86225,1
86231,1
86235,1
86246,1
86249,1
86252,1
86257,1
86267,1
86279,1
86282,1
86283,1
86285,1
86290,1
86292,1
86299,1
86303,1
86307,1
86317,1
86322,1
86330,1
86332,1
86334,1
86335,1
86337,1
86338,1
86339,1
86340,1
86363,1
86364,1
86367,1
86371,1
86376,1
86382,1
86385,1
86398,1
86411,1
86418,1
86420,1
86421,1
86422,1
86425,1
86426,1
86428,1
86431,1
86436,1
86437,1
86443,1
86450,1
86452,1
86455,1
86461,1
86463,1
86469,1
86470,1
86473,1
86477,1
86480,1
86485,1
86486,1
86488,1
86492,0
86493,1
86505,1
86508,1
86512,1
86514,1
86517,1
86522,1
86525,1
86526,1
86530,1
86537,1
86540,1
86542,1
86548,1
86549,1
86557,1
86564,1
86566,1
86577,1
86579,1
86581,1
86596,1
86597,1
86600,1
86601,1
86605,1
86611,1
86616,1
86620,1
86622,1
86623,1
86633,1
86640,1
86642,1
86655,1
86660,1
86661,1
86668,1
86669,1
86680,1
86682,1
86684,1
86697,1
86698,1
86702,1
86711,1
86715,1
86717,1
86719,1
86721,1
86729,1
86732,1
86733,1
86737,1
86739,1
86759,1
86764,1
86765,1
86768,1
86770,1
86775,1
86776,1
86792,1
86801,1
86802,0
86805,1
86808,1
86811,1
86814,1
86815,1
86818,1
86820,1
86823,1
86825,1
86827,1
86839,1
86840,1
86842,1
86846,1
86849,1
86863,1
86866,1
86867,1
86871,1
86877,1
86879,1
86880,1
86883,1
86889,1
86891,1
86893,1
86894,1
86895,1
86902,1
86913,1
86916,1
86919,1
86923,1
86924,1
86926,1
86928,1
86931,1
86935,1
86938,1
86960,1
86973,1
86978,1
86987,1
86991,1
87018,1
87024,1
87032,1
87042,1
87043,1
87045,1
87052,1
87058,1
87060,1
87062,1
87073,1
87081,1
87088,1
87089,1
87092,1
87093,1
87096,1
87098,1
87099,1
87102,1
87104,1
87105,1
87120,1
87127,1
87135,1
87136,1
87138,1
87144,1
87151,1
87152,1
87159,1
87175,0
87176,1
87191,1
87194,1
87195,1
87205,1
87220,1
87222,1
87224,1
87230,1
87239,1
87241,1
87243,1
87249,1
87251,1
87258,1
87265,1
87272,1
87278,1
87279,1
87283,1
87284,1
87285,1
87289,1
87306,1
87308,1
87313,1
87316,1
87317,1
87318,1
87323,1
87338,1
87342,1
87344,1
87350,1
87357,1
87358,1
87360,1
87363,1
87372,1
87373,1
87384,1
87386,1
87391,1
87399,1
87413,1
87418,1
87419,1
87427,1
87431,1
87436,1
87438,1
87439,1
87441,1
87442,1
87445,1
87446,1
87447,1
87448,1
87453,1
87455,1
87458,1
87459,1
87461,1
87464,1
87466,1
87467,1
87470,1
87484,1
87485,1
87489,1
87492,1
87499,1
87503,1
87506,1
87507,1
87510,1
87514,1
87519,1
87521,1
87524,1
87535,1
87548,1
87552,1
87555,1
87556,1
87564,1
87569,1
87573,1
87574,1
87577,1
87586,1
87603,1
87616,1
87626,1
87628,1
87634,1
87640,1
87645,1
87654,1
87655,1
87658,1
87659,1
87671,1
87679,1
87681,1
87688,1
87691,1
87694,1
87696,1
87703,1
87707,1
87708,1
87711,1
87718,1
87719,1
87721,1
87726,1
87730,1
87731,1
87733,1
87737,1
87740,1
87748,1
87749,1
87752,1
87756,1
87760,1
87762,1
87774,1
87776,1
87777,1
87780,1
87785,1
87791,1
87794,1
87797,1
87800,1
87810,1
87812,1
87821,1
87827,1
87838,1
87843,1
87845,1
87852,1
87853,1
87855,1
87868,1
87877,1
87879,1
87883,1
87897,1
87904,1
87913,1
87914,1
87915,1
87917,1
87920,1
87934,1
87957,1
87963,1
87965,1
87972,1
87984,1
87989,1
88015,1
88025,1
88028,1
88030,1
88032,1
88041,1
88050,1
88054,1
88060,1
88061,1
88068,1
88072,1
88076,1
88089,1
88100,1
88103,1
88106,1
88111,1
88113,1
88117,1
88119,1
88120,1
88126,1
88128,1
88131,1
88132,1
88133,1
88134,1
88136,1
88139,1
88147,1
88152,1
88153,1
88160,1
88166,1
88171,1
88173,1
88178,1
88181,1
88183,1
88187,1
88192,1
88208,1
88209,1
88210,1
88221,1
88222,1
88224,1
88225,1
88231,1
88232,1
88238,1
88243,1
88246,1
88248,1
88252,1
88255,1
88258,1
88276,1
88282,1
88288,1
88289,1
88297,1
88298,1
88299,1
88300,1
88304,1
88310,1
88335,1
88336,1
88345,1
88346,1
88349,1
88352,1
88357,1
88359,1
88369,1
88372,1
88377,1
88382,1
88385,1
88387,1
88401,1
88409,1
88410,1
88413,1
88419,1
88420,1
88425,1
88432,1
88436,1
88453,1
88456,1
88461,1
88462,1
88470,1
88473,1
88481,1
88482,1
88487,1
88503,1
88507,1
88509,1
88516,1
88517,1
88518,1
88520,1
88523,1
88526,1
88534,1
88548,1
88554,1
88555,1
88556,1
88560,1
88561,1
88565,1
88577,1
88585,1
88589,1
88597,1
88598,1
88601,1
88606,1
88612,1
88613,1
88618,1
88619,1
88622,1
88623,1
88625,1
88627,1
88628,1
88629,1
88635,1
88638,1
88639,1
88646,1
88649,1
88651,1
88653,1
88663,1
88665,1
88666,1
88668,1
88669,1
88670,1
88677,1
88678,1
88687,1
88691,1
88701,1
88715,1
88716,1
88731,1
88738,1
88758,1
88769,1
88771,1
88774,1
88775,1
88776,1
88779,1
88780,1
88782,1
88785,1
88788,1
88789,1
88791,1
88800,1
88803,1
88811,1
88812,1
88814,1
88816,1
88831,1
88835,1
88839,1
88842,1
88855,1
88862,1
88863,1
88892,1
88893,1
88906,1
88907,1
88926,1
88927,1
88934,1
88946,1
88950,1
88953,1
88954,1
88955,1
88957,1
88960,1
88965,1
88969,1
88970,1
88971,1
88979,1
88984,1
88987,1
88988,1
88995,1
89007,1
89010,1
89014,1
89017,1
89023,1
89026,1
89031,1
89034,1
89037,1
89046,1
89047,1
89049,1
89056,1
89061,1
89069,1
89077,1
89087,1
89092,1
89094,1
89097,1
89108,1
89111,1
89116,1
89122,1
89125,1
89126,1
89131,1
89132,1
89133,1
89136,1
89139,1
89142,1
89161,1
89165,1
89170,1
89184,1
89186,1
89190,1
89195,1
89197,1
89199,1
89204,1
89206,1
89208,1
89210,1
89213,1
89215,1
89217,1
89218,1
89220,1
89222,1
89224,1
89243,1
89244,1
89246,1
89253,1
89254,1
89255,1
89262,1
89264,1
89270,1
89272,1
89278,1
89286,1
89294,1
89308,1
89328,1
89339,1
89348,1
89363,1
89369,1
89373,1
89377,1
89384,1
89387,1
89388,1
89391,1
89393,1
89396,1
89399,1
89404,1
89406,1
89410,1
89411,1
89417,1
89425,1
89428,1
89433,1
89437,1
89441,1
89445,1
89447,1
89448,1
89462,1
89463,1
89468,1
89474,1
89476,1
89477,1
89481,1
89487,1
89491,1
89501,1
89504,1
89506,1
89511,1
89519,1
89530,1
89534,1
89542,1
89544,1
89545,1
89547,1
89558,1
89566,1
89569,1
89574,1
89589,1
89595,1
89597,1
89606,1
89610,1
89617,1
89624,1
89625,1
89632,1
89638,1
89640,1
89643,1
89646,1
89647,1
89648,1
89650,1
89652,1
89666,1
89670,1
89675,1
89676,1
89679,1
89685,1
89693,1
89701,1
89710,1
89711,1
89713,1
89716,1
89720,1
89721,1
89723,1
89734,1
89746,1
89751,1
89752,1
89758,1
89776,1
89777,1
89779,1
89814,1
89818,1
89819,1
89821,1
89824,1
89825,1
89829,1
89832,1
89835,1
89844,1
89854,1
89855,1
89862,1
89871,1
89874,1
89880,1
89889,1
89890,1
89893,1
89910,1
89916,1
89920,1
89923,1
89927,1
89932,1
89936,1
89940,1
89952,1
89956,1
89960,1
89962,1
89964,1
89980,1
89989,1
89993,1
90002,1
90003,1
90004,1
90006,1
90016,1
90022,1
90026,1
90031,1
90034,1
90036,1
90039,1
90052,1
90072,1
90074,1
90077,1
90083,1
90084,1
90090,1
90097,1
90099,1
90100,1
90104,1
90107,1
90109,1
90112,1
90113,1
90118,1
90119,1
90120,1
90126,1
90127,1
90128,1
90129,1
90130,1
90133,1
90159,1
90160,1
90164,1
90172,1
90180,1
90182,1
90185,1
90189,1
90190,1
90191,1
90192,1
90195,1
90200,1
90202,1
90207,1
90211,1
90213,1
90217,1
90220,1
90221,1
90223,1
90233,1
90234,1
90244,1
90249,1
90254,1
90255,1
90262,1
90263,1
90272,1
90278,1
90282,1
90286,1
90287,1
90290,1
90297,1
90299,1
90303,1
90308,1
90311,1
90314,1
90317,1
90318,1
90319,1
90325,1
90326,1
90336,1
90338,1
90342,1
90344,1
90358,1
90362,1
90367,1
90370,1
90376,1
90378,1
90382,1
90383,1
90384,1
90390,1
90392,1
90394,1
90395,1
90396,1
90407,1
90411,1
90412,1
90413,1
90419,1
90422,1
90424,1
90426,1
90427,1
90432,1
90442,1
90444,1
90450,1
90465,1
90467,1
90472,1
90473,1
90475,1
90477,1
90479,1
90481,1
90486,1
90488,1
90495,1
90498,1
90503,1
90505,1
90509,1
90510,1
90511,1
90512,1
90513,1
90515,1
90524,1
90526,1
90529,1
90535,1
90546,1
90558,1
90560,1
90563,1
90573,1
90576,1
90577,1
90580,1
90582,1
90583,1
90584,1
90586,1
90590,1
90597,1
90598,1
90599,1
90600,1
90602,1
90604,1
90605,1
90612,1
90613,1
90618,1
90620,1
90624,1
90626,1
90627,1
90632,1
90634,1
90635,1
90636,1
90642,1
90645,1
90646,1
90648,1
90660,0
90661,1
90663,1
90666,1
90670,1
90678,1
90681,1
90687,1
90689,1
90690,1
90692,1
90695,1
90700,1
90701,1
90702,1
90710,1
90712,1
90715,1
90716,1
90719,1
90721,1
90723,1
90727,1
90729,1
90734,1
90740,1
90743,1
90744,1
90745,1
90748,1
90757,1
90780,1
90784,1
90789,1
90796,1
90810,1
90815,1
90820,1
90836,1
90839,1
90840,1
90847,1
90863,1
90875,1
90876,1
90883,1
90888,1
90894,1
90902,1
90917,1
90918,1
90923,1
90927,1
90928,1
90931,1
90932,1
90936,1
90939,1
90941,1
90944,1
90945,1
90946,1
90955,1
90957,1
90958,1
90961,1
90964,1
90965,1
90970,1
90971,1
90972,1
90976,1
90978,1
90990,1
90993,1
90995,1
91007,1
91010,1
91017,1
91024,1
91027,1
91035,1
91037,1
91054,1
91064,1
91068,1
91072,1
91073,1
91088,1
91090,1
91095,1
91100,1
91101,1
91108,1
91113,1
91116,1
91122,1
91124,1
91127,1
91129,1
91133,1
91136,1
91137,1
91141,1
91144,1
91145,1
91158,1
91160,1
91166,1
91180,1
91183,1
91188,1
91190,1
91198,1
91201,1
91204,1
91209,1
91212,1
91220,1
91221,1
91228,1
91234,1
91236,1
91242,1
91259,1
91260,1
91273,1
91275,1
91280,1
91282,1
91284,1
91285,1
91287,1
91298,1
91300,1
91302,1
91315,1
91317,1
91321,1
91323,1
91324,1
91333,1
91343,1
91345,1
91356,1
91358,1
91360,1
91361,1
91364,1
91371,1
91372,1
91373,1
91375,1
91377,1
91379,1
91392,1
91394,1
91397,1
91398,1
91401,1
91408,1
91416,1
91420,1
91436,1
91445,1
91450,1
91462,1
91463,1
91466,1
91472,1
91480,1
91482,1
91496,1
91499,1
91500,1
91501,1
91506,1
91508,1
91521,1
91533,1
91534,1
91538,1
91539,1
91544,1
91545,1
91563,1
91569,1
91578,1
91582,1
91584,1
91587,1
91593,1
91600,1
91602,1
91606,1
91614,1
91619,1
91628,1
91642,1
91647,1
91665,1
91674,1
91688,1
91690,1
91696,1
91698,1
91701,1
91707,1
91708,1
91716,1
91717,1
91718,1
91719,1
91726,1
91734,1
91740,1
91743,1
91754,1
91767,1
91772,1
91777,1
91783,1
91792,1
91795,1
91797,1
91801,1
91807,1
91808,1
91817,1
91820,1
91829,1
91830,1
91832,1
91843,1
91847,1
91851,1
91862,1
91869,1
91889,1
91890,1
91892,1
91894,1
91899,1
91905,1
91907,1
91908,1
91912,1
91914,1
91915,1
91925,1
91928,1
91934,1
91939,1
91940,1
91943,1
91945,1
91953,1
91959,1
91960,1
91961,1
91962,1
91964,1
91966,1
91972,1
91973,1
91976,1
91977,1
91979,1
91988,1
91991,1
91999,1
92000,1
92001,1
92007,1
92010,1
92013,1
92023,1
92026,1
92029,1
92040,1
92045,1
92046,1
92055,1
92063,1
92067,1
92069,1
92074,1
92079,1
92081,1
92083,1
92084,1
92086,1
92097,1
92104,1
92105,1
92106,1
92118,1
92121,1
92127,1
92142,1
92155,1
92156,1
92159,1
92164,1
92175,1
92176,1
92192,1
92199,1
92201,1
92210,1
92212,1
92214,1
92217,1
92228,1
92231,1
92234,1
92235,1
92242,1
92253,1
92256,1
92262,1
92269,1
92272,1
92274,1
92276,1
92280,1
92282,1
92287,1
92291,1
92304,1
92308,1
92309,1
92312,1
92315,1
92329,1
92333,1
92338,1
92346,1
92351,0
92353,1
92361,1
92372,1
92373,1
92377,1
92378,1
92383,1
92393,1
92405,1
92413,1
92417,1
92420,1
92431,1
92432,1
92434,1
92437,1
92455,1
92463,1
92464,1
92479,1
92481,1
92482,1
92484,1
92490,1
92498,1
92505,1
92510,1
92517,1
92519,1
92520,1
92523,1
92524,1
92528,1
92529,1
92533,1
92539,1
92543,1
92544,1
92552,1
92562,1
92566,1
92568,1
92571,1
92579,1
92582,1
92583,1
92590,1
92594,1
92604,1
92607,1
92619,1
92624,1
92638,1
92641,1
92642,1
92645,1
92656,1
92657,1
92665,1
92667,1
92671,1
92673,1
92676,1
92678,1
92679,1
92685,1
92690,1
92692,1
92694,1
92695,1
92712,1
92719,1
92726,1
92727,1
92739,1
92743,1
92746,1
92748,1
92750,1
92751,1
92753,1
92762,1
92765,1
92774,1
92775,1
92779,1
92782,1
92789,1
92791,1
92795,1
92804,1
92807,1
92810,1
92818,1
92819,1
92821,1
92828,1
92836,1
92845,1
92855,1
92867,1
92875,1
92876,1
92883,1
92884,1
92886,1
92887,1
92889,1
92893,1
92909,1
92910,1
92913,1
92915,1
92923,1
92934,1
92940,1
92944,1
92947,1
92953,1
92973,1
92974,1
92978,1
92983,1
92984,1
92990,1
93006,1
93010,1
93011,1
93013,1
93014,1
93015,1
93022,1
93028,1
93030,1
93034,1
93036,1
93039,1
93041,1
93045,1
93047,1
93053,1
93062,1
93068,1
93072,1
93077,1
93078,1
93079,1
93089,1
93092,1
93099,1
93103,1
93105,1
93106,1
93110,1
93115,1
93116,1
93124,1
93125,1
93161,1
93179,1
93180,1
93182,1
93184,1
93199,1
93211,1
93213,1
93215,1
93217,1
93227,1
93229,1
93230,1
93239,1
93241,1
93242,1
93249,1
93250,1
93252,1
93257,1
93263,1
93273,1
93275,1
93276,1
93281,1
93283,1
93284,1
93285,1
93288,1
93291,1
93294,1
93297,1
93302,1
93317,1
93321,1
93327,1
93332,1
93335,1
93348,1
93362,1
93364,1
93374,1
93375,1
93376,1
93377,1
93378,1
93379,1
93385,1
93386,1
93390,1
93391,1
93392,1
93396,1
93399,1
93401,1
93404,1
93405,1
93415,1
93421,1
93422,1
93423,1
93424,1
93425,1
93426,1
93427,1
93428,1
93431,1
93436,1
93439,1
93441,1
93451,1
93456,1
93457,1
93465,1
93468,1
93473,1
93477,1
93479,1
93480,1
93481,1
93482,1
93490,1
93493,1
93494,1
93498,1
93501,1
93502,1
93517,1
93521,1
93523,1
93528,1
93532,1
93534,1
93539,1
93541,1
93546,1
93557,1
93559,1
93561,1
93567,1
93571,1
93576,1
93578,1
93581,1
93582,1
93583,1
93584,1
93586,1
93588,1
93593,1
93595,1
93596,1
93600,1
93611,1
93613,1
93615,1
93616,1
93617,1
93630,1
93634,1
93635,1
93636,1
93638,1
93646,1
93648,1
93649,1
93650,1
93651,1
93655,1
93656,1
93662,1
93667,1
93683,1
93698,1
93720,1
93733,1
93735,1
93736,1
93737,1
93753,1
93754,1
93760,1
93764,1
93769,1
93775,1
93777,1
93779,1
93780,1
93782,1
93784,1
93789,1
93790,1
93796,1
93799,1
93807,1
93809,1
93810,1
93821,1
93831,1
93834,1
93838,1
93841,1
93847,1
93848,1
93850,1
93852,1
93859,1
93864,1
93873,1
93891,1
93899,1
93900,1
93901,1
93903,1
93907,1
93910,1
93917,1
93920,1
93921,1
93926,1
93933,1
93941,1
93945,1
93952,1
93956,1
93960,1
93962,1
93971,1
93976,1
93981,1
93984,1
93988,1
93990,1
93991,1
93994,1
94008,1
94020,1
94022,1
94023,1
94026,1
94032,1
94033,1
94036,1
94042,1
94047,1
94056,1
94057,1
94067,1
94070,1
94071,1
94073,1
94076,1
94078,1
94080,1
94081,1
94088,1
94094,1
94102,1
94104,1
94109,1
94111,1
94113,1
94117,1
94123,1
94132,1
94133,1
94138,1
94142,1
94147,1
94155,1
94157,1
94158,1
94160,1
94163,1
94164,1
94166,1
94167,1
94180,1
94190,1
94194,1
94201,1
94202,1
94208,1
94211,1
94213,1
94227,1
94230,1
94245,1
94246,1
94250,1
94253,1
94265,1
94266,1
94273,1
94274,0
94277,1
94282,1
94284,1
94287,1
94293,1
94296,1
94304,1
94306,1
94308,1
94312,1
94315,1
94316,1
94318,1
94331,1
94337,1
94345,1
94358,1
94360,1
94367,1
94374,1
94385,1
94387,1
94388,1
94391,1
94394,1
94395,1
94399,1
94403,1
94405,1
94414,1
94420,1
94422,1
94423,1
94426,1
94427,1
94430,1
94433,1
94438,1
94439,1
94448,1
94451,1
94456,1
94464,1
94465,1
94470,1
94472,1
94475,1
94482,1
94486,1
94487,1
94490,1
94493,1
94494,1
94501,1
94506,1
94507,1
94513,1
94524,1
94526,1
94538,1
94540,1
94544,1
94549,1
94550,1
94556,1
94563,1
94567,1
94570,1
94577,1
94623,1
94624,1
94625,1
94629,1
94636,1
94646,1
94651,1
94656,1
94664,1
94667,1
94671,1
94674,1
94708,1
94711,1
94712,1
94717,1
94724,1
94725,1
94726,1
94731,1
94736,1
94743,1
94749,1
94757,1
94758,1
94764,1
94769,1
94776,1
94778,1
94781,1
94793,1
94798,1
94805,1
94809,1
94815,1
94823,1
94825,1
94831,1
94834,1
94835,1
94847,1
94856,1
94857,1
94862,1
94865,1
94866,1
94868,1
94872,1
94881,1
94882,1
94890,1
94893,1
94902,1
94907,1
94916,1
94917,1
94920,1
94921,1
94924,1
94929,1
94932,1
94933,1
94936,1
94941,1
94954,1
94955,1
94960,1
94961,1
94963,1
94965,1
94969,1
94973,1
94974,1
94988,1
94989,1
94990,1
94991,1
94995,1
94998,1
95001,1
95005,1
95007,1
95009,1
95011,1
95015,1
95026,1
95029,1
95033,1
95037,1
95038,1
95055,1
95057,1
95062,1
95064,1
95065,1
95067,1
95069,1
95077,1
95080,1
95081,0
95084,1
95089,1
95090,1
95094,1
95096,1
95098,1
95113,1
95119,1
95128,1
95131,1
95132,1
95137,1
95144,1
95147,1
95148,1
95154,1
95156,1
95157,1
95158,1
95178,1
95180,1
95185,1
95186,1
95192,1
95196,1
95199,1
95200,1
95202,1
95205,1
95210,1
95216,1
95219,1
95223,1
95239,1
95246,1
95248,1
95253,1
95260,1
95262,1
95268,1
95276,1
95280,1
95283,1
95289,1
95298,1
95310,1
95313,1
95320,1
95321,1
95330,1
95335,1
95338,1
95339,1
95346,1
95349,1
95350,1
95352,1
95360,1
95363,1
95365,1
95371,1
95372,1
95374,1
95380,1
95383,1
95386,1
95387,1
95391,1
95392,1
95397,1
95400,1
95411,1
95415,1
95418,1
95424,1
95425,1
95428,1
95438,1
95450,1
95456,1
95458,1
95459,1
95461,1
95463,1
95472,1
95477,1
95480,1
95489,1
95490,1
95492,1
95495,1
95497,1
95501,1
95507,1
95518,1
95519,1
95522,1
95534,1
95538,1
95545,1
95548,1
95549,1
95560,1
95584,1
95591,1
95593,1
95594,1
95602,1
95604,1
95606,1
95611,1
95612,1
95615,1
95620,1
95621,1
95625,1
95639,1
95643,1
95644,1
95648,1
95652,1
95663,1
95665,1
95672,1
95678,1
95679,1
95682,1
95686,1
95688,1
95713,1
95716,1
95718,1
95721,1
95728,1
95730,1
95739,1
95745,1
95747,1
95769,1
95778,1
95780,1
95782,1
95785,1
95789,1
95794,1
95795,1
95805,1
95807,1
95808,1
95814,1
95815,1
95826,1
95827,1
95833,1
95835,1
95855,1
95867,1
95871,1
95879,1
95886,1
95888,1
95893,1
95895,1
95899,1
95900,1
95910,1
95923,1
95931,1
95940,1
95941,1
95952,1
95954,1
95960,1
95972,1
95977,1
95978,1
95985,1
96004,1
96007,1
96011,1
96026,1
96031,1
96037,1
96045,1
96048,1
96060,1
96063,1
96072,1
96088,1
96089,1
96099,1
96100,1
96107,1
96110,1
96111,1
96112,1
96126,1
96128,1
96129,1
96137,1
96139,1
96140,1
96144,1
96146,1
96150,1
96151,1
96152,1
96153,1
96159,1
96163,1
96167,1
96175,1
96176,1
96196,1
96197,1
96199,1
96201,1
96206,1
96207,1
96208,1
96210,1
96217,1
96218,1
96220,1
96221,1
96222,1
96224,1
96225,1
96229,1
96231,1
96235,1
96237,1
96238,1
96244,1
96246,1
96248,1
96251,1
96254,1
96263,1
96266,1
96281,1
96282,1
96285,1
96286,1
96291,1
96293,1
96308,1
96310,1
96313,1
96314,1
96315,1
96318,1
96320,0
96322,1
96328,1
96334,1
96343,1
96345,1
96354,1
96355,1
96358,1
96361,1
96363,1
96367,1
96369,1
96371,1
96376,1
96383,1
96384,1
96385,1
96388,1
96394,1
96395,1
96396,1
96399,1
96408,1
96411,1
96416,1
96420,1
96425,1
96427,1
96429,1
96432,1
96433,1
96435,1
96441,1
96452,1
96456,1
96458,1
96459,1
96460,1
96461,1
96466,1
96467,1
96468,1
96475,1
96476,1
96479,1
96480,1
96487,1
96489,1
96494,1
96495,1
96496,1
96522,1
96532,1
96535,1
96540,1
96545,1
96570,1
96571,1
96577,1
96578,1
96588,1
96589,1
96597,1
96599,1
96610,1
96615,1
96616,1
96621,1
96623,1
96626,1
96629,1
96631,1
96634,1
96639,1
96640,1
96641,1
96642,1
96646,1
96650,1
96654,1
96656,1
96658,1
96664,1
96671,1
96673,1
96674,1
96675,1
96677,1
96681,1
96682,1
96685,1
96688,1
96691,1
96692,1
96693,1
96694,1
96700,1
96708,1
96715,1
96721,1
96727,0
96741,1
96742,1
96745,1
96757,1
96763,1
96768,1
96774,1
96777,1
96782,1
96783,1
96791,1
96795,1
96800,1
96802,1
96808,1
96809,1
96812,1
96814,1
96817,1
96824,1
96825,1
96834,1
96837,1
96846,1
96848,1
96850,1
96864,1
96866,1
96873,1
96874,1
96877,1
96878,1
96881,1
96884,1
96885,1
96889,1
96892,1
96901,1
96905,1
96910,1
96914,1
96916,1
96922,1
96923,1
96925,1
96929,1
96934,1
96942,1
96954,1
96956,1
96965,1
96967,1
96973,1
96974,1
96979,1
96983,1
96992,1
96998,1
96999,1
97000,1
97001,1
97005,1
97008,1
97012,1
97013,1
97016,1
97020,1
97026,1
97044,1
97046,1
97048,1
97052,1
97057,1
97074,1
97080,1
97082,1
97087,1
97088,1
97100,1
97109,1
97110,1
97114,1
97119,1
97127,1
97129,1
97133,1
97140,1
97147,1
97149,1
97152,1
97156,1
97157,1
97170,1
97173,1
97185,1
97186,1
97188,1
97194,1
97197,1
97198,1
97217,1
97222,1
97226,1
97228,1
97246,1
97249,1
97253,1
97258,1
97259,1
97262,1
97263,1
97266,1
97267,1
97269,1
97271,1
97275,1
97280,1
97283,1
97285,1
97289,1
97300,1
97308,1
97322,1
97323,1
97332,1
97334,1
97338,1
97340,1
97341,1
97342,1
97345,1
97349,1
97352,1
97357,1
97358,1
97360,1
97361,1
97370,1
97375,1
97378,1
97379,1
97381,1
97382,1
97390,1
97391,1
97393,1
97394,1
97412,1
97417,1
97419,1
97420,1
97422,1
97424,1
97427,1
97439,1
97440,1
97443,1
97449,1
97454,1
97461,1
97462,1
97468,1
97469,1
97471,1
97479,1
97491,1
97493,1
97496,1
97497,1
97498,1
97499,1
97503,1
97511,1
97516,1
97517,1
97519,1
97527,1
97540,1
97542,1
97544,1
97547,1
97549,1
97552,1
97557,1
97560,1
97566,1
97573,1
97574,1
97578,1
97593,1
97594,1
97611,1
97625,1
97628,1
97629,1
97630,1
97640,1
97642,1
97648,1
97665,1
97672,1
97675,1
97681,1
97683,1
97688,1
97689,1
97691,1
97692,1
97693,1
97699,1
97703,1
97706,1
97711,1
97712,1
97715,0
97721,1
97724,1
97725,1
97735,1
97738,1
97740,1
97743,1
97748,1
97757,1
97765,1
97766,1
97768,1
97770,1
97771,1
97779,1
97780,1
97793,1
97800,1
97825,1
97827,1
97831,1
97833,1
97835,1
97843,1
97845,1
97846,1
97854,1
97860,0
97872,1
97873,1
97875,1
97881,1
97882,1
97891,1
97893,1
97894,1
97902,1
97903,1
97904,1
97908,1
97910,1
97911,1
97917,1
97918,1
97921,1
97923,1
97926,1
97927,1
97929,1
97931,1
97939,1
97950,1
97958,1
97959,1
97968,1
97976,1
97979,1
97980,1
97986,1
97997,1
97998,1
98000,1
98010,1
98021,1
98024,1
98049,1
98051,1
98057,1
98062,1
98063,1
98075,1
98081,1
98085,1
98104,1
98109,1
98116,1
98117,1
98134,1
98139,1
98142,1
98153,1
98156,1
98157,1
98159,1
98163,1
98171,1
98191,1
98192,1
98207,1
98209,1
98216,1
98221,1
98230,1
98235,1
98236,1
98238,1
98242,1
98246,1
98254,1
98265,1
98266,1
98271,1
98272,1
98273,1
98283,1
98285,1
98287,1
98294,1
98303,1
98306,1
98311,1
98329,1
98331,1
98333,1
98336,1
98339,1
98341,1
98342,1
98344,1
98346,1
98352,1
98354,1
98359,1
98374,1
98375,1
98376,1
98378,1
98385,1
98389,1
98391,1
98392,1
98396,1
98397,1
98409,1
98411,1
98414,1
98426,1
98430,1
98435,1
98438,1
98439,1
98456,1
98461,1
98463,1
98464,1
98468,1
98470,1
98473,1
98482,1
98483,1
98486,1
98496,1
98497,1
98507,1
98511,0
98517,1
98525,1
98530,1
98535,1
98548,1
98549,1
98560,1
98562,1
98569,1
98572,0
98583,1
98584,1
98587,1
98588,1
98592,1
98594,1
98597,1
98613,1
98615,1
98616,1
98629,1
98631,1
98633,1
98638,1
98640,1
98644,1
98645,1
98652,1
98654,1
98656,1
98669,1
98671,1
98675,1
98679,1
98688,1
98692,1
98694,1
98695,1
98698,1
98701,1
98706,1
98707,1
98710,1
98712,1
98720,1
98723,1
98724,1
98726,1
98729,1
98730,1
98734,1
98736,1
98737,1
98738,1
98746,1
98749,1
98784,1
98793,1
98799,1
98804,1
98805,1
98807,1
98820,1
98821,1
98822,1
98823,1
98829,1
98831,1
98835,1
98836,1
98840,1
98846,1
98851,1
98854,1
98856,1
98857,1
98861,1
98866,1
98869,1
98876,1
98885,1
98891,1
98892,1
98898,1
98900,1
98902,1
98903,1
98904,1
98908,1
98918,1
98922,1
98927,1
98934,1
98941,1
98950,1
98952,1
98962,1
98963,1
98964,1
98973,1
98976,1
98979,1
98989,1
98993,1
98997,1
99000,1
99002,1
99008,1
99016,1
99020,1
99021,1
99024,1
99025,1
99026,1
99030,1
99031,1
99041,1
99042,1
99044,1
99046,1
99049,1
99056,1
99067,1
99070,1
99071,1
99074,1
99080,1
99084,1
99088,1
99094,1
99095,1
99104,1
99105,1
99107,1
99110,1
99112,1
99116,1
99129,1
99132,1
99134,1
99137,1
99139,1
99144,1
99145,1
99156,1
99160,1
99164,1
99171,1
99172,1
99179,1
99180,1
99184,1
99185,1
99190,1
99198,1
99200,1
99201,1
99203,1
99215,1
99225,1
99228,1
99230,1
99234,1
99235,1
99238,1
99239,1
99255,1
99257,1
99258,1
99267,1
99279,1
99293,1
99295,1
99303,1
99307,1
99308,1
99322,1
99325,1
99330,1
99331,1
99334,1
99339,1
99346,1
99352,1
99361,1
99363,1
99367,1
99368,1
99374,1
99375,1
99378,1
99388,1
99392,1
99396,1
99407,1
99409,1
99414,1
99415,1
99422,1
99429,1
99434,1
99436,1
99437,1
99441,1
99442,1
99447,1
99454,1
99472,1
99483,1
99485,1
99486,1
99487,1
99491,1
99499,1
99503,1
99506,1
99507,1
99516,1
99518,1
99519,1
99524,1
99540,1
99542,1
99544,1
99549,1
99550,1
99553,1
99555,1
99558,1
99559,1
99574,1
99592,1
99594,1
99596,1
99603,1
99610,1
99615,1
99621,1
99626,1
99632,1
99633,1
99635,1
99640,1
99646,1
99648,1
99651,1
99653,1
99657,1
99662,1
99663,1
99664,1
99666,1
99667,1
99676,1
99690,1
99691,1
99693,1
99702,1
99703,1
99711,1
99717,1
99747,1
99749,1
99751,1
99753,1
99755,1
99760,1
99761,1
99764,1
99775,1
99779,1
99784,1
99788,1
99790,1
99793,1
99801,1
99808,1
99810,1
99818,1
99821,1
99840,1
99841,1
99849,1
99851,1
99854,1
99855,1
99857,1
99859,1
99862,1
99865,1
99879,1
99881,1
99890,1
99898,1
99906,1
99907,1
99913,1
99914,1
99917,1
99919,1
99931,1
99934,1
99945,1
99954,1
99957,1
99960,1
99962,1
99963,1
99964,1
99967,1
99968,1
99977,1
99978,1
99980,1
99984,1
99988,1
99990,1
100000,1
100003,1
100021,1
100024,1
100027,1
100029,1
100033,1
100039,1
100048,1
100050,1
100059,1
100068,1
100071,1
100079,1
100080,1
100083,1
100087,1
100088,1
100090,1
100097,1
100104,1
100105,1
100106,1
100109,1
100112,1
100113,1
100133,1
100135,1
100140,1
100152,1
100154,1
100158,1
100169,1
100172,1
100174,1
100178,1
100184,1
100186,1
100187,1
100189,1
100190,1
100191,1
100195,1
100198,1
100199,1
100204,1
100206,1
100211,1
100221,1
100226,1
100231,1
100235,1
100241,1
100252,1
100253,1
100254,1
100255,1
100258,1
100263,1
100264,1
100266,1
100267,1
100270,1
100277,1
100291,1
100292,1
100293,1
100297,1
100298,1
100300,1
100303,1
100310,1
100314,1
100318,1
100328,1
100332,1
100335,1
100342,1
100348,1
100359,1
100361,1
100368,1
100373,1
100376,1
100382,1
100384,1
100392,1
100397,1
100401,1
100402,1
100404,1
100407,1
100409,1
100419,1
100422,1
100426,1
100436,1
100437,1
100450,1
100454,1
100456,1
100457,1
100458,1
100465,1
100476,1
100481,1
100482,1
100483,1
100487,1
100491,1
100498,1
100504,1
100509,1
100513,1
100518,1
100526,1
100530,1
100540,1
100541,1
100546,1
100547,1
100548,1
100549,1
100553,1
100557,1
100561,1
100563,1
100576,1
100579,1
100580,1
100581,1
100583,1
100587,1
100590,1
100592,1
100602,1
100605,1
100613,1
100620,1
100622,1
100623,1
100632,1
100637,1
100641,1
100642,1
100645,1
100646,1
100652,1
100653,1
100667,1
100678,1
100679,1
100680,1
100689,1
100691,1
100693,1
100699,1
100700,0
100701,1
100713,1
100719,1
100723,1
100724,1
100725,1
100726,1
100732,1
100737,1
100747,1
100751,1
100752,1
100754,1
100759,1
100763,0
100764,1
100768,1
100770,1
100771,1
100774,1
100777,1
100781,1
100784,1
100785,1
100793,1
100808,1
100812,1
100822,1
100826,1
100828,1
100843,1
100845,1
100848,1
100850,1
100881,1
100885,1
100886,1
100887,1
100888,1
100894,1
100896,1
100897,1
100898,1
100904,1
100907,1
100912,1
100913,1
100920,1
100921,1
100936,1
100939,1
100942,1
100943,1
100948,1
100951,1
100958,1
100961,1
100962,1
100964,1
100966,1
100974,1
100976,1
100978,1
100981,1
100983,1
100988,1
100998,1
100999,1
101004,1
101009,1
101017,1
101033,1
101035,1
101036,1
101039,1
101041,1
101042,1
101044,1
101050,1
101053,1
101056,1
101060,1
101063,1
101064,1
101065,1
101071,1
101072,1
101073,1
101084,1
101087,1
101089,1
101090,1
101093,1
101094,1
101098,1
101106,1
101107,1
101108,1
101109,1
101110,1
101118,1
101120,1
101122,1
101124,1
101140,1
101141,1
101150,1
101152,1
101153,1
101156,1
101158,1
101159,1
101161,1
101169,1
101171,1
101174,1
101180,1
101183,1
101189,1
101191,1
101195,1
101196,1
101197,1
101199,1
101200,1
101201,1
101208,1
101214,1
101215,1
101236,1
101241,1
101242,1
101243,1
101244,1
101255,1
101257,1
101290,1
101294,1
101296,1
101297,1
101301,1
101305,1
101308,1
101315,1
101317,1
101320,1
101321,1
101326,1
101332,1
101335,1
101336,1
101341,1
101347,1
101349,1
101366,1
101367,1
101368,1
101369,1
101375,1
101386,1
101390,1
101391,1
101395,1
101398,1
101399,1
101403,1
101413,1
101417,1
101418,1
101424,1
101430,1
101431,1
101433,1
101436,1
101440,1
101449,1
101452,1
101455,1
101458,1
101466,1
101471,1
101475,1
101482,1
101486,1
101487,1
101490,1
101493,1
101494,1
101495,1
101496,1
101499,1
101504,1
101509,1
101511,1
101517,1
101521,1
101525,1
101526,1
101528,1
101532,1
101533,1
101539,1
101540,1
101541,1
101543,1
101544,1
101545,1
101547,1
101549,1
101561,1
101566,1
101568,1
101572,1
101577,1
101578,1
101593,1
101598,1
101599,1
101605,1
101616,1
101619,1
101621,1
101622,1
101631,1
101633,1
101635,1
101643,1
101644,1
101647,1
101648,1
101650,1
101651,1
101657,1
101662,1
101664,1
101666,1
101672,1
101675,1
101676,1
101677,1
101690,1
101696,1
101697,1
101699,1
101701,1
101702,1
101711,1
101715,1
101719,1
101723,1
101735,1
101736,1
101737,1
101739,1
101744,1
101746,1
101751,1
101758,1
101760,1
101774,1
101776,1
101782,1
101783,1
101786,1
101792,1
101801,1
101802,1
101805,1
101806,1
101810,1
101812,1
101814,1
101817,1
101818,1
101823,1
101827,1
101829,1
101839,1
101847,1
101848,1
101852,1
101857,1
101859,1
101860,1
101867,1
101869,1
101870,1
101874,1
101878,1
101882,1
101890,1
101894,1
101897,1
101907,1
101909,1
101916,1
101918,1
101928,1
101929,1
101943,1
101944,1
101946,1
101949,1
101957,1
101958,1
101971,1
101976,1
101983,1
101984,1
101985,1
101987,1
101992,0
101993,1
101997,1
102003,1
102005,1
102015,1
102022,1
102027,1
102041,1
102046,1
102050,1
102051,1
102059,1
102062,1
102063,1
102065,1
102067,1
102068,1
102073,1
102076,1
102085,1
102087,1
102096,1
102097,1
102104,1
102106,1
102111,1
102114,1
102117,1
102118,1
102127,1
102128,1
102129,1
102141,1
102156,1
102157,1
102159,1
102169,1
102176,1
102181,1
102183,1
102184,1
102189,1
102194,1
102197,1
102204,1
102205,1
102210,1
102220,1
102223,1
102224,1
102225,1
102236,1
102238,1
102248,1
102265,1
102271,1
102281,1
102294,1
102295,1
102296,1
102301,1
102313,1
102317,1
102320,1
102325,1
102328,1
102337,1
102341,1
102344,1
102351,1
102355,1
102359,1
102361,1
102367,1
102370,1
102379,1
102383,1
102384,1
102388,1
102402,1
102403,1
102404,1
102408,1
102416,1
102419,1
102425,1
102426,1
102437,1
102439,1
102445,1
102446,1
102447,1
102451,1
102452,1
102453,1
102454,1
102456,1
102458,1
102460,1
102464,1
102465,1
102466,1
102467,1
102475,1
102478,1
102483,1
102490,1
102503,1
102514,1
102521,1
102532,1
102536,1
102538,1
102542,1
102546,1
102549,1
102556,1
102560,1
102562,1
102564,1
102569,1
102570,1
102579,1
102584,1
102588,1
102594,1
102608,1
102612,1
102617,1
102629,1
102633,1
102643,1
102648,1
102651,1
102654,1
102655,1
102658,1
102659,1
102667,1
102670,1
102676,1
102679,1
102688,1
102694,1
102696,1
102703,1
102709,1
102710,1
102728,1
102729,1
102735,1
102739,1
102749,1
102754,1
102758,1
102759,1
102760,1
102766,1
102768,1
102773,1
102787,1
102795,1
102803,1
102804,1
102806,1
102808,1
102813,1
102816,1
102828,1
102833,1
102834,1
102836,1
102838,1
102844,1
102847,1
102858,1
102859,1
102860,1
102871,1
102878,1
102883,1
102885,1
102888,1
102893,1
102903,1
102907,1
102918,1
102935,1
102937,1
102945,1
102947,1
102948,1
102949,1
102953,1
102954,1
102962,1
102964,1
102972,1
102979,1
102984,1
102986,1
102989,1
103006,1
103008,1
103010,1
103019,1
103030,1
103031,1
103033,1
103038,1
103040,1
103042,1
103047,1
103049,1
103050,0
103051,1
103058,1
103060,1
103066,1
103067,1
103069,1
103070,1
103077,1
103082,1
103091,1
103111,1
103112,1
103113,1
103117,1
103122,1
103123,1
103124,1
103126,1
103128,1
103129,1
103130,1
103131,1
103132,1
103138,1
103140,1
103143,1
103145,1
103147,1
103166,1
103167,1
103168,1
103172,1
103173,0
103175,1
103186,1
103197,1
103201,1
103205,1
103214,1
103218,1
103226,1
103229,1
103230,1
103236,1
103239,1
103241,1
103242,1
103244,1
103250,1
103253,1
103256,1
103268,1
103274,1
103277,1
103279,1
103280,1
103281,1
103290,1
103298,1
103299,1
103303,1
103305,1
103313,1
103316,1
103318,1
103319,1
103322,1
103323,1
103324,1
103327,1
103334,1
103338,1
103340,1
103354,1
103356,1
103361,1
103371,1
103373,1
103374,1
103382,1
103383,1
103384,1
103393,1
103396,1
103397,1
103406,1
103411,1
103414,1
103415,1
103423,1
103430,1
103432,1
103434,1
103437,1
103438,1
103440,1
103442,1
103446,1
103447,1
103451,1
103454,1
103456,1
103460,1
103461,1
103468,1
103470,1
103479,1
103480,0
103483,1
103487,1
103488,1
103489,1
103490,1
103491,1
103493,1
103494,1
103495,1
103497,1
103500,1
103503,1
103507,1
103513,1
103514,1
103525,1
103531,1
103534,1
103543,1
103548,1
103555,1
103563,1
103564,1
103580,1
103581,1
103586,1
103589,1
103590,1
103595,1
103596,1
103606,1
103618,1
103622,1
103625,1
103626,1
103631,1
103634,1
103640,1
103649,1
103650,1
103651,1
103652,1
103656,1
103658,1
103664,1
103672,1
103673,1
103675,1
103678,1
103680,1
103695,1
103701,1
103702,1
103708,1
103715,1
103723,1
103730,1
103735,1
103746,0
103750,1
103751,1
103755,1
103758,1
103765,1
103766,1
103768,1
103770,1
103771,1
103785,1
103791,1
103802,1
103803,1
103805,1
103806,1
103809,1
103811,1
103813,1
103815,1
103818,1
103824,1
103826,1
103831,1
103833,1
103840,1
103848,1
103850,1
103852,1
103854,1
103856,1
103881,1
103885,1
103887,1
103889,1
103890,1
103892,1
103898,1
103900,1
103906,1
103908,1
103910,1
103918,1
103921,1
103927,1
103930,1
103932,1
103933,1
103940,1
103942,1
103946,1
103948,1
103949,1
103955,1
103956,1
103960,1
103962,1
103967,1
103973,1
103982,1
103989,1
103991,1
103996,1
104007,1
104008,1
104011,1
104013,1
104016,1
104028,1
104029,1
104030,1
104034,1
104035,1
104036,1
104037,1
104041,1
104043,1
104059,1
104072,1
104074,1
104080,0
104081,1
104084,1
104086,1
104092,1
104096,1
104097,1
104100,1
104105,1
104106,1
104107,1
104112,1
104124,1
104126,1
104128,1
104130,1
104136,1
104137,1
104139,1
104149,1
104153,1
104163,1
104166,1
104170,1
104175,1
104177,1
104178,1
104180,1
104181,1
104187,1
104188,1
104193,1
104196,1
104198,1
104200,1
104203,1
104206,1
104213,1
104217,1
104218,1
104220,1
104223,1
104226,1
104236,1
104241,1
104248,1
104250,1
104254,1
104263,1
104265,1
104267,1
104269,1
104271,1
104276,1
104285,1
104286,1
104293,1
104307,1
104312,1
104315,1
104320,1
104321,1
104323,1
104324,1
104326,1
104328,1
104330,1
104333,1
104334,1
104336,1
104342,1
104350,1
104352,1
104356,1
104362,1
104370,1
104371,1
104374,1
104375,1
104376,1
104379,1
104394,1
104401,1
104412,1
104416,1
104419,1
104420,1
104428,1
104440,1
104443,1
104444,1
104447,1
104451,1
104454,1
104456,1
104458,1
104461,1
104462,1
104464,1
104465,1
104468,1
104469,1
104480,1
104491,1
104499,1
104500,1
104501,1
104502,1
104505,1
104509,1
104510,1
104513,1
104517,1
104519,1
104532,1
104536,1
104537,1
104538,1
104540,1
104545,1
104551,1
104552,1
104556,1
104559,1
104564,1
104568,1
104583,1
104584,1
104586,1
104589,1
104591,1
104596,1
104606,1
104607,1
104610,1
104616,1
104619,1
104621,1
104623,1
104632,1
104635,1
104645,1
104655,1
104663,1
104668,1
104672,1
104675,1
104682,1
104686,1
104688,1
104690,1
104694,1
104708,1
104717,1
104719,1
104722,1
104725,1
104726,1
104727,1
104747,1
104748,1
104750,1
104753,1
104758,1
104760,1
104761,1
104764,1
104765,1
104767,1
104768,1
104773,1
104774,1
104777,1
104782,1
104786,1
104787,1
104792,1
104793,1
104794,1
104797,1
104802,1
104806,1
104810,1
104813,1
104817,1
104818,1
104822,1
104830,1
104833,1
104834,1
104835,1
104837,1
104843,1
104844,1
104846,1
104853,1
104854,1
104857,1
104870,1
104874,1
104876,1
104880,1
104884,1
104885,1
104886,1
104890,1
104894,1
104898,1
104908,1
104911,1
104913,1
104916,1
104920,1
104922,1
104932,1
104941,1
104943,1
104945,1
104949,1
104950,1
104953,1
104955,1
104957,1
104965,1
104966,1
104978,1
104979,1
104983,1
104997,1
105000,1
105008,1
105014,1
105015,1
105021,1
105022,1
105028,1
105029,1
105030,1
105032,1
105033,1
105046,1
105050,1
105058,1
105062,1
105064,1
105074,1
105075,1
105076,1
105079,1
105080,1
105081,1
105099,1
105112,1
105113,1
105117,1
105119,1
105121,1
105125,1
105129,1
105131,1
105139,1
105144,1
105148,1
105149,1
105156,1
105163,1
105166,1
105176,1
105185,1
105186,1
105190,1
105197,1
105204,1
105212,1
105221,1
105226,1
105230,1
105236,1
105245,1
105247,1
105252,1
105259,1
105267,1
105285,1
105287,1
105290,1
105299,1
105308,1
105309,1
105314,1
105316,1
105319,1
105323,1
105324,1
105325,1
105326,1
105333,1
105338,1
105344,1
105357,1
105359,1
105360,1
105364,1
105371,1
105375,1
105381,1
105387,1
105388,1
105392,1
105393,1
105402,1
105405,1
105406,1
105407,1
105423,1
105434,1
105438,1
105445,1
105447,1
105454,1
105457,1
105458,1
105464,1
105466,1
105468,1
105474,1
105476,1
105477,1
105480,1
105484,1
105486,1
105490,1
105496,1
105506,1
105508,1
105510,1
105516,1
105517,1
105521,1
105523,1
105532,1
105537,1
105543,1
105545,1
105551,1
105553,1
105560,1
105595,1
105607,1
105620,1
105623,1
105627,1
105630,1
105632,1
105643,1
105645,1
105646,1
105651,1
105656,1
105657,1
105663,1
105664,1
105668,1
105669,1
105670,1
105678,1
105679,1
105681,1
105684,1
105687,1
105692,1
105698,1
105707,1
105709,1
105711,1
105721,1
105722,1
105724,1
105731,1
105736,1
105741,1
105746,1
105749,1
105753,1
105754,1
105756,1
105758,1
105763,1
105764,1
105765,1
105769,1
105770,1
105771,1
105772,1
105781,1
105784,1
105787,1
105789,1
105799,0
105802,1
105806,1
105811,1
105825,1
105832,1
105835,1
105839,1
105843,1
105848,1
105849,1
105855,1
105856,1
105861,1
105864,1
105868,1
105875,1
105876,1
105880,1
105885,1
105890,1
105901,1
105911,1
105922,1
105923,1
105924,1
105928,1
105930,1
105934,1
105936,1
105938,1
105939,1
105941,1
105948,1
105950,1
105956,1
105958,1
105959,1
105963,1
105967,1
105972,1
105974,1
105977,1
105988,1
105989,1
105991,1
105992,1
106002,1
106010,1
106015,1
106017,1
106018,1
106020,1
106021,1
106023,1
106025,1
106030,1
106034,1
106036,1
106038,1
106046,1
106064,1
106076,1
106084,1
106090,1
106092,1
106111,1
106112,1
106113,1
106117,1
106119,1
106123,1
106130,1
106132,1
106133,1
106135,1
106143,1
106148,1
106150,1
106151,1
106158,1
106164,1
106165,1
106166,1
106170,1
106173,1
106175,1
106186,1
106187,1
106190,1
106192,1
106199,1
106204,1
106205,1
106208,1
106211,1
106214,1
106215,1
106221,1
106222,1
106227,1
106229,1
106232,1
106242,1
106244,1
106260,1
106269,0
106275,1
106284,1
106292,1
106304,1
106308,1
106314,1
106315,1
106320,1
106323,1
106325,1
106338,1
106345,1
106354,1
106355,1
106360,1
106371,1
106372,1
106385,1
106389,1
106414,1
106420,1
106429,1
106430,1
106436,1
106439,1
106442,1
106447,1
106452,1
106453,1
106456,1
106457,1
106458,1
106460,1
106466,1
106473,1
106474,1
106476,1
106492,1
106515,1
106522,1
106527,1
106528,1
106533,1
106549,1
106550,1
106552,1
106561,1
106563,1
106564,1
106567,1
106569,1
106575,1
106577,1
106578,1
106587,1
106592,1
106599,1
106609,1
106610,1
106620,1
106623,1
106625,1
106632,1
106635,1
106640,1
106644,1
106655,1
106657,1
106662,1
106663,1
106668,1
106669,1
106672,1
106673,1
106674,1
106675,1
106676,1
106682,1
106684,1
106689,1
106696,1
106697,1
106699,1
106706,1
106714,1
106732,1
106738,1
106742,1
106744,1
106745,1
106747,1
106755,1
106756,1
106757,1
106759,1
106765,1
106766,1
106768,1
106790,1
106794,1
106795,1
106800,1
106808,1
106817,1
106818,1
106823,1
106824,1
106830,1
106839,1
106842,1
106845,1
106848,1
106852,1
106862,1
106880,1
106887,1
106889,1
106893,1
106894,1
106905,1
106906,1
106908,1
106920,1
106929,1
106934,1
106936,1
106959,1
106962,1
106963,1
106971,1
106980,1
106986,1
106989,1
106990,1
106991,1
106994,1
106998,1
107010,1
107024,1
107030,1
107033,1
107042,1
107057,1
107069,1
107071,1
107075,1
107087,1
107091,1
107099,1
107101,1
107105,1
107106,1
107112,1
107113,1
107119,1
107120,1
107125,1
107127,1
107132,1
107133,1
107137,1
107138,1
107140,1
107142,1
107145,1
107146,1
107149,1
107154,1
107156,1
107159,1
107160,1
107174,1
107200,1
107205,1
107208,1
107210,1
107213,1
107217,1
107222,1
107223,1
107224,1
107225,1
107228,1
107236,1
107241,1
107242,1
107243,1
107245,1
107250,1
107256,1
107259,1
107262,1
107276,1
107280,0
107282,1
107283,1
107284,1
107285,1
107286,1
107288,1
107295,1
107299,1
107300,1
107305,1
107308,1
107309,1
107313,1
107317,1
107321,1
107322,1
107328,1
107330,1
107332,1
107333,1
107338,1
107349,1
107350,1
107362,1
107363,1
107365,1
107367,1
107374,1
107377,1
107379,1
107380,1
107383,1
107385,1
107389,1
107400,1
107401,1
107409,1
107411,1
107414,1
107415,1
107417,1
107420,1
107427,1
107435,1
107438,1
107447,1
107450,1
107454,1
107455,1
107459,1
107469,1
107472,1
107475,1
107478,1
107479,1
107482,1
107484,1
107488,1
107489,1
107491,1
107492,1
107497,1
107506,1
107507,1
107517,1
107521,1
107525,1
107529,1
107540,1
107541,1
107542,1
107551,1
107554,1
107556,1
107561,1
107563,1
107566,1
107572,1
107577,1
107583,1
107588,1
107590,1
107591,1
107592,1
107593,1
107594,1
107602,1
107603,1
107604,1
107605,1
107608,1
107609,1
107610,1
107612,1
107613,1
107616,1
107623,1
107624,1
107629,1
107630,1
107636,1
107638,1
107640,1
107655,1
107663,1
107665,1
107666,1
107669,1
107676,1
107683,1
107685,1
107687,1
107690,1
107699,1
107704,1
107707,1
107710,1
107711,1
107724,1
107727,1
107734,1
107739,1
107744,1
107749,1
107750,1
107751,1
107757,1
107769,1
107775,1
107776,1
107781,1
107787,1
107792,1
107807,1
107811,1
107813,1
107815,1
107818,1
107821,1
107824,1
107833,1
107835,1
107852,1
107853,1
107860,1
107872,1
107880,1
107904,1
107909,1
107910,1
107913,1
107921,1
107923,1
107926,1
107945,1
107959,1
107960,1
107962,1
107964,1
107967,1
107968,1
107971,1
107972,1
107973,1
107976,1
107977,1
107978,1
107981,1
107984,1
107986,1
107990,1
107992,1
107993,1
108004,1
108012,1
108013,1
108014,1
108019,1
108022,1
108024,1
108029,1
108030,1
108033,1
108045,1
108065,1
108073,1
108082,1
108083,1
108087,1
108095,1
108104,1
108110,1
108113,1
108119,1
108125,1
108126,1
108128,1
108129,1
108136,1
108153,1
108154,1
108157,1
108160,1
108164,1
108175,1
108178,1
108180,1
108187,1
108200,1
108202,1
108234,1
108235,1
108237,1
108245,1
108246,1
108247,1
108252,1
108257,1
108261,1
108262,1
108267,1
108271,1
108272,1
108275,1
108276,1
108282,1
108283,1
108285,1
108287,1
108292,1
108299,1
108301,1
108302,1
108304,1
108307,1
108308,1
108309,1
108311,1
108312,1
108323,1
108328,1
108334,1
108337,1
108343,1
108346,1
108349,1
108355,1
108356,1
108361,1
108364,1
108368,1
108370,1
108373,1
108379,1
108380,1
108382,1
108383,1
108389,1
108390,1
108393,1
108400,1
108401,1
108404,1
108410,1
108413,1
108415,1
108416,1
108422,1
108423,1
108432,1
108434,1
108438,1
108441,1
108447,1
108448,1
108460,1
108465,1
108473,1
108474,1
108478,1
108480,1
108485,1
108488,1
108489,1
108492,1
108498,1
108505,1
108506,1
108517,1
108521,1
108529,1
108534,1
108538,1
108539,1
108540,1
108548,1
108553,1
108558,1
108560,1
108562,1
108564,1
108566,1
108572,1
108573,1
108576,1
108579,1
108581,1
108586,1
108589,1
108592,1
108604,1
108605,1
108606,1
108609,1
108611,1
108612,1
108615,1
108616,1
108617,1
108619,1
108621,1
108632,1
108636,1
108640,1
108642,1
108643,1
108645,1
108646,1
108647,1
108657,1
108666,1
108667,1
108671,1
108673,1
108675,1
108684,1
108686,1
108688,1
108691,1
108697,1
108703,1
108710,1
108711,1
108713,1
108716,1
108731,1
108733,1
108736,1
108739,1
108741,1
108742,1
108744,1
108746,1
108747,1
108750,1
108757,1
108759,1
108760,1
108765,1
108768,1
108770,1
108772,1
108773,1
108777,1
108779,1
108783,1
108787,1
108789,1
108794,1
108812,1
108814,1
108819,1
108821,1
108824,1
108829,1
108835,1
108837,1
108838,1
108840,1
108843,1
108845,1
108846,1
108850,1
108851,1
108852,1
108854,1
108855,1
108870,1
108872,1
108875,1
108892,1
108897,1
108905,1
108913,1
108920,1
108921,1
108924,1
108926,1
108939,1
108942,1
108948,1
108953,1
108960,1
108964,1
108968,1
108971,1
108974,1
108976,1
108999,1
109000,1
109001,1
109006,1
109009,1
109014,1
109017,1
109018,1
109029,1
109031,1
109039,1
109049,1
109051,1
109056,1
109059,1
109061,1
109062,1
109064,1
109066,1
109069,1
109070,1
109082,1
109084,1
109086,1
109087,1
109089,1
109090,1
109092,1
109100,1
109106,1
109107,1
109117,1
109118,1
109131,1
109133,1
109135,1
109139,1
109143,1
109145,1
109152,1
109155,1
109157,1
109160,1
109161,1
109163,1
109168,1
109174,1
109180,1
109181,1
109194,1
109195,1
109212,1
109214,1
109220,1
109229,1
109232,1
109234,1
109235,1
109239,1
109246,1
109252,1
109272,1
109279,1
109281,1
109294,1
109298,1
109302,1
109303,1
109307,1
109309,1
109314,1
109315,1
109322,1
109324,1
109326,1
109333,1
109335,1
109337,1
109350,1
109352,1
109359,1
109362,1
109367,1
109371,1
109375,1
109376,1
109380,1
109382,1
109388,1
109400,1
109407,1
109408,1
109409,1
109411,1
109412,1
109413,1
109415,1
109419,1
109423,1
109442,1
109446,1
109451,1
109453,1
109455,1
109456,1
109457,1
109460,1
109463,1
109464,1
109465,1
109466,1
109470,1
109473,1
109476,1
109477,1
109487,1
109494,1
109510,1
109511,1
109514,1
109519,1
109520,1
109522,1
109523,1
109527,1
109530,1
109541,1
109544,1
109545,1
109550,1
109552,1
109556,1
109563,1
109564,1
109570,1
109578,1
109581,1
109582,1
109591,1
109594,1
109597,1
109600,1
109612,1
109613,1
109620,1
109624,1
109625,1
109637,1
109646,1
109650,1
109652,1
109661,1
109669,1
109672,1
109677,1
109684,1
109687,1
109688,1
109698,1
109717,1
109718,1
109721,1
109732,1
109735,1
109737,1
109743,1
109744,1
109754,1
109757,1
109760,1
109761,1
109762,1
109764,1
109770,1
109771,1
109773,1
109776,1
109782,1
109785,1
109788,1
109794,1
109797,1
109801,1
109806,1
109808,1
109810,1
109814,1
109816,1
109818,1
109827,1
109830,1
109831,1
109833,1
109834,1
109838,1
109840,1
109849,1
109854,1
109867,1
109878,1
109881,1
109882,1
109885,1
109888,1
109890,1
109893,1
109896,1
109901,1
109904,1
109912,1
109916,1
109918,1
109923,1
109927,1
109930,1
109933,1
109952,1
109963,1
109968,1
109970,1
109972,1
109974,1
109977,1
109978,1
109980,1
109982,1
109983,1
109985,1
109992,1
109994,1
110012,1
110013,1
110015,1
110025,1
110026,1
110027,1
110028,1
110029,1
110031,1
110033,1
110039,1
110041,1
110042,1
110046,1
110051,1
110055,1
110062,1
110064,1
110069,1
110073,1
110077,1
110079,1
110081,1
110084,1
110085,1
110088,1
110089,1
110101,1
110102,1
110103,1
110110,1
110111,1
110114,1
110117,1
110120,1
110121,1
110123,1
110140,1
110144,1
110151,1
110165,1
110167,1
110169,1
110181,1
110198,1
110201,1
110202,1
110223,1
110248,1
110256,1
110258,1
110266,1
110271,1
110276,1
110277,1
110278,1
110282,1
110294,1
110303,1
110309,1
110312,1
110316,1
110317,1
110326,1
110331,1
110334,1
110337,1
110340,1
110342,1
110347,1
110354,1
110357,1
110361,0
110363,1
110365,1
110379,1
110381,1
110384,1
110388,1
110401,1
110405,1
110415,1
110422,1
110423,1
110424,1
110428,1
110430,1
110431,1
110434,1
110453,1
110458,1
110466,1
110474,1
110477,1
110481,1
110484,1
110487,1
110492,1
110496,1
110499,1
110501,1
110504,1
110507,1
110508,1
110511,1
110515,1
110526,1
110529,1
110530,1
110539,1
110540,1
110541,1
110543,1
110545,1
110551,1
110557,1
110560,1
110569,1
110574,1
110577,1
110580,1
110585,1
110591,1
110601,1
110603,1
110604,1
110605,1
110624,1
110625,1
110630,1
110639,1
110641,1
110647,1
110648,1
110654,1
110658,1
110663,1
110664,1
110668,1
110673,1
110674,1
110676,1
110682,1
110698,1
110701,1
110711,1
110719,1
110720,1
110721,1
110723,1
110730,1
110734,1
110742,1
110750,1
110751,1
110752,1
110755,1
110758,1
110760,1
110762,1
110764,1
110765,1
110767,1
110770,1
110784,1
110789,1
110794,1
110795,1
110796,1
110797,1
110801,1
110804,1
110806,1
110809,1
110811,1
110812,1
110822,1
110825,1
110831,1
110832,1
110836,1
110851,1
110856,1
110857,1
110862,1
110865,1
110867,1
110873,1
110874,1
110875,1
110880,1
110881,1
110883,1
110892,1
110895,1
110906,1
110909,1
110911,1
110912,1
110914,1
110915,1
110916,1
110917,1
110927,1
110938,1
110946,1
110949,1
110951,1
110957,1
110958,1
110962,1
110968,1
110977,1
110986,1
110991,1
110995,1
110999,1
111003,1
111005,1
111009,1
111013,1
111020,1
111023,1
111024,1
111025,1
111026,1
111032,1
111035,1
111044,1
111047,1
111048,1
111058,1
111065,1
111068,1
111069,1
111071,1
111072,1
111076,1
111079,1
111081,1
111087,1
111089,1
111090,1
111104,1
111115,1
111126,1
111130,1
111133,1
111137,1
111139,1
111147,1
111159,1
111160,1
111166,1
111170,1
111179,1
111182,1
111183,1
111184,1
111191,1
111193,1
111195,1
111197,1
111202,1
111204,1
111205,1
111208,1
111209,1
111213,1
111220,1
111226,1
111245,1
111252,1
111256,1
111262,1
111268,1
111275,1
111283,1
111284,1
111286,1
111288,1
111293,1
111294,1
111302,1
111303,1
111304,1
111306,1
111310,1
111313,1
111315,1
111316,1
111317,1
111318,1
111323,1
111326,1
111327,1
111329,1
111331,1
111332,1
111335,1
111340,1
111341,1
111343,1
111360,1
111364,1
111374,1
111387,1
111390,1
111391,1
111396,1
111404,1
111405,1
111407,1
111409,1
111410,1
111411,1
111412,1
111417,1
111432,1
111444,1
111450,1
111456,1
111460,1
111463,1
111465,1
111471,1
111475,1
111476,1
111480,1
111483,1
111486,1
111487,1
111496,1
111499,1
111501,1
111503,1
111509,1
111517,1
111522,1
111525,1
111532,1
111536,1
111542,1
111551,1
111552,1
111580,1
111582,1
111598,1
111602,1
111603,1
111616,1
111618,1
111621,1
111622,1
111623,1
111625,1
111626,1
111627,1
111628,1
111633,1
111639,1
111649,1
111650,1
111651,1
111663,0
111666,1
111673,1
111676,1
111683,1
111687,1
111691,1
111694,1
111696,1
111698,1
111703,1
111706,1
111707,1
111709,1
111721,1
111723,1
111724,1
111730,1
111739,1
111741,1
111755,1
111759,1
111772,1
111780,1
111782,1
111786,1
111787,1
111791,1
111800,1
111803,1
111805,1
111823,1
111824,1
111828,1
111837,1
111841,1
111844,1
111845,1
111855,1
111860,1
111863,1
111868,1
111871,1
111884,1
111886,1
111891,1
111897,1
111912,1
111913,1
111916,1
111917,1
111924,1
111928,1
111932,1
111935,1
111936,1
111942,1
111947,1
111952,1
111965,1
111966,1
111968,1
111969,1
111973,1
111979,1
111984,1
111985,1
111992,1
111993,1
111995,1
112000,1
112002,1
112003,1
112006,1
112014,1
112034,1
112040,1
112048,1
112051,1
112058,1
112064,1
112071,1
112076,1
112078,1
112084,1
112086,1
112088,1
112090,1
112091,1
112094,1
112101,1
112102,1
112108,1
112109,1
112110,1
112117,1
112120,1
112125,1
112134,1
112136,1
112141,1
112143,1
112145,1
112151,1
112152,1
112158,1
112161,1
112167,1
112168,1
112172,1
112177,1
112179,1
112182,1
112190,1
112192,1
112197,1
112202,1
112205,1
112207,1
112208,1
112214,1
112220,1
112221,1
112227,1
112231,1
112234,1
112242,1
112245,1
112251,1
112252,1
112256,1
112266,1
112268,1
112275,1
112277,1
112284,1
112287,1
112293,1
112298,1
112299,1
112305,1
112306,1
112309,1
112315,1
112319,1
112321,1
112323,1
112348,1
112354,1
112355,1
112361,1
112372,1
112373,1
112375,1
112381,1
112388,1
112391,1
112400,1
112417,1
112421,1
112423,1
112425,1
112429,1
112433,1
112435,1
112444,1
112446,1
112447,1
112461,1
112471,1
112475,1
112478,1
112479,1
112484,1
112487,1
112497,1
112503,1
112509,1
112512,1
112520,1
112522,1
112523,1
112524,1
112526,1
112536,1
112541,1
112547,1
112550,1
112559,1
112562,1
112569,1
112573,1
112574,1
112578,1
112579,1
112584,1
112588,1
112590,1
112591,1
112593,1
112599,1
112604,1
112622,1
112623,1
112624,1
112634,1
112635,1
112638,1
112643,1
112644,1
112650,1
112660,1
112668,1
112677,1
112690,1
112695,1
112696,1
112704,1
112711,1
112719,1
112726,1
112727,1
112730,1
112743,1
112752,1
112754,1
112757,1
112760,1
112769,1
112770,1
112777,1
112778,1
112780,1
112781,1
112795,1
112798,1
112799,1
112804,1
112808,1
112814,1
112816,1
112821,1
112828,1
112830,1
112833,1
112835,1
112845,1
112849,1
112852,1
112853,1
112855,1
112856,1
112857,1
112862,1
112863,0
112867,1
112874,1
112876,1
112880,1
112883,1
112885,1
112888,1
112889,1
112899,1
112902,1
112908,1
112914,1
112916,1
112919,1
112928,0
112935,1
112937,1
112947,1
112950,1
112951,1
112955,1
112956,1
112965,1
112966,1
112973,1
112976,1
112981,1
112983,1
112985,1
112990,1
112993,1
113012,0
113019,1
113025,1
113033,1
113044,1
113051,1
113053,1
113067,1
113072,1
113081,1
113089,1
113090,1
113094,1
113099,1
113101,1
113108,1
113112,1
113113,1
113114,1
113129,1
113130,1
113132,1
113149,1
113156,1
113164,1
113166,1
113176,1
113178,1
113191,1
113198,1
113208,1
113214,1
113217,1
113229,1
113232,1
113234,1
113240,1
113241,1
113246,1
113248,1
113249,1
113258,1
113260,1
113263,1
113268,1
113272,1
113273,1
113275,1
113276,1
113278,1
113280,1
113281,1
113282,1
113287,1
113301,1
113311,1
113324,1
113332,1
113336,1
113339,1
113343,1
113363,1
113374,1
113394,0
113398,1
113405,1
113408,1
113424,1
113428,1
113431,1
113433,1
113444,1
113452,1
113454,1
113455,1
113461,1
113463,1
113473,1
113477,1
113479,1
113483,1
113487,1
113493,1
113496,1
113502,1
113508,1
113520,1
113522,1
113525,1
113531,1
113535,1
113537,1
113540,1
113544,1
113551,1
113558,1
113560,1
113561,1
113571,1
113572,1
113574,1
113585,1
113591,1
113594,1
113595,1
113598,1
113606,1
113607,1
113609,1
113610,1
113611,1
113614,1
113616,1
113621,1
113622,1
113624,1
113629,1
113631,1
113637,1
113640,1
113645,1
113646,1
113653,1
113654,1
113656,1
113670,1
113671,1
113693,1
113702,1
113703,1
113708,1
113711,1
113717,1
113723,1
113725,1
113732,1
113740,1
113741,1
113743,1
113746,1
113748,1
113749,1
113757,1
113759,1
113761,1
113768,1
113772,1
113773,1
113778,1
113779,1
113781,1
113784,1
113787,1
113788,1
113798,1
113801,1
113806,1
113807,1
113809,1
113820,1
113827,1
113828,1
113830,1
113836,1
113855,1
113856,1
113859,1
113868,1
113876,1
113877,1
113883,1
113885,1
113896,1
113901,1
113902,1
113903,1
113916,1
113920,1
113924,1
113928,1
113929,1
113932,1
113934,1
113936,1
113937,1
113939,1
113942,1
113944,1
113950,1
113956,1
113967,1
113968,1
113969,1
113971,1
113973,1
113975,1
113978,1
113986,1
113996,1
114001,1
114003,1
114006,1
114007,1
114011,1
114013,1
114015,1
114029,1
114035,1
114041,1
114050,1
114058,1
114060,1
114064,1
114067,1
114069,1
114070,1
114072,1
114076,1
114077,1
114079,1
114081,1
114083,1
114087,1
114101,1
114104,1
114105,1
114106,1
114107,1
114110,1
114111,1
114119,1
114142,1
114162,1
114172,1
114176,1
114178,1
114179,1
114182,1
114183,1
114190,1
114195,1
114200,1
114203,1
114218,1
114223,1
114227,1
114233,1
114244,1
114249,1
114256,1
114263,1
114275,1
114277,1
114278,1
114282,1
114286,1
114289,1
114294,1
114296,1
114297,1
114306,1
114307,1
114310,1
114311,1
114319,1
114320,1
114325,1
114326,1
114328,1
114332,1
114337,1
114338,1
114345,1
114349,1
114370,1
114371,1
114375,1
114378,1
114385,1
114390,1
114392,1
114395,1
114396,1
114399,1
114405,1
114417,1
114419,1
114431,1
114445,1
114447,1
114453,1
114458,1
114461,1
114467,1
114470,1
114475,1
114482,1
114488,1
114492,1
114498,1
114504,1
114506,1
114509,1
114512,1
114515,1
114520,1
114527,1
114543,1
114544,1
114545,1
114555,1
114558,1
114560,1
114562,1
114564,1
114565,1
114566,1
114568,1
114572,1
114586,1
114592,1
114595,1
114600,1
114601,1
114606,1
114607,1
114612,1
114613,1
114614,1
114626,1
114627,1
114630,1
114633,1
114647,1
114655,1
114657,1
114660,1
114663,1
114664,1
114671,1
114674,1
114675,1
114681,1
114689,1
114690,1
114693,1
114694,1
114698,1
114701,1
114703,1
114705,1
114709,1
114715,1
114717,1
114719,1
114722,1
114725,1
114728,1
114734,1
114736,1
114737,1
114741,1
114745,1
114753,1
114758,1
114762,1
114769,1
114774,1
114785,1
114786,1
114788,1
114791,1
114792,1
114801,1
114802,1
114804,1
114808,1
114815,1
114816,1
114822,1
114823,1
114824,1
114828,1
114835,1
114839,1
114840,1
114861,1
114865,1
114867,1
114875,1
114883,1
114884,1
114902,1
114904,1
114907,1
114912,1
114913,1
114914,1
114923,1
114926,1
114927,1
114930,1
114931,1
114933,1
114939,1
114944,1
114951,1
114952,1
114955,1
114962,1
114964,1
114985,1
114987,1
114988,1
114991,1
114993,1
114996,1
114997,0
115001,1
115004,1
115006,1
115007,1
115010,1
115016,1
115020,1
115026,1
115031,1
115037,1
115039,1
115046,1
115048,1
115062,1
115064,1
115067,1
115070,1
115071,1
115078,1
115084,1
115093,1
115100,1
115115,1
115126,1
115129,1
115131,1
115134,1
115136,1
115137,1
115141,1
115147,1
115151,1
115152,1
115155,1
115160,1
115161,1
115164,1
115165,1
115166,1
115170,1
115171,1
115174,1
115178,1
115182,1
115186,1
115187,1
115189,1
115192,1
115205,1
115207,1
115218,1
115222,1
115226,1
115228,1
115233,1
115239,1
115244,1
115249,1
115250,1
115261,1
115262,1
115265,1
115270,1
115277,1
115280,1
115286,1
115287,1
115293,1
115300,1
115302,1
115304,0
115311,1
115312,1
115314,1
115320,1
115323,1
115324,1
115345,1
115351,1
115356,1
115366,1
115372,1
115374,1
115377,1
115380,1
115381,1
115388,1
115390,1
115400,1
115405,1
115406,1
115414,1
115415,1
115417,1
115420,1
115430,1
115441,1
115443,1
115445,1
115453,1
115456,1
115458,1
115461,1
115463,1
115466,1
115469,1
115471,1
115472,1
115476,1
115482,1
115488,1
115492,1
115496,1
115503,1
115505,1
115511,1
115514,1
115516,1
115519,1
115529,1
115533,1
115535,1
115538,1
115543,1
115551,1
115555,1
115557,1
115558,1
115565,1
115566,1
115567,1
115572,1
115573,1
115580,1
115581,1
115583,1
115585,1
115590,1
115609,1
115613,1
115623,1
115624,1
115626,1
115629,1
115639,1
115640,1
115642,1
115644,1
115645,1
115649,1
115652,1
115658,1
115667,1
115668,1
115673,1
115674,1
115675,1
115686,1
115689,1
115691,1
115694,1
115707,1
115708,1
115714,1
115745,1
115747,1
115749,1
115754,1
115758,1
115765,1
115784,1
115787,1
115791,1
115793,1
115796,1
115803,1
115804,1
115810,1
115815,1
115823,1
115825,1
115827,1
115828,1
115830,1
115832,1
115834,1
115838,1
115841,1
115843,1
115851,1
115859,1
115870,1
115874,1
115879,1
115884,1
115886,1
115891,1
115892,1
115900,1
115902,1
115904,1
115916,1
115919,1
115926,1
115930,1
115931,1
115934,1
115939,1
115942,1
115945,1
115947,1
115948,1
115951,1
115954,1
115957,1
115963,1
115977,1
115982,1
115984,1
115988,1
115989,1
115994,1
115999,1
116001,1
116002,1
116012,1
116015,1
116026,1
116029,1
116036,1
116039,1
116040,1
116048,1
116053,1
116061,1
116064,1
116065,1
116070,1
116071,1
116074,1
116077,1
116098,1
116102,1
116104,1
116111,1
116112,1
116114,1
116117,1
116124,1
116125,1
116127,1
116129,1
116132,1
116137,1
116140,1
116150,1
116152,1
116160,1
116173,1
116175,1
116176,1
116177,0
116182,1
116198,1
116200,1
116210,1
116213,1
116216,1
116218,1
116221,1
116224,1
116225,1
116232,1
116233,1
116237,1
116241,1
116245,1
116246,1
116250,1
116257,1
116258,1
116262,1
116274,1
116277,1
116279,1
116285,1
116298,1
116305,1
116307,1
116313,1
116318,1
116322,1
116323,1
116329,1
116330,1
116334,1
116337,1
116339,1
116341,1
116344,1
116349,1
116354,1
116365,1
116368,0
116371,1
116372,1
116378,1
116381,1
116384,1
116385,1
116392,1
116394,1
116402,1
116403,1
116408,1
116416,1
116417,1
116419,1
116421,1
116425,1
116428,1
116447,1
116450,1
116454,1
116458,1
116465,1
116467,1
116469,1
116470,1
116472,1
116474,1
116477,1
116479,0
116498,1
116502,1
116504,1
116506,1
116507,1
116513,1
116514,1
116527,1
116530,1
116534,1
116535,1
116537,1
116541,1
116542,1
116552,1
116560,1
116576,1
116578,1
116580,1
116589,1
116591,1
116594,1
116596,1
116599,1
116600,1
116606,1
116616,1
116619,1
116624,1
116628,1
116638,1
116642,1
116647,1
116650,1
116653,1
116654,1
116656,1
116658,1
116659,1
116665,1
116668,1
116670,1
116674,1
116679,1
116680,1
116686,1
116687,1
116694,1
116702,1
116705,1
116706,1
116707,1
116709,1
116711,1
116713,1
116715,1
116719,1
116734,1
116737,1
116738,1
116742,1
116744,1
116753,1
116757,1
116758,1
116766,1
116768,1
116771,1
116778,1
116782,1
116784,1
116791,1
116797,1
116798,1
116806,1
116809,1
116815,1
116821,1
116827,1
116830,1
116837,1
116840,1
116845,1
116850,1
116852,1
116855,1
116856,1
116858,1
116859,1
116861,1
116865,1
116872,1
116874,1
116875,1
116881,1
116882,1
116888,1
116890,1
116896,1
116909,1
116911,1
116912,1
116914,1
116916,1
116919,1
116927,1
116932,1
116938,1
116939,1
116940,1
116949,1
116955,1
116958,1
116959,1
116972,1
116976,1
116979,1
116980,1
116984,1
116986,1
116987,1
116988,1
116992,1
116997,1
117005,1
117006,1
117008,1
117009,1
117017,1
117021,1
117022,1
117023,1
117028,1
117029,1
117042,1
117044,1
117052,1
117055,1
117056,1
117062,1
117065,1
117076,1
117077,1
117089,1
117094,1
117110,1
117113,1
117136,1
117137,1
117138,1
117141,1
117156,1
117163,1
117164,1
117171,1
117172,1
117176,1
117188,1
117192,1
117194,1
117197,1
117201,1
117204,1
117206,1
117210,1
117217,1
117231,1
117232,1
117237,1
117247,0
117254,1
117261,1
117268,1
117289,1
117298,1
117301,1
117303,1
117315,1
117316,1
117317,1
117319,1
117324,1
117325,1
117330,1
117332,1
117334,1
117336,1
117339,1
117341,1
117343,1
117352,1
117355,1
117369,1
117371,1
117375,1
117378,1
117388,1
117389,1
117395,1
117398,1
117399,1
117401,1
117402,1
117403,1
117408,1
117409,1
117411,1
117415,1
117419,1
117421,1
117437,1
117450,1
117451,1
117459,1
117465,1
117472,1
117476,1
117482,1
117485,1
117488,1
117495,1
117506,1
117514,1
117516,1
117518,1
117521,1
117529,1
117533,1
117534,1
117537,1
117542,1
117546,1
117550,1
117554,1
117557,1
117561,1
117575,1
117581,1
117584,1
117586,1
117591,1
117592,1
117596,1
117599,1
117604,1
117609,1
117612,1
117613,0
117618,1
117622,1
117626,1
117628,1
117638,1
117644,1
117646,1
117647,1
117648,1
117650,1
117652,1
117657,1
117661,1
117664,1
117665,1
117672,1
117678,1
117691,1
117695,1
117698,1
117699,1
117701,1
117702,1
117708,1
117709,1
117718,1
117719,1
117724,1
117729,1
117731,1
117742,1
117744,1
117758,1
117768,1
117770,1
117788,1
117790,1
117796,1
117800,1
117813,1
117814,1
117816,1
117819,1
117823,1
117826,1
117827,1
117829,1
117839,1
117844,1
117846,1
117848,1
117851,1
117852,1
117853,1
117854,1
117856,1
117861,1
117862,1
117863,1
117865,1
117870,1
117873,1
117876,1
117879,1
117886,1
117892,1
117893,1
117894,1
117901,1
117907,1
117908,1
117912,1
117915,1
117916,1
117918,1
117923,1
117946,1
117948,1
117950,1
117952,1
117956,1
117960,1
117961,1
117963,1
117970,1
117976,1
117980,1
117991,1
117993,1
117994,1
118002,1
118012,1
118016,1
118018,1
118019,1
118022,1
118023,1
118028,1
118032,1
118033,1
118043,1
118045,1
118055,1
118062,1
118065,1
118069,1
118070,1
118077,1
118078,1
118095,1
118096,1
118099,1
118101,1
118102,1
118105,1
118113,1
118115,1
118116,1
118120,1
118122,1
118123,1
118134,1
118151,1
118155,1
118156,1
118157,1
118161,1
118162,1
118163,1
118172,1
118179,1
118182,1
118183,1
118191,1
118193,1
118195,1
118202,1
118206,1
118215,1
118226,1
118228,1
118234,1
118236,1
118240,1
118242,1
118246,1
118247,1
118248,1
118252,1
118255,1
118257,1
118258,1
118261,1
118267,1
118269,1
118271,1
118272,1
118274,1
118282,1
118288,1
118297,1
118298,1
118312,1
118314,1
118316,1
118317,1
118318,1
118326,1
118331,1
118334,1
118335,1
118337,1
118350,1
118351,1
118355,1
118357,1
118360,1
118367,1
118370,1
118371,1
118376,1
118379,1
118386,1
118406,1
118410,1
118416,1
118418,1
118428,1
118435,1
118441,1
118444,1
118445,1
118447,1
118449,1
118455,1
118460,1
118461,1
118467,1
118474,1
118482,1
118486,1
118497,1
118510,1
118511,1
118515,1
118517,1
118519,1
118526,1
118533,1
118534,1
118535,1
118540,1
118544,1
118546,1
118552,1
118553,1
118557,1
118562,1
118568,1
118569,1
118575,1
118581,1
118586,1
118588,1
118597,1
118598,1
118604,1
118607,1
118608,1
118611,1
118620,1
118621,1
118631,1
118640,1
118651,1
118652,1
118658,1
118659,1
118660,1
118668,1
118671,1
118676,1
118680,1
118681,1
118686,1
118689,1
118701,1
118702,1
118708,1
118709,1
118713,1
118719,1
118722,1
118731,1
118732,1
118733,1
118736,1
118737,1
118739,1
118754,1
118761,1
118781,1
118790,1
118806,1
118809,1
118815,1
118819,1
118823,1
118825,1
118826,1
118834,1
118835,1
118836,1
118845,1
118854,1
118862,1
118872,1
118877,1
118906,1
118907,1
118912,1
118913,1
118917,1
118918,1
118920,1
118922,1
118923,1
118926,1
118930,1
118932,1
118933,1
118937,1
118939,1
118942,1
118945,1
118953,1
118955,1
118957,1
118958,1
118959,1
118966,1
118967,1
118969,1
118977,1
118978,1
118980,1
118984,1
118992,1
118995,1
118998,1
119001,1
119005,1
119013,1
119018,1
119021,1
119026,1
119030,1
119031,1
119034,1
119038,1
119042,1
119044,1
119051,1
119053,1
119055,1
119062,1
119087,1
119090,1
119094,1
119097,1
119098,1
119099,1
119111,1
119121,1
119130,1
119148,1
119152,1
119158,1
119163,1
119180,1
119195,1
119196,1
119198,1
119212,1
119213,1
119218,1
119221,1
119227,1
119234,1
119242,1
119244,1
119276,1
119277,1
119284,1
119288,1
119291,1
119298,1
119302,1
119304,1
119309,1
119318,1
119321,1
119322,1
119325,1
119326,1
119330,1
119331,1
119334,1
119342,1
119344,1
119349,1
119350,1
119355,1
119359,1
119363,1
119372,1
119396,1
119400,1
119402,1
119403,1
119405,1
119408,1
119412,1
119415,1
119420,1
119427,1
119428,1
119433,1
119444,1
119448,1
119449,1
119453,1
119455,1
119456,1
119464,1
119483,1
119489,1
119499,1
119505,1
119511,1
119530,1
119531,1
119543,1
119544,1
119545,1
119546,1
119547,1
119552,1
119553,1
119564,1
119570,1
119574,1
119577,1
119585,1
119588,1
119591,1
119600,1
119601,1
119605,1
119609,1
119612,1
119620,1
119630,1
119651,1
119656,1
119662,1
119664,1
119680,1
119684,1
119685,1
119687,1
119693,1
119698,1
119703,1
119708,1
119717,1
119722,1
119727,1
119729,1
119734,1
119751,1
119761,1
119765,1
119776,1
119780,1
119786,1
119788,1
119798,1
119799,1
119806,1
119808,1
119815,1
119816,1
119819,1
119820,1
119822,1
119830,1
119831,1
119845,1
119859,1
119861,1
119864,1
119868,1
119869,1
119883,1
119887,1
119890,1
119899,1
119901,1
119903,1
119910,1
119918,1
119920,1
119921,1
119925,1
119928,1
119937,1
119949,1
119950,1
119954,1
119958,1
119960,1
119961,1
119963,1
119965,1
119967,1
119968,1
119972,1
119973,1
119974,1
119978,1
119979,1
119982,1
119985,1
119994,1
119996,1
119998,1
119999,1
120005,1
120007,1
120018,1
120021,1
120024,1
120025,1
120027,1
120029,1
120036,1
120041,1
120048,1
120049,1
120058,1
120059,1
120060,1
120062,1
120081,1
120087,1
120088,1
120090,1
120092,1
120097,1
120100,1
120137,1
120142,1
120145,1
120148,1
120150,1
120161,1
120162,1
120166,1
120171,1
120173,1
120176,1
120177,1
120178,1
120189,1
120192,1
120198,1
120200,1
120202,1
120203,1
120205,1
120207,1
120209,1
120212,1
120217,1
120220,1
120227,1
120231,1
120235,1
120236,1
120242,0
120244,1
120247,1
120248,1
120251,1
120253,1
120254,1
120259,1
120265,1
120266,1
120271,1
120273,1
120276,1
120277,1
120280,1
120290,1
120291,1
120292,1
120297,1
120302,1
120303,1
120305,1
120309,1
120315,1
120322,1
120343,1
120351,1
120352,1
120362,1
120366,1
120367,1
120370,1
120371,1
120373,1
120375,1
120377,1
120389,1
120410,1
120412,1
120413,1
120418,1
120422,1
120424,1
120425,1
120433,1
120444,1
120449,1
120450,1
120451,1
120453,1
120459,1
120464,1
120465,1
120467,1
120468,1
120472,1
120475,1
120479,1
120483,1
120485,1
120486,1
120495,1
120502,1
120506,1
120508,1
120511,1
120512,1
120516,1
120519,1
120521,1
120526,1
120531,1
120532,1
120534,1
120544,1
120553,1
120556,1
120557,1
120558,1
120568,1
120571,1
120585,1
120587,1
120589,1
120591,1
120599,1
120621,1
120622,1
120625,1
120627,1
120630,1
120631,1
120635,1
120647,1
120648,1
120649,1
120653,1
120656,1
120657,1
120666,1
120669,1
120670,1
120673,1
120674,1
120687,1
120688,1
120694,1
120696,1
120703,1
120704,1
120713,1
120721,1
120723,1
120728,1
120730,1
120731,1
120739,1
120743,1
120749,1
120752,1
120760,1
120767,1
120770,1
120775,1
120776,1
120778,1
120782,1
120787,1
120788,1
120791,1
120798,1
120800,1
120806,1
120807,1
120812,1
120813,1
120820,1
120822,1
120823,1
120829,1
120831,1
120833,1
120837,1
120847,1
120848,1
120851,1
120852,1
120853,1
120854,1
120855,1
120857,1
120859,1
120860,1
120861,1
120863,1
120866,1
120869,1
120895,1
120904,1
120908,1
120915,1
120916,1
120919,1
120920,1
120923,1
120935,1
120940,1
120946,1
120947,1
120948,1
120956,1
120977,1
120980,1
120985,1
120988,1
120993,1
120996,1
121005,1
121010,1
121011,1
121012,1
121015,1
121023,1
121027,1
121029,1
121030,1
121040,1
121041,1
121056,1
121059,1
121063,1
121064,1
121068,1
121069,1
121072,1
121078,1
121083,1
121087,1
121093,1
121101,1
121102,1
121107,1
121111,1
121113,1
121119,1
121120,1
121121,1
121130,1
121134,1
121136,1
121140,1
121143,1
121144,1
121145,1
121146,1
121148,1
121153,1
121158,1
121159,1
121160,1
121162,1
121169,1
121171,1
121175,1
121192,1
121200,1
121203,1
121205,1
121213,1
121216,1
121218,1
121223,1
121227,1
121230,1
121233,1
121237,1
121243,1
121266,1
121278,1
121284,1
121285,1
121289,1
121291,1
121294,1
121296,1
121305,1
121307,1
121312,1
121314,1
121318,1
121323,1
121324,1
121327,1
121336,1
121339,1
121341,1
121342,1
121347,1
121348,1
121353,1
121354,1
121357,1
121364,1
121367,1
121370,1
121381,1
121383,1
121390,1
121391,1
121394,1
121398,1
121405,1
121409,1
121416,1
121425,1
121428,1
121437,1
121439,1
121453,1
121467,1
121471,1
121472,1
121473,1
121477,1
121478,1
121480,1
121481,1
121486,1
121497,1
121507,1
121518,1
121527,1
121536,1
121538,1
121545,1
121563,1
121568,1
121569,1
121575,1
121577,1
121580,1
121588,1
121589,1
121591,1
121594,1
121603,1
121609,1
121629,1
121632,1
121633,1
121643,1
121656,1
121661,1
121669,1
121683,1
121685,1
121686,1
121688,1
121692,1
121697,1
121699,1
121706,1
121707,1
121710,0
121713,1
121719,0
121721,1
121726,1
121738,1
121739,1
121744,1
121747,1
121751,1
121755,1
121759,1
121762,1
121765,1
121767,1
121776,1
121778,1
121782,1
121783,1
121791,1
121796,1
121799,1
121804,1
121809,1
121816,1
121819,1
121822,1
121827,1
121833,1
121835,1
121842,1
121849,1
121855,1
121857,1
121858,1
121868,1
121870,1
121876,1
121879,1
121880,1
121895,1
121920,1
121925,1
121928,1
121930,1
121931,1
121932,1
121936,0
121954,1
121955,1
121961,1
121963,1
121966,1
121967,1
121975,1
121980,1
121985,1
121989,1
121991,1
121992,1
121995,1
121997,1
121999,1
122001,1
122004,1
122007,0
122016,1
122018,1
122019,1
122021,1
122023,1
122024,1
122027,1
122028,1
122029,1
122032,1
122040,1
122042,1
122046,1
122047,1
122048,1
122050,1
122058,1
122062,1
122069,1
122074,1
122075,1
122085,1
122089,1
122097,1
122112,1
122115,1
122118,1
122119,1
122126,1
122129,1
122137,1
122141,1
122142,1
122147,1
122154,1
122161,1
122166,1
122169,1
122170,1
122178,1
122180,1
122182,1
122185,1
122186,1
122187,1
122188,1
122189,1
122193,1
122195,1
122197,1
122210,1
122212,1
122236,1
122238,1
122242,1
122244,1
122249,1
122251,1
122257,1
122259,1
122261,1
122263,1
122269,1
122270,1
122273,1
122276,1
122278,1
122281,1
122283,1
122287,1
122291,1
122292,1
122293,1
122296,1
122306,1
122307,1
122318,1
122320,1
122321,1
122323,1
122325,1
122326,1
122331,1
122333,1
122345,1
122347,1
122348,1
122351,1
122355,1
122357,1
122363,1
122366,1
122367,1
122381,1
122384,1
122388,1
122389,1
122396,1
122398,1
122402,1
122405,1
122414,1
122415,1
122431,1
122432,1
122446,1
122448,1
122457,1
122467,1
122469,1
122474,1
122476,1
122481,1
122490,1
122503,1
122506,1
122507,1
122508,1
122513,1
122514,1
122516,1
122521,1
122531,1
122535,1
122546,1
122547,1
122550,1
122554,1
122561,1
122562,1
122577,0
122578,1
122579,1
122580,1
122585,1
122586,1
122589,1
122593,1
122594,1
122603,1
122606,1
122610,1
122616,1
122626,1
122641,1
122645,1
122646,1
122652,1
122653,1
122655,1
122656,1
122659,1
122662,1
122664,1
122668,1
122674,1
122694,1
122695,1
122707,1
122712,1
122716,1
122718,1
122726,1
122727,1
122728,1
122732,1
122735,1
122740,1
122749,1
122750,1
122751,1
122755,1
122759,1
122760,1
122762,1
122768,1
122770,1
122771,1
122786,1
122788,1
122802,1
122805,1
122806,1
122810,1
122811,1
122812,1
122816,1
122817,1
122818,1
122823,1
122824,1
122825,1
122829,1
122832,1
122834,1
122837,1
122841,1
122843,1
122848,1
122854,1
122855,1
122863,1
122866,1
122869,1
122871,1
122875,1
122877,1
122878,1
122888,1
122893,1
122894,1
122895,1
122896,1
122897,1
122907,1
122909,1
122914,1
122918,1
122920,1
122924,1
122932,1
122938,1
122940,1
122949,1
122965,1
122975,1
122980,1
122984,1
122986,1
122989,1
122991,1
122998,1
122999,1
123000,1
123003,1
123005,1
123008,1
123010,1
123015,1
123019,1
123021,1
123026,1
123029,1
123030,1
123035,1
123040,1
123043,1
123049,1
123052,1
123057,1
123067,1
123068,1
123071,1
123073,1
123075,1
123082,1
123083,1
123088,1
123095,1
123097,1
123098,1
123099,1
123110,1
123113,1
123127,1
123130,1
123131,1
123137,1
123138,1
123177,1
123180,1
123187,1
123188,1
123189,1
123200,1
123205,1
123208,1
123215,1
123225,1
123227,1
123233,1
123238,1
123250,1
123251,1
123252,1
123253,1
123259,1
123260,1
123264,1
123271,1
123272,1
123273,1
123277,1
123279,1
123280,1
123284,1
123289,1
123293,1
123302,1
123304,1
123305,1
123313,1
123315,1
123316,1
123319,1
123322,1
123331,1
123332,1
123333,1
123336,1
123339,1
123340,1
123348,1
123352,1
123353,1
123360,1
123364,1
123369,1
123371,1
123373,1
123407,1
123411,1
123418,1
123422,1
123425,1
123447,1
123451,1
123461,1
123462,1
123465,1
123466,1
123471,1
123472,1
123473,1
123483,1
123484,1
123489,1
123492,1
123495,1
123503,1
123508,0
123513,1
123516,1
123525,1
123528,1
123531,1
123533,1
123537,1
123551,1
123563,1
123575,1
123582,1
123585,1
123590,1
123594,1
123595,1
123596,1
123598,1
123600,1
123611,1
123612,1
123617,1
123622,1
123632,1
123635,1
123637,1
123642,1
123644,1
123661,1
123667,1
123682,1
123688,1
123689,1
123694,1
123696,1
123698,1
123706,0
123714,1
123717,1
123720,1
123722,1
123728,1
123733,1
123736,1
123737,1
123747,1
123754,1
123763,1
123766,1
123770,1
123775,1
123776,1
123781,1
123789,1
123790,1
123791,1
123798,1
123802,1
123811,1
123821,1
123837,1
123845,1
123855,1
123859,1
123862,1
123863,1
123864,1
123865,1
123867,1
123868,1
123872,1
123875,1
123891,1
123896,1
123898,1
123907,1
123909,1
123917,1
123923,1
123925,1
123931,1
123946,1
123947,1
123948,1
123958,1
123959,1
123976,1
123979,1
123981,1
123984,1
123986,1
124002,1
124006,1
124011,1
124012,1
124017,1
124021,1
124023,1
124032,1
124033,1
124036,1
124037,1
124043,1
124044,1
124045,1
124046,1
124051,1
124053,1
124060,1
124062,1
124066,1
124068,1
124073,1
124074,1
124078,1
124081,1
124085,1
124089,1
124093,1
124104,1
124105,1
124106,1
124107,1
124114,1
124121,1
124127,1
124131,1
124141,1
124147,1
124154,1
124160,1
124161,1
124169,1
124179,1
124184,1
124186,1
124188,1
124192,1
124194,1
124195,1
124198,1
124210,1
124211,1
124217,1
124218,1
124225,1
124228,1
124233,1
124234,1
124237,1
124238,1
124241,1
124244,1
124247,1
124248,1
124249,1
124252,1
124272,1
124273,1
124278,1
124285,1
124292,1
124301,1
124321,1
124327,1
124342,1
124343,1
124347,1
124351,1
124353,1
124356,1
124362,1
124370,1
124389,1
124390,1
124391,1
124393,1
124395,1
124401,1
124406,1
124408,1
124410,1
124415,1
124416,1
124424,1
124428,1
124431,1
124432,1
124433,1
124436,1
124439,1
124441,1
124442,1
124448,1
124454,1
124458,1
124466,1
124471,1
124472,1
124473,1
124477,1
124485,1
124487,1
124490,1
124495,1
124505,1
124507,1
124513,1
124526,1
124533,1
124542,1
124551,1
124552,1
124554,1
124555,0
124556,1
124562,1
124567,1
124571,1
124576,1
124583,1
124585,1
124598,1
124600,1
124608,1
124609,1
124611,1
124619,1
124633,1
124634,1
124635,1
124637,1
124642,1
124652,1
124659,1
124660,1
124664,1
124670,1
124678,1
124679,1
124683,1
124693,1
124701,1
124705,1
124706,1
124707,1
124721,1
124724,1
124725,1
124726,1
124727,1
124736,1
124737,1
124738,1
124744,1
124756,1
124769,1
124773,1
124781,1
124791,1
124797,1
124798,1
124809,1
124811,1
124815,1
124822,1
124831,1
124835,1
124838,1
124839,1
124841,1
124847,1
124871,1
124877,1
124890,1
124892,1
124902,1
124904,1
124906,1
124913,1
124915,1
124917,1
124921,1
124928,1
124933,1
124937,1
124945,1
124954,1
124970,1
124973,1
124982,1
124983,1
124992,1
125000,1
125002,1
125004,1
125015,1
125023,1
125027,1
125032,1
125041,1
125045,1
125052,1
125060,1
125069,1
125070,1
125073,1
125088,1
125097,1
125098,1
125099,1
125100,1
125104,1
125116,1
125127,1
125129,1
125133,1
125137,1
125138,1
125143,1
125144,1
125150,1
125153,1
125157,1
125183,1
125186,1
125188,0
125192,1
125193,1
125194,1
125198,1
125200,1
125207,1
125208,1
125223,1
125225,1
125236,1
125238,1
125240,1
125242,1
125247,1
125254,1
125261,1
125264,1
125266,1
125269,1
125274,1
125281,1
125283,1
125291,1
125294,1
125295,1
125299,1
125301,1
125306,1
125310,1
125313,1
125316,1
125318,1
125345,1
125353,1
125356,1
125358,1
125359,1
125362,1
125367,1
125369,1
125372,1
125373,1
125379,1
125380,1
125385,1
125392,1
125395,1
125396,1
125399,1
125400,1
125403,1
125411,1
125412,1
125418,1
125427,1
125428,1
125436,1
125458,1
125463,1
125464,1
125467,1
125472,1
125481,1
125483,1
125484,1
125490,1
125491,1
125496,1
125498,1
125502,1
125503,1
125504,1
125505,1
125512,1
125516,1
125527,1
125531,1
125535,1
125541,1
125544,1
125549,1
125554,1
125556,1
125564,1
125567,1
125575,1
125581,1
125588,1
125589,1
125596,1
125608,1
125614,1
125621,1
125626,1
125631,1
125636,1
125640,1
125641,1
125643,1
125645,1
125652,1
125654,1
125659,1
125660,1
125668,1
125673,1
125686,1
125690,1
125693,1
125705,1
125712,1
125713,1
125717,1
125721,1
125737,1
125739,1
125755,1
125760,1
125761,1
125764,1
125765,1
125766,1
125768,1
125772,1
125777,1
125780,1
125790,1
125798,1
125800,1
125814,1
125815,1
125819,1
125823,1
125837,1
125854,1
125855,1
125864,1
125866,1
125869,1
125892,1
125895,1
125914,1
125924,1
125927,1
125937,1
125940,1
125941,1
125944,1
125955,1
125957,1
125961,1
125963,1
125970,1
125971,1
125972,1
125975,1
125977,1
125984,1
125986,1
125996,1
126000,1
126018,1
126019,1
126023,1
126025,1
126031,1
126035,1
126042,1
126045,1
126049,1
126053,1
126054,1
126059,1
126062,1
126069,1
126072,1
126076,1
126082,1
126085,1
126086,1
126088,1
126091,1
126101,1
126107,1
126116,1
126124,1
126127,1
126129,1
126133,1
126138,1
126139,0
126142,1
126159,1
126167,1
126175,1
126184,1
126185,1
126188,1
126192,1
126200,1
126208,1
126210,1
126213,1
126214,1
126223,1
126225,1
126230,1
126239,1
126241,1
126247,1
126256,1
126257,1
126260,1
126263,1
126272,1
126280,1
126286,1
126291,1
126293,1
126295,1
126296,1
126298,1
126300,1
126303,1
126305,1
126308,1
126310,1
126311,1
126314,1
126317,1
126324,1
126328,1
126329,1
126330,1
126332,1
126333,1
126337,1
126343,1
126347,1
126350,1
126352,1
126354,1
126355,1
126366,1
126375,1
126377,1
126378,1
126384,1
126405,1
126411,1
126422,1
126424,1
126429,1
126445,1
126446,1
126458,1
126461,1
126466,1
126468,1
126469,1
126474,1
126478,1
126483,1
126487,1
126492,1
126501,1
126506,1
126509,1
126511,1
126515,1
126519,1
126526,1
126528,1
126537,1
126542,1
126545,1
126549,1
126554,1
126566,1
126577,1
126581,1
126584,1
126585,1
126586,1
126588,1
126600,1
126603,1
126604,1
126607,1
126622,1
126625,1
126628,1
126630,1
126631,1
126636,1
126638,1
126641,1
126651,1
126656,1
126666,1
126679,1
126693,1
126710,1
126720,1
126723,1
126727,1
126738,1
126742,1
126743,1
126760,1
126765,1
126776,1
126777,1
126778,1
126780,1
126781,1
126792,1
126796,1
126800,1
126805,1
126806,1
126807,1
126809,1
126811,1
126817,1
126823,1
126830,1
126837,1
126839,1
126840,1
126841,1
126842,1
126843,1
126847,1
126849,1
126852,1
126857,1
126859,1
126866,1
126878,1
126880,1
126884,1
126885,1
126886,1
126887,1
126894,1
126896,1
126899,1
126904,1
126910,1
126916,1
126919,1
126928,1
126931,1
126934,1
126944,1
126947,1
126951,1
126954,1
126955,1
126959,1
126966,1
126969,1
126974,1
126989,1
126990,1
126995,1
126997,1
127005,1
127006,1
127007,1
127013,1
127014,0
127026,1
127028,1
127034,1
127035,1
127046,1
127047,1
127048,1
127051,1
127054,1
127061,1
127063,1
127064,1
127067,1
127068,1
127071,1
127079,0
127090,1
127092,1
127095,1
127103,1
127104,1
127105,1
127106,1
127124,1
127127,1
127139,1
127140,0
127144,1
127149,1
127151,1
127156,1
127166,1
127170,1
127180,1
127182,1
127185,1
127186,1
127187,1
127193,1
127196,1
127197,1
127209,1
127215,1
127218,1
127220,1
127223,1
127227,1
127232,1
127233,1
127237,1
127240,1
127260,1
127262,1
127269,1
127270,1
127281,1
127282,1
127288,1
127289,1
127292,1
127314,1
127326,1
127327,1
127339,1
127342,1
127345,1
127347,1
127351,1
127353,1
127355,1
127359,1
127365,1
127366,1
127374,1
127378,1
127387,1
127388,1
127390,1
127393,1
127400,1
127405,1
127406,1
127421,1
127430,1
127436,1
127438,1
127449,1
127450,1
127454,1
127455,1
127461,1
127462,1
127465,1
127467,1
127479,1
127481,1
127482,1
127490,1
127491,1
127495,1
127496,1
127498,1
127500,1
127511,1
127516,1
127522,1
127523,1
127526,1
127528,1
127529,1
127532,1
127533,1
127534,1
127535,1
127537,1
127539,1
127545,1
127548,1
127554,1
127566,1
127573,1
127579,1
127592,1
127594,1
127598,1
127610,1
127611,1
127613,1
127628,1
127639,1
127640,1
127641,1
127642,1
127644,1
127650,1
127654,1
127660,1
127667,1
127669,1
127670,1
127676,1
127677,1
127680,1
127686,1
127689,1
127693,1
127695,1
127699,1
127701,1
127702,1
127710,1
127715,1
127718,1
127723,1
127729,1
127730,1
127733,1
127734,1
127735,1
127736,1
127741,1
127742,1
127748,1
127749,1
127756,1
127757,1
127775,1
127778,1
127782,1
127788,1
127789,1
127793,1
127794,1
127799,1
127801,1
127802,1
127815,1
127828,1
127829,1
127837,1
127840,1
127856,1
127859,1
127862,1
127875,1
127876,1
127884,1
127886,1
127892,1
127905,1
127912,1
127918,1
127919,1
127927,1
127935,1
127940,1
127943,1
127945,1
127961,1
127962,1
127963,1
127964,1
127967,1
127976,1
127994,1
127995,1
127996,1
127997,1
128007,1
128008,1
128015,1
128016,1
128017,1
128025,1
128028,1
128029,1
128034,1
128036,1
128047,1
128053,1
128060,1
128061,1
128062,1
128063,1
128066,1
128067,1
128069,1
128070,1
128072,1
128079,1
128085,1
128086,1
128091,1
128093,1
128094,1
128098,1
128099,1
128102,1
128104,1
128105,1
128106,1
128108,1
128110,1
128115,1
128122,1
128123,1
128127,1
128132,1
128133,1
128135,1
128137,1
128138,1
128145,1
128149,1
128153,1
128155,1
128159,1
128160,1
128161,1
128163,1
128167,1
128168,1
128180,1
128184,1
128190,1
128196,1
128197,1
128199,1
128211,1
128214,1
128217,1
128218,1
128235,1
128237,1
128238,1
128239,1
128241,1
128242,1
128243,1
128245,1
128260,1
128261,1
128265,1
128269,1
128275,1
128279,1
128284,1
128285,1
128287,1
128316,1
128320,1
128324,1
128329,1
128335,1
128336,1
128337,1
128340,1
128344,1
128356,1
128361,1
128366,1
128376,1
128381,1
128383,1
128384,1
128387,1
128389,1
128395,1
128402,1
128404,1
128407,1
128409,1
128415,1
128416,1
128422,1
128433,1
128439,1
128442,1
128443,1
128444,1
128446,1
128447,1
128452,1
128461,1
128464,1
128465,1
128468,1
128471,1
128472,1
128477,1
128479,1
128483,1
128485,1
128493,1
128505,1
128506,1
128507,1
128510,1
128514,1
128515,1
128516,1
128518,1
128529,1
128538,1
128540,1
128543,1
128550,1
128552,1
128554,1
128556,1
128559,1
128560,1
128564,1
128565,1
128569,1
128597,1
128599,1
128602,1
128607,1
128608,1
128612,1
128613,1
128615,1
128616,1
128617,1
128620,1
128623,1
128625,1
128630,1
128631,1
128634,1
128637,1
128647,1
128652,1
128658,1
128667,1
128668,1
128673,1
128676,1
128699,1
128704,1
128705,1
128706,1
128714,1
128717,1
128718,1
128721,1
128722,1
128736,1
128739,1
128743,1
128749,1
128750,1
128761,1
128764,1
128772,1
128785,1
128792,1
128804,1
128809,1
128810,1
128811,1
128812,1
128814,1
128815,1
128831,1
128852,1
128855,1
128870,1
128877,1
128879,1
128883,1
128884,1
128890,1
128891,1
128902,1
128904,1
128905,1
128910,1
128914,1
128921,1
128922,1
128927,1
128934,1
128939,1
128946,1
128949,1
128959,1
128962,1
128970,1
128972,1
128975,1
128979,1
128983,1
128990,1
128991,1
128992,1
128997,1
128998,1
129003,1
129005,1
129008,1
129009,1
129010,1
129011,1
129012,1
129019,1
129024,1
129028,1
129036,1
129038,1
129041,1
129042,1
129045,1
129048,1
129053,1
129054,1
129056,1
129058,1
129064,1
129065,1
129066,1
129073,1
129079,1
129088,1
129089,1
129095,1
129103,1
129105,1
129108,1
129118,1
129120,1
129122,1
129125,1
129126,1
129130,1
129146,1
129149,1
129150,1
129155,1
129162,1
129167,1
129170,1
129171,1
129172,1
129182,1
129195,1
129211,1
129225,1
129227,1
129229,1
129231,1
129232,1
129240,1
129242,1
129249,1
129251,1
129252,1
129269,1
129279,1
129292,1
129298,1
129299,1
129302,1
129306,1
129309,1
129316,1
129319,1
129322,1
129335,1
129346,1
129348,1
129353,1
129362,1
129364,1
129365,1
129369,1
129371,1
129373,1
129377,1
129381,1
129382,1
129399,1
129408,1
129409,1
129413,1
129420,1
129422,1
129431,1
129436,1
129438,1
129441,1
129444,1
129459,1
129463,1
129466,1
129469,1
129474,1
129479,1
129482,1
129485,1
129487,1
129491,1
129494,1
129500,1
129517,1
129525,1
129531,1
129533,1
129537,1
129547,1
129552,1
129556,1
129557,1
129562,1
129564,1
129568,1
129571,1
129572,1
129576,1
129583,1
129584,1
129587,1
129590,1
129591,1
129595,1
129598,1
129599,1
129606,1
129609,1
129611,1
129615,1
129616,1
129619,1
129623,1
129625,1
129628,1
129629,1
129637,1
129644,1
129649,1
129650,1
129670,1
129674,1
129675,1
129677,1
129682,1
129693,1
129711,1
129714,1
129715,1
129717,1
129723,1
129730,1
129731,1
129734,1
129735,1
129740,1
129748,1
129751,1
129759,1
129763,1
129770,1
129772,1
129776,1
129777,1
129779,1
129780,1
129785,1
129793,1
129796,1
129801,1
129802,1
129806,1
129807,1
129811,1
129813,1
129816,1
129817,1
129820,1
129829,1
129845,1
129848,1
129862,1
129869,1
129872,1
129902,1
129913,1
129926,1
129928,1
129929,1
129940,1
129941,1
129950,1
129967,1
129969,1
129975,1
129986,1
129996,1
129997,1
130001,1
130002,1
130004,1
130005,1
130009,1
130013,1
130033,1
130035,1
130037,1
130039,1
130044,1
130047,1
130051,1
130053,1
130055,1
130060,1
130061,1
130067,1
130071,1
130073,1
130078,1
130083,1
130084,1
130088,1
130089,1
130090,1
130091,1
130093,1
130101,1
130102,1
130106,1
130107,1
130109,1
130114,1
130123,1
130131,1
130133,1
130142,1
130144,1
130149,1
130156,1
130165,1
130167,1
130179,1
130188,1
130202,1
130203,1
130204,1
130207,1
130214,1
130215,1
130216,1
130226,1
130230,1
130231,1
130232,1
130233,1
130235,1
130238,1
130249,1
130253,1
130254,1
130257,1
130264,1
130266,1
130269,1
130272,1
130275,1
130278,1
130280,1
130285,1
130289,1
130292,1
130299,1
130301,1
130306,1
130312,1
130313,1
130315,1
130332,1
130336,1
130338,1
130345,1
130347,1
130350,1
130356,1
130359,1
130366,1
130367,1
130369,1
130373,1
130376,1
130379,1
130388,1
130394,1
130396,1
130413,1
130419,1
130421,1
130426,1
130428,1
130431,1
130436,1
130438,1
130444,1
130447,1
130449,1
130450,1
130454,1
130459,1
130461,1
130462,1
130465,1
130466,1
130468,1
130473,1
130477,1
130478,1
130484,1
130487,1
130497,1
130498,1
130502,1
130503,1
130505,1
130509,1
130511,1
130517,0
130522,1
130530,1
130533,1
130536,1
130538,1
130544,1
130550,1
130551,1
130557,1
130567,1
130570,1
130571,1
130574,1
130577,1
130579,1
130583,1
130588,1
130589,1
130590,1
130591,1
130594,1
130595,1
130602,1
130610,1
130611,1
130612,1
130614,1
130619,1
130620,1
130621,1
130631,1
130635,1
130638,1
130645,1
130647,1
130649,1
130650,1
130651,1
130652,1
130654,1
130662,1
130663,1
130664,1
130668,1
130675,1
130680,1
130682,1
130685,1
130687,1
130699,1
130712,1
130717,1
130718,1
130719,1
130728,1
130737,1
130740,1
130750,1
130755,1
130763,1
130769,1
130776,1
130783,1
130788,1
130791,1
130795,1
130798,1
130803,1
130806,1
130809,1
130810,1
130823,1
130830,1
130834,0
130835,1
130842,1
130844,1
130845,1
130847,1
130853,1
130854,1
130859,1
130862,1
130864,1
130867,1
130873,1
130881,1
130883,0
130885,1
130888,1
130896,1
130898,1
130899,1
130905,1
130913,1
130917,1
130919,1
130920,1
130922,1
130924,1
130925,1
130926,1
130927,1
130929,1
130930,1
130934,1
130936,1
130937,1
130938,1
130939,1
130940,1
130941,1
130951,1
130954,1
130969,1
130971,1
130974,1
130985,1
130990,1
131002,1
131004,1
131005,1
131015,1
131017,1
131021,1
131028,1
131042,1
131043,1
131048,1
131050,1
131051,1
131062,1
131071,1
131074,1
131085,1
131088,1
131093,1
131094,1
131095,1
131103,1
131108,1
131114,1
131121,1
131122,1
131123,1
131129,1
131133,1
131142,1
131160,1
131165,1
131167,1
131170,1
131172,1
131180,1
131192,1
131198,1
131200,1
131209,1
131211,1
131212,1
131218,1
131221,1
131229,1
131233,1
131236,1
131245,1
131253,1
131261,1
131264,1
131274,1
131281,1
131283,1
131297,1
131299,1
131301,1
131303,1
131308,1
131313,1
131314,1
131323,0
131326,1
131327,1
131329,1
131333,1
131339,1
131347,1
131357,1
131359,1
131366,1
131367,1
131377,1
131386,1
131393,1
131394,1
131399,1
131412,1
131425,1
131428,1
131442,1
131444,1
131449,1
131452,1
131453,1
131456,1
131463,1
131464,1
131465,1
131468,1
131469,1
131472,1
131476,1
131483,1
131487,1
131493,1
131503,1
131505,1
131507,1
131508,1
131509,1
131523,1
131524,1
131529,1
131532,1
131537,1
131539,1
131540,1
131542,1
131543,1
131544,1
131546,1
131548,1
131551,1
131553,1
131559,1
131573,1
131578,1
131580,1
131587,1
131590,1
131594,1
131596,1
131609,1
131616,1
131619,1
131620,1
131628,1
131630,1
131644,1
131669,1
131671,1
131679,1
131680,1
131692,1
131693,1
131698,1
131699,1
131709,1
131713,1
131718,1
131724,1
131725,1
131728,1
131733,1
131741,1
131751,1
131752,1
131766,1
131769,1
131778,1
131783,1
131784,1
131793,1
131794,1
131804,1
131805,1
131807,1
131815,1
131820,1
131821,1
131823,1
131825,1
131826,1
131831,1
131838,1
131841,1
131846,1
131847,1
131849,1
131850,1
131854,1
131858,1
131861,1
131863,1
131866,1
131869,1
131873,1
131884,1
131886,1
131895,1
131896,1
131901,1
131913,1
131920,1
131930,1
131932,1
131934,1
131937,1
131938,1
131946,1
131950,1
131972,1
131979,1
131980,1
131981,1
131982,1
131983,1
131985,1
131990,1
131998,1
132002,1
132008,1
132014,1
132025,1
132027,1
132031,1
132032,1
132037,1
132045,1
132046,1
132047,1
132056,1
132058,1
132059,1
132063,1
132070,1
132072,1
132073,1
132079,1
132087,1
132095,1
132097,1
132106,1
132109,1
132111,1
132120,1
132121,1
132129,1
132131,1
132140,1
132143,1
132147,1
132151,1
132159,1
132160,1
132162,1
132167,1
132170,1
132171,1
132173,1
132180,1
132182,1
132184,1
132186,1
132187,1
132191,1
132203,1
132206,1
132211,1
132214,1
132222,1
132237,1
132238,1
132245,1
132246,1
132247,1
132248,1
132250,1
132251,1
132258,0
132259,1
132263,1
132268,1
132281,1
132286,1
132288,1
132298,1
132309,1
132310,1
132312,1
132313,1
132316,1
132322,1
132323,1
132324,1
132332,1
132357,1
132371,1
132374,1
132375,1
132376,1
132382,1
132387,1
132389,1
132394,1
132395,1
132404,1
132408,1
132412,1
132422,1
132426,1
132429,1
132430,1
132432,1
132434,1
132444,1
132445,1
132455,1
132457,1
132463,1
132464,1
132465,1
132469,1
132471,1
132472,1
132475,1
132477,1
132484,1
132485,1
132486,1
132492,1
132495,1
132498,1
132504,1
132511,1
132512,1
132515,1
132516,1
132517,1
132520,1
132538,1
132539,1
132542,1
132544,1
132547,1
132550,1
132553,1
132558,1
132562,1
132565,1
132569,1
132573,1
132582,1
132587,1
132588,1
132593,1
132597,1
132601,1
132607,1
132613,1
132615,1
132619,1
132620,1
132627,1
132630,1
132637,1
132638,1
132644,1
132648,1
132653,1
132655,1
132658,1
132659,1
132673,1
132681,1
132687,1
132689,1
132696,1
132702,1
132703,1
132704,1
132708,1
132710,1
132713,1
132716,1
132717,1
132720,1
132734,1
132747,1
132751,1
132760,1
132773,1
132778,1
132786,1
132792,1
132794,1
132796,1
132803,1
132806,1
132807,1
132810,1
132811,1
132819,1
132830,1
132831,1
132835,1
132836,1
132838,1
132855,1
132858,1
132861,1
132867,1
132869,1
132871,1
132875,1
132876,1
132877,1
132878,1
132882,1
132899,1
132913,1
132914,1
132916,1
132917,1
132918,1
132919,1
132924,1
132926,1
132931,1
132932,1
132934,1
132935,1
132952,1
132973,1
132975,1
132978,1
132988,1
132997,1
132998,1
132999,1
133000,1
133001,1
133006,1
133007,1
133010,1
133015,1
133019,1
133026,1
133027,1
133034,1
133042,1
133043,1
133047,1
133050,1
133051,1
133056,1
133058,1
133059,1
133065,1
133076,1
133078,1
133089,1
133091,1
133097,1
133099,1
133102,1
133105,1
133111,1
133112,1
133113,1
133114,1
133115,1
133116,1
133118,1
133119,1
133127,1
133128,1
133136,1
133137,1
133138,1
133140,1
133157,1
133176,1
133177,1
133180,1
133189,1
133194,1
133198,1
133203,1
133204,1
133207,1
133216,1
133231,1
133235,1
133243,1
133253,1
133265,1
133266,1
133268,1
133269,1
133278,1
133279,1
133282,1
133283,1
133303,1
133304,1
133317,1
133318,1
133324,1
133326,1
133329,1
133332,1
133337,1
133340,1
133348,1
133353,1
133359,1
133375,1
133376,1
133378,1
133385,1
133391,1
133393,1
133394,1
133403,1
133412,1
133414,1
133422,1
133426,1
133428,1
133430,1
133431,1
133432,1
133435,1
133436,1
133437,0
133439,1
133444,1
133445,1
133449,1
133450,1
133459,1
133461,1
133467,1
133469,1
133471,1
133474,1
133476,1
133480,1
133481,1
133487,1
133503,1
133505,1
133506,1
133515,1
133526,1
133530,1
133537,1
133543,1
133545,1
133547,1
133564,1
133568,1
133571,1
133575,1
133580,1
133586,1
133592,1
133596,1
133599,1
133604,1
133612,1
133614,1
133622,1
133625,1
133626,1
133642,1
133649,1
133652,1
133653,1
133656,1
133658,1
133659,1
133664,1
133685,1
133686,1
133690,1
133695,1
133698,1
133700,1
133702,1
133710,1
133717,1
133719,1
133725,1
133726,1
133731,1
133733,1
133734,1
133739,1
133740,1
133760,1
133766,1
133769,1
133773,1
133779,1
133783,1
133787,1
133791,1
133800,1
133802,1
133803,1
133805,1
133809,1
133818,1
133823,1
133826,1
133834,1
133840,1
133846,1
133849,1
133851,1
133854,1
133867,1
133868,1
133869,1
133872,1
133877,1
133886,1
133890,1
133898,1
133914,1
133915,1
133919,1
133923,1
133930,1
133932,1
133949,1
133950,1
133959,1
133961,1
133963,1
133967,1
133969,1
133972,1
133973,1
133989,1
134002,1
134004,1
134008,1
134017,1
134018,1
134019,1
134034,1
134035,1
134037,1
134040,1
134041,1
134044,1
134045,1
134056,1
134073,1
134079,1
134081,1
134082,1
134092,1
134093,1
134101,1
134107,1
134110,1
134111,1
134112,1
134118,1
134126,1
134128,1
134143,1
134156,1
134161,1
134162,1
134164,1
134170,1
134179,1
134182,1
134184,1
134191,1
134192,1
134196,1
134198,1
134199,1
134205,1
134207,1
134208,1
134214,1
134222,1
134223,1
134225,1
134227,1
134228,1
134229,1
134231,1
134233,1
134234,1
134256,1
134259,1
134263,1
134264,1
134267,1
134270,1
134276,1
134278,1
134279,1
134280,1
134282,1
134283,1
134284,1
134289,1
134301,1
134303,1
134308,1
134313,1
134317,1
134319,1
134321,1
134324,1
134327,1
134328,1
134336,1
134337,1
134339,1
134343,1
134345,1
134346,1
134347,1
134348,1
134350,1
134358,1
134360,1
134362,1
134365,1
134367,1
134373,1
134390,0
134393,1
134398,1
134411,1
134415,1
134418,1
134426,1
134428,1
134431,1
134433,1
134437,1
134442,1
134445,1
134449,1
134453,1
134461,1
134466,1
134471,1
134473,1
134475,1
134478,1
134479,1
134481,1
134483,1
134485,1
134492,1
134495,1
134502,1
134504,1
134506,1
134507,1
134511,1
134514,1
134516,1
134526,1
134528,1
134530,1
134539,1
134540,1
134549,1
134552,1
134556,1
134563,1
134572,1
134574,1
134578,1
134593,1
134594,1
134596,1
134599,1
134605,1
134606,1
134607,1
134610,1
134625,1
134631,1
134633,1
134639,1
134654,1
134656,1
134659,1
134662,1
134664,1
134671,1
134672,1
134673,1
134678,1
134685,1
134694,1
134697,1
134713,1
134714,1
134715,1
134719,1
134727,1
134728,1
134729,1
134732,1
134735,1
134738,1
134740,1
134742,1
134749,0
134750,1
134754,1
134759,1
134760,1
134761,1
134764,1
134767,1
134773,1
134774,1
134793,1
134794,1
134807,1
134811,1
134813,1
134814,1
134819,1
134831,1
134844,1
134853,1
134861,1
134862,1
134875,1
134876,1
134879,1
134880,1
134889,1
134894,1
134902,1
134905,1
134908,1
134911,1
134912,1
134913,1
134920,1
134933,1
134937,1
134940,1
134942,1
134950,1
134953,1
134957,1
134967,1
134969,1
134972,1
134976,1
134980,1
134985,1
134986,1
134990,1
134995,1
134998,1
134999,1
135003,1
135010,1
135011,1
135014,1
135015,1
135020,1
135025,1
135030,1
135032,1
135044,1
135046,1
135049,0
135050,1
135051,1
135055,1
135059,1
135060,1
135063,1
135068,1
135077,1
135083,1
135102,1
135106,1
135113,1
135121,1
135133,1
135135,1
135137,1
135141,1
135154,1
135157,1
135158,1
135161,1
135163,1
135164,1
135166,1
135171,1
135177,1
135178,1
135179,1
135180,1
135196,1
135200,1
135201,1
135202,1
135208,1
135212,1
135213,1
135218,1
135221,1
135227,1
135230,1
135237,1
135245,1
135246,1
135249,0
135257,1
135261,1
135265,1
135266,1
135271,1
135277,1
135283,1
135293,1
135295,1
135299,1
135305,1
135306,1
135307,1
135314,1
135316,1
135336,1
135343,1
135345,1
135349,1
135352,1
135357,1
135367,1
135372,1
135375,1
135377,1
135378,1
135385,1
135402,1
135412,1
135414,1
135416,1
135421,1
135424,1
135427,1
135430,1
135434,1
135435,1
135436,1
135445,1
135458,1
135464,1
135465,1
135467,1
135472,1
135476,1
135477,1
135486,1
135490,1
135492,1
135495,1
135497,1
135508,1
135517,1
135521,1
135523,1
135527,1
135528,1
135533,1
135554,1
135557,1
135563,1
135570,1
135582,1
135587,1
135588,1
135590,1
135593,1
135607,1
135611,1
135616,1
135617,1
135618,1
135619,1
135620,1
135627,1
135634,1
135636,1
135641,1
135647,1
135649,1
135650,1
135653,1
135661,1
135668,1
135690,1
135691,1
135693,1
135695,1
135698,1
135700,1
135702,1
135703,1
135718,1
135719,1
135723,1
135736,1
135743,1
135749,1
135759,1
135763,1
135765,1
135768,1
135769,1
135771,1
135774,1
135800,1
135804,1
135813,1
135814,1
135816,1
135817,1
135818,1
135820,1
135821,1
135822,1
135833,1
135844,1
135847,1
135850,1
135851,1
135853,1
135862,1
135864,1
135865,1
135866,1
135871,1
135872,1
135875,1
135887,1
135889,1
135895,1
135897,1
135904,1
135905,1
135906,1
135913,1
135916,1
135918,1
135926,1
135928,1
135930,1
135933,1
135934,1
135937,1
135941,1
135949,1
135953,1
135962,1
135963,1
135967,1
135970,1
135972,1
135976,1
135986,1
136005,1
136006,1
136019,1
136020,1
136021,1
136024,1
136026,1
136032,1
136041,1
136043,1
136048,1
136054,1
136055,1
136056,1
136058,1
136066,1
136070,1
136080,1
136084,1
136085,1
136095,1
136101,1
136115,1
136117,1
136130,1
136136,1
136143,1
136144,1
136149,1
136162,1
136163,1
136171,1
136175,1
136176,1
136181,1
136188,1
136197,1
136198,1
136200,1
136201,1
136209,1
136211,1
136213,1
136224,1
136225,1
136231,1
136236,1
136237,1
136243,1
136245,1
136248,1
136249,1
136250,1
136251,1
136254,1
136255,1
136257,1
136260,0
136264,1
136277,1
136283,1
136285,1
136295,1
136298,1
136309,1
136317,1
136321,1
136329,1
136333,1
136348,1
136350,1
136373,1
136376,1
136387,1
136391,1
136392,1
136394,1
136397,1
136400,1
136401,1
136404,1
136406,1
136407,1
136414,1
136428,1
136435,1
136437,1
136452,1
136453,1
136465,1
136466,1
136467,1
136475,1
136476,1
136481,1
136483,1
136484,1
136487,1
136492,1
136494,1
136500,1
136509,1
136516,1
136518,1
136519,1
136521,1
136522,1
136523,1
136524,1
136529,1
136534,1
136538,1
136541,1
136544,1
136550,1
136566,1
136569,1
136573,1
136576,1
136583,1
136596,1
136597,1
136600,1
136603,1
136604,1
136605,1
136609,1
136617,1
136618,1
136624,1
136627,1
136632,1
136636,1
136638,1
136640,1
136645,1
136655,1
136663,1
136664,1
136665,1
136667,1
136668,1
136676,1
136682,1
136695,1
136697,1
136708,1
136713,1
136715,1
136717,1
136721,1
136727,1
136728,1
136731,1
136732,0
136739,1
136741,1
136756,1
136762,1
136770,1
136780,1
136784,1
136785,1
136792,1
136806,1
136810,1
136812,1
136814,1
136822,1
136824,1
136831,1
136848,1
136849,1
136851,1
136852,1
136857,1
136861,1
136862,1
136866,1
136872,1
136878,1
136880,1
136883,1
136886,1
136891,1
136893,1
136899,1
136912,1
136913,1
136920,1
136923,1
136934,1
136935,1
136936,1
136946,1
136948,1
136951,1
136953,1
136958,1
136966,1
136967,1
136978,1
136980,1
136981,1
136991,1
136992,1
136993,1
136999,1
137003,1
137005,1
137006,1
137015,1
137020,1
137023,1
137029,1
137038,1
137045,1
137047,1
137050,1
137053,1
137054,1
137055,1
137064,1
137070,1
137087,1
137090,1
137096,1
137098,1
137099,1
137103,1
137105,1
137111,1
137112,1
137114,1
137115,1
137117,1
137120,1
137122,1
137125,1
137140,1
137142,1
137144,1
137152,1
137158,1
137160,1
137164,1
137166,1
137167,1
137187,1
137188,1
137189,1
137193,1
137204,1
137208,1
137209,1
137210,1
137227,1
137230,1
137232,1
137241,1
137243,1
137251,1
137255,1
137262,1
137265,1
137274,1
137280,1
137282,1
137285,1
137293,1
137295,1
137298,1
137316,1
137332,1
137334,1
137337,1
137339,1
137349,1
137352,1
137368,1
137374,1
137379,1
137383,1
137384,1
137392,1
137393,1
137394,1
137399,1
137401,1
137410,1
137412,1
137415,1
137422,1
137424,1
137434,1
137436,1
137439,1
137448,1
137449,1
137451,1
137463,1
137465,1
137479,1
137484,1
137485,1
137497,1
137499,1
137501,1
137504,1
137508,1
137510,1
137521,1
137522,1
137524,1
137534,1
137538,1
137540,1
137547,1
137550,1
137551,1
137553,1
137558,1
137573,1
137574,1
137577,1
137578,1
137583,1
137586,1
137592,1
137596,1
137601,1
137626,1
137627,1
137634,1
137635,1
137652,1
137653,1
137659,1
137666,1
137670,1
137674,1
137694,1
137697,1
137700,1
137702,1
137703,1
137705,1
137710,1
137717,1
137718,1
137721,1
137723,1
137738,1
137742,1
137744,1
137752,1
137773,1
137780,1
137781,1
137786,1
137787,1
137792,1
137797,1
137805,1
137809,1
137810,1
137815,1
137820,1
137824,1
137829,1
137831,1
137832,1
137834,1
137836,1
137853,1
137856,1
137860,1
137861,1
137863,1
137865,1
137878,1
137888,1
137889,1
137894,1
137895,1
137897,1
137905,1
137909,1
137918,1
137921,1
137932,1
137937,1
137938,1
137951,1
137959,1
137961,1
137967,1
137968,1
137970,1
137980,1
137983,1
137990,1
137992,1
138007,1
138010,1
138017,1
138018,1
138019,1
138020,1
138024,1
138032,1
138033,1
138037,1
138041,1
138043,1
138045,1
138046,1
138048,1
138054,1
138067,1
138074,1
138077,1
138084,1
138086,1
138087,1
138090,1
138091,1
138094,1
138097,1
138108,1
138122,1
138131,1
138133,1
138138,1
138139,1
138141,1
138145,1
138147,1
138148,1
138152,1
138153,1
138157,1
138158,1
138164,1
138165,1
138166,1
138174,1
138175,1
138180,1
138181,1
138182,1
138188,1
138194,1
138196,1
138205,1
138206,1
138210,1
138216,1
138220,1
138229,1
138244,1
138247,1
138255,1
138272,1
138274,1
138278,1
138281,1
138282,1
138296,1
138300,1
138301,1
138303,1
138304,1
138308,1
138324,1
138328,1
138329,1
138332,1
138340,1
138342,1
138346,1
138359,1
138360,1
138364,1
138370,1
138379,1
138384,1
138390,1
138392,1
138398,1
138401,1
138412,1
138413,1
138420,1
138428,1
138432,1
138436,1
138449,1
138457,1
138459,1
138467,1
138471,1
138472,1
138474,1
138478,1
138485,1
138487,1
138488,1
138490,1
138496,1
138498,1
138504,1
138505,1
138511,1
138514,1
138519,1
138520,1
138527,1
138529,1
138534,1
138539,1
138546,1
138549,1
138551,1
138555,1
138557,1
138558,1
138559,1
138564,1
138565,1
138568,1
138569,1
138574,1
138581,1
138583,1
138587,1
138593,1
138596,1
138598,1
138605,1
138606,1
138608,1
138612,1
138617,1
138620,1
138621,1
138629,1
138630,1
138632,1
138639,1
138640,1
138646,1
138650,1
138655,1
138658,1
138670,1
138676,1
138686,1
138688,1
138690,1
138697,1
138701,1
138706,1
138707,1
138708,1
138710,1
138720,1
138727,1
138729,1
138731,1
138735,1
138736,1
138740,1
138741,1
138746,1
138749,1
138754,1
138762,1
138763,1
138765,1
138767,1
138774,1
138776,1
138786,1
138804,1
138807,1
138812,1
138813,1
138821,1
138825,1
138836,0
138839,1
138841,1
138843,1
138844,1
138847,1
138852,1
138860,1
138869,1
138870,1
138873,1
138874,1
138877,1
138878,1
138882,1
138883,1
138884,1
138891,1
138903,1
138906,1
138907,1
138908,1
138909,1
138911,1
138913,1
138915,1
138919,1
138927,1
138938,1
138948,1
138965,1
138966,1
138967,1
138970,1
138972,1
138993,1
139010,1
139020,1
139030,1
139038,1
139040,1
139044,1
139046,1
139056,1
139058,1
139060,1
139069,1
139071,1
139086,1
139088,1
139092,1
139094,1
139108,1
139109,1
139118,1
139130,1
139134,1
139140,1
139141,1
139147,1
139150,1
139151,1
139154,1
139158,1
139162,1
139164,1
139167,1
139170,1
139175,1
139179,1
139190,1
139192,1
139195,1
139210,1
139218,1
139221,1
139222,1
139231,1
139232,1
139236,1
139237,1
139242,1
139255,1
139259,1
139262,1
139263,1
139267,1
139271,1
139273,1
139277,1
139299,1
139306,1
139308,1
139315,1
139317,1
139320,1
139321,1
139331,1
139333,1
139338,1
139347,1
139351,1
139357,1
139358,1
139359,1
139379,1
139380,1
139396,1
139398,1
139404,1
139409,1
139414,1
139417,1
139420,1
139423,1
139424,1
139425,1
139426,1
139430,1
139440,1
139446,1
139451,1
139455,1
139460,1
139463,1
139465,1
139467,1
139471,1
139485,1
139490,1
139494,1
139497,1
139499,1
139502,1
139504,1
139507,1
139508,1
139509,1
139515,1
139518,1
139522,1
139532,1
139534,1
139543,1
139544,1
139545,1
139549,1
139552,1
139554,1
139561,1
139565,1
139577,1
139581,1
139590,1
139595,1
139600,1
139602,1
139609,1
139610,1
139615,1
139619,1
139620,1
139622,1
139625,1
139626,1
139633,1
139637,1
139646,1
139657,1
139672,1
139676,1
139678,1
139679,1
139681,1
139689,1
139693,1
139694,1
139698,1
139713,1
139715,1
139717,1
139720,1
139724,1
139729,1
139749,1
139752,1
139758,1
139759,1
139763,1
139770,1
139771,1
139774,1
139778,1
139783,1
139795,1
139798,1
139799,1
139806,1
139808,1
139817,1
139828,1
139843,1
139853,1
139865,1
139866,1
139868,1
139885,1
139898,1
139900,1
139902,1
139905,1
139907,1
139908,1
139913,1
139916,1
139917,1
139918,1
139927,1
139933,1
139936,1
139938,1
139942,1
139944,1
139946,1
139953,1
139955,1
139964,1
139965,1
139968,1
139972,1
139974,1
139975,1
139981,1
139984,1
139986,1
139991,1
139994,1
139999,1
140003,1
140012,1
140015,1
140021,1
140033,1
140043,1
140047,1
140048,1
140054,1
140060,1
140063,1
140074,1
140079,1
140086,1
140090,1
140099,1
140101,1
140102,1
140116,1
140118,1
140128,1
140129,1
140134,1
140145,1
140146,0
140147,1
140150,1
140151,1
140160,1
140161,1
140166,1
140170,1
140174,1
140175,1
140181,1
140183,1
140184,1
140186,1
140188,1
140191,1
140193,1
140195,1
140196,1
140200,1
140205,1
140206,1
140207,1
140209,1
140216,1
140222,1
140223,1
140224,1
140227,1
140229,1
140240,1
140244,1
140256,1
140257,1
140263,1
140271,1
140279,1
140290,1
140298,1
140306,1
140326,1
140327,1
140335,1
140346,1
140362,1
140364,1
140370,1
140378,1
140380,1
140388,1
140390,1
140391,0
140392,1
140393,1
140396,1
140399,1
140403,1
140407,1
140408,1
140417,1
140423,1
140426,1
140427,1
140447,1
140451,1
140462,1
140464,1
140466,1
140471,1
140474,1
140481,1
140488,1
140491,1
140493,1
140503,1
140509,1
140519,1
140525,1
140528,1
140530,1
140531,1
140534,1
140536,1
140538,1
140539,1
140540,1
140543,1
140544,1
140546,1
140547,1
140552,1
140564,1
140566,1
140571,1
140572,1
140579,1
140582,1
140584,1
140586,1
140590,1
140595,1
140596,1
140602,1
140603,1
140609,1
140613,1
140614,1
140617,1
140619,1
140622,1
140631,1
140636,1
140641,1
140650,1
140652,1
140654,1
140656,1
140658,1
140660,1
140663,1
140664,1
140667,1
140669,0
140673,1
140676,1
140677,1
140680,1
140681,1
140682,1
140689,1
140691,1
140701,1
140708,1
140717,1
140724,1
140725,1
140737,1
140740,1
140745,1
140746,1
140759,1
140762,1
140772,1
140773,1
140777,1
140789,1
140795,1
140796,1
140802,1
140813,1
140817,1
140819,1
140824,1
140826,1
140827,1
140832,1
140833,1
140834,1
140835,1
140839,1
140848,1
140872,1
140873,1
140893,1
140894,1
140897,1
140904,1
140908,1
140916,1
140934,1
140936,1
140944,1
140958,1
140959,1
140973,1
140977,1
140981,1
140982,1
140990,1
140995,1
140999,1
141001,1
141008,1
141016,1
141018,1
141019,1
141023,1
141025,1
141026,1
141032,1
141033,1
141049,1
141052,1
141056,1
141058,1
141061,1
141062,1
141067,1
141069,1
141080,1
141082,1
141086,1
141094,1
141095,1
141097,1
141098,1
141106,1
141108,1
141115,1
141116,1
141117,1
141125,1
141135,0
141139,1
141146,1
141149,1
141150,1
141159,1
141160,1
141161,1
141162,1
141167,1
141169,1
141174,1
141176,1
141179,0
141185,1
141199,1
141201,1
141203,1
141204,1
141216,1
141217,1
141226,1
141227,1
141231,1
141232,1
141233,1
141234,1
141235,1
141241,1
141247,1
141251,1
141256,1
141257,1
141273,1
141276,1
141281,1
141282,1
141289,1
141291,1
141292,1
141294,1
141295,1
141297,1
141300,1
141302,1
141304,1
141306,1
141307,1
141310,1
141317,1
141324,1
141325,1
141330,1
141333,1
141334,1
141343,1
141345,1
141346,1
141351,1
141352,1
141357,1
141360,1
141379,1
141383,1
141385,1
141387,1
141389,1
141397,1
141399,1
141407,1
141410,1
141414,1
141419,1
141422,1
141427,1
141429,1
141430,1
141431,1
141432,1
141436,1
141440,1
141441,1
141442,1
141445,1
141448,1
141449,1
141450,1
141455,1
141461,1
141462,1
141474,1
141476,1
141480,1
141485,1
141489,1
141502,1
141503,1
141510,1
141530,1
141531,1
141542,1
141545,1
141547,1
141553,1
141557,1
141567,1
141568,1
141584,1
141590,1
141596,1
141598,1
141601,1
141604,1
141614,1
141621,1
141622,1
141633,1
141635,1
141637,1
141639,1
141646,1
141651,1
141659,1
141660,1
141671,1
141675,1
141681,1
141687,1
141701,1
141711,1
141725,1
141731,1
141738,1
141745,1
141753,1
141759,1
141765,1
141774,1
141778,1
141784,1
141794,1
141801,1
141803,1
141809,1
141810,1
141813,1
141816,1
141819,1
141824,1
141826,1
141829,1
141836,1
141843,1
141844,1
141845,1
141847,1
141857,1
141860,1
141864,1
141865,1
141869,1
141870,1
141877,1
141880,1
141882,1
141900,1
141902,1
141951,1
141952,1
141956,1
141958,1
141959,1
141960,1
141961,1
141964,1
141978,1
141982,1
141983,1
141984,1
141990,1
141991,1
141994,1
141999,1
142004,1
142007,1
142010,1
142013,1
142021,1
142030,1
142041,1
142046,1
142048,1
142049,1
142060,1
142067,1
142068,1
142076,1
142084,1
142085,1
142087,1
142090,1
142096,1
142101,1
142108,1
142117,1
142119,1
142125,1
142129,1
142131,1
142132,1
142134,1
142136,1
142140,1
142141,1
142146,1
142148,1
142151,1
142152,1
142160,1
142162,1
142165,1
142169,1
142174,1
142176,1
142178,1
142179,1
142192,1
142212,1
142222,1
142225,1
142228,1
142229,1
142234,1
142235,1
142238,1
142241,1
142244,1
142256,1
142257,1
142262,1
142264,1
142267,1
142268,1
142293,1
142304,1
142309,1
142317,1
142323,1
142331,1
142334,1
142340,1
142344,1
142346,1
142363,1
142369,1
142372,1
142376,1
142377,1
142379,1
142384,1
142388,1
142389,1
142403,1
142407,1
142408,1
142410,1
142415,1
142416,1
142417,1
142438,1
142442,1
142444,1
142447,1
142453,1
142456,1
142459,1
142461,1
142463,1
142466,1
142474,1
142475,1
142476,1
142477,1
142484,1
142489,1
142493,1
142494,1
142497,1
142501,1
142502,1
142503,1
142511,1
142529,1
142531,1
142536,1
142544,1
142547,1
142551,1
142552,1
142554,1
142555,1
142560,1
142565,1
142567,1
142573,1
142578,1
142581,1
142582,1
142591,1
142593,1
142598,1
142601,1
142604,1
142607,1
142608,1
142611,1
142624,1
142632,1
142635,1
142637,1
142638,1
142646,1
142650,1
142656,1
142660,1
142665,1
142670,1
142672,1
142682,1
142685,1
142696,1
142697,1
142700,1
142706,1
142709,1
142711,1
142714,1
142715,1
142717,1
142718,1
142726,1
142729,1
142734,1
142736,1
142737,1
142755,1
142760,1
142761,1
142763,1
142766,1
142771,1
142775,1
142787,1
142789,1
142800,1
142802,1
142804,1
142812,1
142819,1
142822,1
142825,1
142827,1
142831,1
142833,1
142834,1
142835,1
142841,1
142843,1
142844,1
142847,1
142860,1
142863,1
142864,1
142871,1
142873,1
142877,1
142883,1
142884,1
142886,1
142887,1
142890,1
142895,1
142896,1
142901,1
142904,1
142912,1
142913,1
142917,1
142919,1
142924,1
142928,1
142938,1
142942,1
142953,1
142955,1
142960,1
142962,1
142973,1
142974,1
142976,1
142978,1
142986,1
142990,1
142991,1
142995,1
143001,1
143003,1
143006,1
143009,1
143013,1
143015,1
143016,1
143017,1
143018,1
143020,1
143031,1
143036,1
143039,1
143042,1
143047,1
143050,1
143052,1
143055,1
143057,1
143063,1
143066,1
143069,1
143073,1
143078,1
143083,1
143085,1
143086,1
143093,1
143099,1
143109,1
143117,1
143121,1
143123,1
143133,1
143136,1
143141,1
143144,1
143146,1
143156,1
143158,1
143160,1
143162,1
143168,1
143169,1
143170,1
143171,1
143176,1
143178,1
143179,1
143184,1
143185,1
143199,1
143202,1
143209,1
143213,1
143219,1
143221,1
143225,1
143226,1
143231,1
143235,1
143236,1
143237,1
143240,1
143243,1
143244,1
143248,1
143250,1
143251,1
143254,1
143255,1
143259,1
143262,1
143265,1
143269,1
143275,1
143283,1
143297,1
143303,1
143305,1
143312,1
143313,1
143315,1
143316,1
143323,1
143326,1
143328,1
143336,1
143338,1
143339,1
143340,1
143360,1
143361,1
143379,1
143380,1
143392,1
143394,1
143395,1
143396,1
143397,1
143402,1
143403,1
143409,1
143411,1
143413,1
143419,1
143424,1
143425,1
143441,1
143451,1
143454,1
143456,1
143460,1
143470,1
143474,1
143475,1
143476,1
143477,1
143484,1
143486,1
143487,1
143493,1
143494,1
143496,1
143500,1
143505,0
143506,1
143510,1
143516,1
143519,1
143520,1
143522,1
143523,1
143525,1
143528,1
143533,1
143545,1
143548,1
143552,1
143557,1
143565,1
143569,1
143571,1
143573,1
143574,1
143577,1
143588,1
143596,1
143597,1
143607,1
143609,1
143615,1
143622,1
143627,1
143630,1
143642,1
143648,1
143654,1
143665,1
143673,1
143686,1
143687,1
143688,1
143692,1
143694,1
143696,1
143698,1
143703,1
143704,1
143706,1
143711,1
143712,1
143715,1
143718,1
143719,1
143751,1
143753,1
143755,1
143756,1
143761,1
143765,1
143774,1
143785,1
143791,1
143793,1
143794,1
143800,1
143801,1
143802,1
143805,1
143806,1
143812,1
143822,1
143826,1
143843,1
143849,1
143851,1
143855,1
143856,1
143859,1
143860,1
143861,1
143862,1
143866,1
143867,1
143879,1
143880,1
143884,1
143902,1
143905,1
143907,1
143918,1
143932,1
143933,1
143935,1
143938,1
143944,1
143948,1
143949,1
143952,1
143958,1
143961,1
143966,1
143967,1
143969,1
143970,1
143978,1
143995,1
144003,1
144004,1
144007,1
144011,1
144018,1
144027,1
144028,1
144029,1
144034,1
144037,1
144039,1
144055,1
144056,1
144060,1
144061,1
144069,1
144072,1
144075,1
144078,1
144080,1
144082,1
144086,1
144087,1
144090,1
144092,1
144094,1
144113,1
144114,1
144122,1
144124,1
144126,1
144135,1
144142,1
144143,1
144148,1
144152,1
144154,1
144163,1
144164,1
144168,1
144170,1
144173,1
144176,1
144177,1
144180,1
144202,1
144204,1
144207,1
144208,1
144211,1
144217,1
144226,1
144227,1
144236,1
144249,1
144255,1
144258,1
144260,1
144266,1
144272,1
144284,1
144285,1
144286,1
144294,1
144296,1
144298,1
144304,1
144305,1
144308,1
144314,1
144316,1
144317,1
144326,1
144334,1
144349,1
144351,1
144359,1
144361,1
144365,1
144366,0
144369,1
144370,1
144376,1
144382,1
144383,1
144384,1
144387,1
144388,1
144392,1
144393,1
144400,1
144408,1
144410,1
144416,1
144421,1
144423,1
144425,1
144429,1
144431,1
144432,1
144434,1
144449,1
144458,1
144460,1
144465,1
144472,1
144480,1
144486,1
144496,1
144505,1
144509,1
144510,1
144532,1
144537,1
144544,1
144549,1
144552,1
144553,1
144557,1
144558,1
144566,1
144568,1
144570,1
144571,1
144578,1
144579,1
144588,1
144591,1
144598,1
144616,1
144618,1
144625,1
144626,1
144631,1
144633,1
144634,1
144641,1
144649,1
144655,1
144657,1
144659,1
144664,1
144668,1
144669,1
144683,1
144687,1
144688,1
144693,1
144695,1
144698,1
144699,1
144701,1
144702,0
144711,1
144713,1
144723,1
144734,1
144741,1
144746,1
144749,1
144753,1
144754,1
144758,1
144759,1
144767,1
144772,1
144773,1
144776,1
144777,1
144779,1
144782,1
144785,1
144788,1
144800,1
144807,1
144816,1
144822,1
144825,1
144827,1
144832,1
144833,1
144837,1
144844,1
144860,1
144861,1
144868,1
144871,1
144893,1
144898,1
144901,1
144912,1
144915,1
144917,1
144920,1
144926,1
144936,1
144939,1
144951,1
144955,1
144956,1
144958,1
144961,1
144962,1
144963,1
144974,1
144976,1
144977,1
144978,1
144979,1
144984,1
144989,1
145002,1
145009,1
145024,1
145038,1
145039,1
145045,1
145049,1
145055,1
145059,1
145062,1
145077,1
145083,1
145092,1
145093,1
145098,1
145100,1
145103,1
145112,1
145116,1
145117,1
145132,1
145138,1
145139,1
145141,1
145145,1
145149,1
145150,1
145153,1
145162,1
145174,1
145176,1
145178,1
145180,1
145187,1
145194,1
145199,1
145200,1
145202,1
145204,1
145211,1
145212,1
145218,1
145224,1
145229,1
145232,1
145234,1
145237,1
145239,1
145242,1
145251,1
145253,1
145263,1
145272,1
145287,1
145296,1
145300,1
145301,1
145312,1
145320,1
145323,1
145324,1
145346,1
145348,1
145359,1
145363,1
145365,1
145367,1
145378,1
145382,1
145385,1
145386,1
145388,1
145389,1
145391,1
145394,1
145395,1
145397,1
145401,1
145409,1
145410,1
145423,1
145425,1
145426,1
145432,1
145435,1
145438,1
145441,1
145442,1
145446,1
145449,1
145450,1
145455,1
145465,1
145466,1
145473,1
145475,1
145477,1
145482,1
145484,1
145486,1
145488,1
145493,1
145499,1
145500,1
145501,1
145503,1
145504,1
145505,1
145509,1
145514,1
145515,1
145516,1
145527,1
145530,1
145537,1
145539,1
145543,1
145549,1
145550,1
145555,1
145564,1
145565,1
145566,1
145569,1
145573,1
145586,1
145591,1
145592,1
145595,1
145597,1
145599,1
145606,1
145610,1
145612,1
145615,1
145620,1
145621,1
145628,1
145633,1
145640,1
145643,1
145649,1
145650,1
145652,1
145654,1
145667,1
145668,0
145676,1
145678,1
145685,1
145686,1
145690,1
145692,1
145699,1
145700,1
145701,1
145707,1
145713,1
145714,1
145724,1
145725,1
145726,1
145728,1
145729,1
145733,1
145740,1
145742,1
145743,1
145748,1
145755,1
145767,1
145768,1
145771,1
145773,1
145779,1
145780,1
145791,1
145794,1
145799,1
145800,1
145801,1
145804,1
145811,1
145813,1
145815,1
145819,1
145824,1
145827,1
145828,1
145830,1
145831,1
145837,1
145843,1
145848,1
145849,1
145854,1
145865,1
145867,1
145872,1
145874,1
145877,1
145885,1
145888,1
145892,1
145898,1
145909,1
145914,1
145928,1
145930,1
145943,1
145953,0
145959,1
145965,1
145971,1
145972,1
145974,1
145977,1
145982,1
145983,1
145987,1
145991,1
145992,1
145997,1
145998,1
145999,1
146013,1
146015,1
146034,1
146038,1
146041,1
146042,1
146044,1
146057,1
146066,1
146073,1
146079,1
146086,1
146099,1
146102,1
146109,1
146118,1
146123,1
146128,0
146139,1
146149,1
146155,1
146157,1
146159,1
146166,1
146173,1
146180,1
146182,1
146183,1
146184,1
146195,1
146196,1
146206,1
146208,1
146217,1
146221,1
146232,1
146239,1
146246,1
146250,1
146251,1
146253,1
146255,1
146263,1
146265,1
146267,1
146270,1
146284,1
146285,1
146291,1
146292,1
146304,1
146306,1
146312,1
146313,1
146314,1
146316,1
146317,1
146318,1
146321,1
146323,1
146327,1
146328,1
146330,1
146334,1
146344,1
146346,1
146350,1
146352,1
146353,1
146354,1
146361,1
146371,1
146377,1
146378,1
146388,1
146389,1
146407,1
146408,1
146411,1
146413,1
146416,1
146420,1
146422,1
146423,1
146429,1
146433,1
146436,1
146438,1
146442,1
146447,1
146449,1
146455,1
146460,1
146468,1
146472,1
146475,1
146479,1
146481,1
146483,1
146485,1
146493,1
146494,1
146499,1
146507,1
146509,1
146513,1
146521,1
146523,1
146531,1
146533,1
146536,1
146537,1
146538,1
146541,1
146542,1
146547,1
146550,1
146551,1
146553,1
146554,1
146562,1
146578,1
146582,1
146583,1
146589,1
146591,1
146596,1
146598,1
146599,1
146603,1
146612,1
146619,1
146626,1
146639,1
146643,1
146644,1
146651,1
146654,1
146658,1
146687,1
146693,1
146694,1
146695,1
146696,1
146708,1
146720,1
146732,1
146733,1
146734,1
146739,1
146740,1
146742,1
146744,1
146746,1
146750,1
146755,1
146756,1
146767,1
146768,1
146779,1
146780,1
146785,1
146789,1
146790,1
146792,1
146800,1
146803,1
146807,1
146808,1
146809,1
146815,1
146819,1
146820,1
146841,1
146843,1
146845,1
146848,1
146853,1
146864,1
146867,1
146871,1
146875,1
146878,1
146879,1
146890,1
146901,1
146904,1
146921,1
146926,1
146931,1
146933,1
146940,1
146942,1
146945,1
146950,1
146952,1
146955,1
146956,1
146959,1
146975,1
146976,1
146989,1
146999,1
147002,1
147010,1
147011,1
147012,1
147018,1
147021,1
147022,1
147036,1
147043,1
147057,1
147061,1
147066,1
147069,1
147072,1
147074,1
147084,1
147089,1
147090,1
147092,1
147093,1
147096,1
147097,1
147101,1
147111,1
147113,1
147114,1
147118,1
147119,1
147120,1
147133,1
147135,1
147136,1
147141,1
147145,1
147157,1
147159,1
147162,1
147164,1
147166,1
147174,1
147180,1
147183,1
147193,1
147199,1
147201,1
147202,1
147203,1
147206,1
147214,1
147216,1
147217,1
147223,1
147226,1
147229,1
147231,1
147235,1
147239,1
147245,1
147250,1
147254,1
147262,1
147263,1
147264,1
147272,1
147275,1
147287,0
147288,1
147290,1
147292,1
147295,1
147298,1
147301,1
147302,1
147314,1
147321,1
147322,1
147327,1
147330,1
147333,1
147339,1
147351,1
147352,1
147355,1
147356,1
147357,1
147358,1
147368,1
147384,1
147386,1
147387,1
147399,1
147401,1
147403,1
147404,1
147406,1
147408,1
147409,1
147413,1
147414,1
147415,1
147429,1
147430,1
147431,1
147433,1
147443,1
147445,1
147462,1
147463,1
147466,1
147467,1
147471,1
147477,1
147480,1
147486,1
147488,1
147499,1
147500,1
147509,1
147513,1
147514,1
147515,1
147519,1
147522,1
147526,1
147527,1
147530,1
147532,1
147535,1
147540,1
147542,1
147544,1
147547,1
147551,1
147554,1
147555,1
147566,1
147569,1
147570,1
147571,1
147579,1
147580,1
147584,1
147592,1
147596,1
147600,1
147601,1
147602,1
147607,1
147610,1
147614,1
147615,1
147617,1
147628,1
147640,1
147658,1
147670,1
147671,1
147675,1
147677,1
147686,1
147689,0
147691,1
147692,1
147696,1
147708,1
147715,1
147720,1
147721,1
147727,1
147729,1
147742,1
147744,1
147748,1
147752,1
147753,1
147756,1
147762,1
147763,1
147769,1
147770,1
147783,1
147793,1
147798,1
147802,1
147804,1
147819,1
147823,1
147828,1
147831,1
147832,1
147835,1
147842,1
147843,1
147848,1
147850,1
147852,1
147855,1
147860,1
147878,0
147882,1
147884,1
147885,1
147890,1
147891,1
147900,1
147901,1
147904,1
147914,1
147929,1
147930,1
147931,1
147936,1
147938,1
147943,1
147945,1
147957,1
147958,1
147960,1
147964,1
147967,1
147971,1
147981,1
147982,1
147991,1
147994,1
147995,1
148005,1
148008,1
148016,1
148017,1
148018,1
148022,1
148027,1
148034,1
148038,1
148050,1
148056,1
148057,1
148062,1
148063,1
148064,1
148068,1
148070,1
148075,1
148082,1
148085,1
148090,1
148092,1
148093,1
148101,1
148104,1
148108,1
148115,1
148122,1
148125,1
148128,1
148132,1
148137,1
148142,1
148143,1
148144,1
148158,1
148159,1
148160,1
148161,1
148163,1
148166,1
148168,1
148169,1
148173,1
148179,1
148191,1
148192,1
148195,1
148207,1
148210,1
148225,1
148226,1
148230,1
148238,1
148247,1
148252,1
148253,1
148260,1
148262,1
148270,1
148274,1
148288,1
148293,1
148298,1
148305,1
148306,1
148312,1
148313,1
148314,1
148327,1
148331,1
148332,1
148333,1
148335,1
148336,1
148339,1
148355,1
148365,1
148380,1
148382,1
148383,1
148398,1
148402,1
148406,1
148408,1
148413,1
148416,1
148417,1
148426,1
148429,1
148439,1
148443,1
148449,1
148450,1
148452,1
148453,1
148454,1
148457,1
148459,1
148464,1
148471,1
148477,1
148484,1
148492,1
148496,1
148497,1
148499,1
148500,1
148501,1
148502,1
148504,1
148510,1
148521,1
148522,0
148534,1
148538,1
148541,1
148542,1
148543,1
148554,1
148563,1
148564,1
148571,1
148573,1
148575,1
148580,1
148584,1
148594,1
148598,1
148611,1
148618,1
148626,1
148634,1
148636,1
148642,1
148650,1
148651,1
148668,1
148679,1
148681,1
148682,1
148686,1
148687,1
148697,1
148699,1
148702,1
148705,1
148706,1
148709,1
148713,1
148720,1
148724,1
148725,1
148732,1
148733,1
148737,1
148745,1
148749,1
148755,1
148757,1
148758,1
148762,1
148763,1
148768,1
148769,0
148771,1
148776,1
148777,1
148786,1
148787,1
148788,1
148807,1
148808,1
148812,1
148816,1
148817,1
148818,1
148825,1
148826,1
148831,1
148832,1
148844,1
148848,1
148849,1
148850,1
148852,1
148856,1
148860,1
148864,1
148865,1
148870,1
148871,1
148872,1
148877,1
148883,1
148886,1
148887,1
148888,1
148895,1
148896,1
148899,1
148901,1
148903,1
148904,1
148912,1
148928,1
148937,1
148943,1
148946,1
148947,1
148953,1
148954,1
148956,1
148965,1
148972,1
148975,1
148976,1
148977,1
148990,1
148994,1
149002,1
149012,1
149014,1
149032,1
149033,1
149034,1
149041,1
149044,1
149046,1
149047,1
149049,1
149052,1
149053,1
149056,1
149058,1
149060,1
149061,1
149062,1
149064,1
149066,1
149068,1
149072,1
149083,1
149086,1
149089,1
149092,1
149097,1
149101,1
149109,1
149115,1
149118,1
149128,1
149134,1
149141,1
149146,1
149162,1
149163,1
149164,1
149170,1
149172,1
149173,1
149175,1
149178,1
149179,1
149180,1
149182,1
149185,1
149195,1
149205,1
149208,1
149213,1
149214,1
149216,1
149218,1
149223,1
149230,1
149232,1
149238,1
149246,1
149247,1
149251,1
149261,1
149263,1
149264,1
149271,1
149272,1
149283,1
149284,1
149294,1
149296,1
149307,1
149314,1
149316,1
149319,1
149320,1
149326,1
149329,1
149331,1
149333,1
149341,1
149344,1
149351,1
149359,1
149365,1
149367,1
149368,1
149380,1
149384,1
149387,1
149392,1
149396,1
149406,1
149412,1
149420,1
149422,1
149427,1
149428,1
149430,1
149431,1
149439,1
149440,1
149449,1
149451,1
149454,1
149455,1
149459,1
149460,1
149462,1
149484,1
149493,1
149498,1
149499,1
149508,1
149509,1
149512,1
149513,1
149514,1
149517,1
149524,1
149525,1
149529,1
149531,1
149532,1
149561,0
149562,1
149571,1
149573,1
149576,1
149577,1
149582,1
149585,1
149587,1
149588,1
149589,1
149597,1
149600,1
149608,1
149616,1
149623,1
149624,1
149627,1
149629,1
149633,1
149635,1
149640,1
149641,1
149646,1
149648,1
149653,1
149657,1
149663,1
149664,1
149669,1
149671,1
149679,1
149683,1
149685,1
149688,1
149690,1
149691,1
149693,1
149694,1
149702,1
149708,1
149716,1
149720,1
149723,1
149728,1
149729,1
149731,1
149733,1
149739,1
149744,1
149747,1
149753,1
149756,1
149760,1
149762,1
149765,1
149766,1
149767,1
149770,1
149777,1
149778,1
149780,1
149784,1
149785,1
149789,1
149794,1
149798,1
149806,1
149811,1
149821,1
149823,1
149826,1
149829,1
149836,1
149842,1
149844,1
149846,1
149848,1
149849,1
149850,1
149868,1
149880,1
149886,1
149888,1
149898,1
149900,1
149910,1
149915,1
149916,1
149921,1
149923,1
149925,1
149940,1
149947,1
149949,1
149960,1
149974,1
149975,1
149977,1
149983,1
149993,1
149994,1
149995,1
149996,1
150002,1
150012,1
150018,1
150023,1
150024,1
150033,1
150051,1
150064,1
150067,1
150068,1
150085,1
150099,1
150102,1
150108,1
150112,1
150116,1
150117,1
150121,1
150129,1
150139,1
150142,1
150143,1
150144,1
150147,1
150156,1
150157,1
150165,1
150169,1
150170,1
150177,1
150179,1
150188,1
150193,1
150196,1
150201,1
150208,1
150209,1
150214,1
150221,1
150224,1
150227,1
150233,1
150235,1
150242,1
150243,1
150246,0
150255,1
150257,1
150259,1
150260,1
150268,1
150272,1
150277,1
150278,1
150284,1
150285,1
150299,1
150304,1
150305,1
150307,1
150310,1
150314,1
150315,1
150316,1
150317,1
150323,1
150326,1
150331,1
150336,1
150341,1
150343,1
150352,1
150353,1
150360,1
150364,1
150365,1
150369,1
150376,1
150382,1
150383,1
150387,1
150388,1
150389,1
150398,1
150401,1
150404,1
150407,1
150413,1
150415,1
150423,1
150424,1
150427,1
150429,1
150431,1
150434,1
150435,1
150436,1
150444,1
150449,1
150452,1
150454,1
150456,1
150458,1
150463,1
150465,1
150466,1
150469,1
150471,1
150474,1
150477,1
150480,1
150510,1
150519,1
150522,1
150532,1
150534,1
150542,1
150544,1
150554,1
150555,1
150560,1
150565,1
150567,1
150568,1
150575,1
150585,1
150586,1
150606,1
150607,1
150611,1
150613,1
150619,1
150622,1
150627,1
150628,1
150632,1
150633,1
150636,1
150638,1
150639,1
150642,1
150644,1
150645,1
150646,1
150653,1
150660,1
150662,1
150665,1
150678,1
150681,1
150686,1
150692,1
150699,1
150700,1
150704,1
150709,1
150710,1
150711,1
150717,1
150718,1
150726,1
150729,1
150732,1
150734,1
150741,1
150742,1
150752,1
150754,1
150756,1
150767,1
150773,1
150775,1
150777,1
150779,1
150784,1
150785,1
150796,1
150799,1
150800,1
150807,1
150811,1
150817,1
150818,1
150822,1
150824,1
150828,1
150831,1
150845,1
150848,1
150852,1
150858,1
150859,1
150862,1
150863,1
150870,1
150871,1
150874,1
150876,1
150880,1
150881,1
150883,1
150890,1
150891,1
150892,1
150898,1
150910,1
150915,1
150920,1
150921,1
150922,1
150923,1
150928,1
150933,1
150939,1
150949,1
150953,1
150963,1
150973,1
150986,1
150994,1
150999,1
151003,1
151020,1
151024,1
151026,1
151032,1
151033,1
151037,1
151038,1
151039,1
151041,1
151042,1
151044,1
151046,1
151050,1
151058,1
151059,1
151062,1
151063,1
151064,1
151066,1
151073,1
151077,1
151095,1
151099,1
151100,1
151101,1
151103,1
151104,1
151107,1
151121,1
151122,1
151125,1
151126,1
151130,1
151133,1
151137,1
151141,1
151143,1
151145,1
151148,1
151151,1
151153,1
151159,1
151162,1
151175,1
151185,1
151187,1
151191,1
151196,1
151197,1
151202,1
151204,1
151208,1
151210,1
151211,1
151217,1
151222,1
151240,1
151245,1
151249,1
151250,1
151253,1
151261,1
151269,1
151271,1
151274,1
151279,1
151280,1
151287,1
151288,1
151301,1
151304,1
151306,1
151308,1
151312,1
151315,1
151321,1
151325,1
151327,1
151334,1
151342,1
151358,1
151364,1
151365,1
151367,1
151370,1
151372,1
151375,1
151378,1
151382,1
151386,1
151389,1
151392,1
151416,1
151418,1
151420,1
151421,1
151423,1
151428,1
151432,1
151439,1
151442,1
151443,1
151452,1
151457,1
151459,1
151465,1
151469,1
151476,1
151483,1
151484,1
151486,1
151487,1
151493,1
151494,1
151499,1
151503,1
151508,1
151510,1
151520,1
151525,1
151526,1
151532,1
151535,1
151540,1
151541,1
151547,1
151548,1
151553,1
151560,1
151561,1
151562,1
151563,1
151565,1
151571,1
151574,1
151579,1
151589,1
151592,1
151593,1
151598,1
151600,1
151602,1
151606,1
151608,1
151615,1
151619,1
151624,1
151625,1
151628,1
151631,1
151636,1
151640,1
151647,1
151659,1
151660,1
151663,1
151666,1
151674,1
151675,1
151681,1
151686,1
151687,1
151696,1
151700,1
151702,1
151708,1
151709,1
151717,1
151721,1
151729,1
151730,1
151737,1
151739,1
151740,1
151746,1
151750,1
151753,1
151760,1
151761,1
151762,1
151765,1
151769,1
151774,1
151778,1
151781,1
151791,1
151795,1
151800,1
151810,1
151812,1
151813,1
151836,1
151838,1
151839,1
151849,1
151855,1
151864,1
151868,1
151871,1
151875,1
151884,1
151886,1
151900,1
151909,1
151915,1
151923,1
151927,1
151928,1
151931,1
151932,1
151934,1
151943,1
151946,1
151947,1
151949,1
151951,1
151952,1
151954,1
151957,1
151959,1
151963,1
151967,1
151979,1
151994,1
152002,1
152005,1
152010,1
152012,1
152022,1
152025,1
152032,1
152043,1
152050,1
152054,1
152055,1
152061,1
152086,1
152089,1
152090,1
152096,1
152101,1
152115,1
152123,1
152124,1
152126,1
152133,1
152152,1
152159,1
152161,1
152167,1
152170,1
152175,1
152177,1
152178,1
152185,1
152188,1
152192,1
152206,1
152212,1
152213,1
152214,1
152226,1
152229,1
152234,1
152236,1
152237,1
152240,1
152246,1
152257,1
152259,1
152260,1
152267,1
152270,1
152271,1
152275,1
152283,1
152288,1
152294,1
152296,1
152308,1
152315,1
152322,1
152326,1
152328,1
152330,1
152332,1
152340,1
152353,1
152358,1
152367,1
152371,1
152372,1
152375,1
152378,1
152382,1
152384,1
152385,1
152393,1
152399,1
152401,1
152402,1
152403,1
152407,1
152409,1
152416,1
152421,1
152427,1
152432,1
152435,1
152440,1
152445,1
152446,1
152451,1
152456,1
152459,1
152465,1
152471,1
152473,1
152480,1
152488,1
152489,1
152490,1
152495,1
152497,1
152500,1
152503,1
152504,1
152509,1
152510,1
152516,1
152518,1
152521,1
152550,1
152552,1
152568,1
152571,1
152577,1
152580,1
152594,1
152595,1
152596,1
152597,1
152600,1
152601,1
152602,1
152610,1
152616,1
152617,1
152620,1
152621,1
152628,1
152636,1
152642,1
152647,1
152654,1
152657,1
152669,1
152670,1
152676,1
152679,1
152680,1
152682,1
152684,1
152691,1
152693,1
152698,1
152699,1
152702,1
152708,1
152711,1
152716,1
152723,1
152725,1
152726,1
152733,1
152738,1
152741,1
152746,1
152747,1
152753,1
152757,1
152758,1
152763,1
152767,1
152770,1
152771,1
152774,1
152776,1
152777,1
152782,1
152784,1
152789,1
152794,1
152800,1
152804,1
152806,1
152808,1
152813,1
152815,1
152816,1
152817,1
152818,1
152820,1
152821,1
152822,1
152823,1
152825,1
152828,1
152830,1
152835,1
152839,1
152851,1
152853,1
152855,1
152860,1
152862,1
152864,1
152869,1
152876,1
152881,1
152888,1
152890,1
152893,1
152898,1
152901,1
152903,1
152905,1
152906,1
152907,1
152909,1
152927,1
152928,1
152933,1
152934,1
152938,1
152939,1
152942,1
152944,1
152945,1
152946,1
152950,1
152955,1
152959,1
152968,1
152975,1
152977,1
152980,1
152982,1
152984,1
152985,1
152995,1
153000,1
153004,1
153007,1
153013,1
153018,1
153019,1
153021,1
153024,1
153026,1
153027,1
153028,1
153039,1
153043,1
153050,1
153059,1
153066,1
153067,1
153068,1
153070,1
153076,1
153087,1
153088,1
153091,1
153095,1
153099,1
153100,1
153102,1
153105,1
153110,1
153111,1
153117,1
153120,1
153127,1
153130,1
153131,1
153141,1
153143,1
153144,1
153148,1
153150,1
153152,1
153165,1
153166,1
153171,1
153176,1
153190,0
153195,1
153197,1
153199,1
153202,1
153209,1
153211,1
153216,1
153227,1
153234,1
153243,1
153249,1
153261,1
153270,1
153283,1
153286,1
153296,1
153297,1
153299,1
153300,1
153308,1
153309,1
153314,1
153320,1
153321,1
153323,1
153326,1
153335,1
153337,1
153339,1
153345,1
153352,0
153366,1
153371,1
153379,1
153382,1
153383,1
153388,1
153404,1
153413,1
153415,1
153420,1
153426,1
153428,1
153430,1
153432,1
153435,1
153437,1
153442,1
153446,1
153450,1
153451,1
153453,1
153469,1
153470,1
153486,1
153490,1
153499,1
153505,1
153514,1
153517,1
153523,1
153529,1
153531,1
153534,1
153541,1
153551,1
153557,1
153560,1
153566,1
153576,1
153583,1
153591,1
153593,1
153600,1
153602,1
153603,1
153604,1
153605,1
153612,1
153613,1
153614,1
153615,1
153616,1
153617,1
153622,1
153635,1
153639,1
153640,1
153641,1
153643,1
153653,1
153655,1
153668,1
153671,1
153675,1
153677,1
153689,1
153692,1
153712,1
153722,1
153723,1
153724,1
153725,1
153726,1
153730,1
153731,1
153735,1
153736,1
153738,1
153739,1
153745,1
153748,1
153749,1
153765,1
153767,1
153772,1
153777,1
153791,1
153794,1
153795,1
153798,1
153802,1
153806,1
153808,1
153812,1
153813,1
153824,1
153826,1
153833,1
153842,1
153845,1
153848,1
153849,1
153850,1
153853,1
153857,1
153861,1
153867,1
153873,1
153876,1
153880,1
153881,1
153886,1
153897,1
153900,1
153901,0
153903,1
153923,0
153924,1
153927,1
153932,1
153933,1
153936,1
153939,1
153945,1
153951,1
153954,1
153955,1
153959,1
153960,1
153961,1
153969,1
153973,1
153978,1
153979,1
153981,1
153986,1
153990,1
153994,1
153996,1
153997,1
153998,1
154010,1
154022,1
154026,1
154043,1
154048,1
154050,1
154052,1
154054,1
154057,1
154058,1
154060,1
154071,1
154076,1
154084,1
154085,1
154087,1
154092,1
154098,1
154100,1
154102,1
154122,1
154123,1
154125,1
154127,1
154128,1
154131,1
154132,1
154137,1
154141,1
154142,1
154148,1
154165,1
154169,1
154178,1
154184,1
154185,1
154191,1
154193,1
154201,1
154210,1
154223,1
154231,1
154232,1
154244,1
154266,1
154267,1
154268,1
154269,1
154273,1
154276,1
154277,1
154279,1
154283,1
154286,1
154292,1
154293,1
154311,1
154314,1
154318,1
154319,1
154320,1
154321,1
154323,1
154326,1
154336,0
154337,1
154341,1
154342,1
154344,1
154346,1
154350,1
154353,1
154354,1
154355,1
154361,1
154366,1
154368,1
154378,1
154380,1
154382,1
154386,1
154388,1
154394,1
154398,1
154401,1
154411,1
154414,1
154418,1
154428,1
154431,1
154442,1
154444,1
154446,1
154451,1
154461,1
154465,1
154466,1
154469,1
154472,1
154475,1
154487,1
154491,1
154493,1
154507,1
154511,1
154519,1
154535,1
154536,1
154541,1
154543,1
154553,1
154556,1
154559,1
154560,1
154563,1
154564,1
154565,1
154567,1
154572,1
154574,1
154575,1
154578,1
154589,1
154593,1
154600,1
154601,1
154606,1
154607,1
154615,1
154618,1
154621,1
154625,1
154627,1
154628,1
154631,1
154632,1
154633,1
154635,1
154642,1
154645,1
154646,1
154653,1
154654,1
154655,1
154663,1
154669,1
154673,1
154675,1
154676,1
154680,1
154687,1
154696,1
154697,1
154698,1
154714,1
154727,1
154734,1
154738,1
154749,1
154750,1
154762,1
154765,1
154769,1
154770,1
154773,1
154775,1
154777,1
154780,1
154784,1
154792,1
154796,1
154799,1
154807,1
154809,1
154810,1
154811,1
154829,1
154830,1
154833,1
154839,1
154841,1
154842,1
154843,1
154845,1
154848,1
154859,1
154860,1
154862,1
154864,1
154865,1
154869,1
154872,1
154874,1
154881,1
154904,1
154905,1
154915,1
154917,1
154918,1
154919,1
154923,1
154924,1
154926,1
154937,1
154939,1
154942,1
154945,1
154948,1
154952,1
154961,1
154971,1
154980,1
154987,1
154991,1
154994,1
154996,1
155008,1
155009,1
155016,1
155023,1
155026,1
155028,1
155032,1
155033,1
155034,1
155035,1
155039,1
155053,1
155057,1
155059,1
155061,1
155062,1
155069,1
155071,1
155074,1
155077,1
155079,1
155084,1
155086,1
155087,1
155088,1
155089,1
155091,1
155092,1
155095,1
155117,1
155118,1
155119,1
155122,1
155125,1
155126,1
155128,1
155137,1
155138,1
155143,1
155145,1
155147,1
155148,1
155160,1
155161,1
155169,1
155184,1
155185,1
155190,1
155193,1
155195,1
155196,1
155199,1
155202,1
155203,1
155205,1
155211,1
155219,1
155223,1
155224,1
155226,1
155229,1
155234,1
155235,1
155239,1
155247,1
155251,1
155254,1
155257,1
155259,1
155265,1
155267,1
155271,1
155272,1
155276,1
155277,1
155287,1
155291,1
155298,1
155301,1
155303,1
155308,1
155311,1
155313,1
155321,1
155323,1
155324,1
155331,1
155333,1
155346,1
155355,1
155358,1
155369,1
155370,1
155373,1
155377,1
155378,1
155380,1
155387,1
155388,1
155389,1
155392,1
155412,1
155421,1
155422,1
155425,1
155428,1
155431,1
155440,1
155442,1
155452,1
155454,1
155455,1
155470,1
155473,1
155474,1
155478,1
155481,1
155488,1
155490,1
155493,1
155494,1
155495,1
155502,1
155505,0
155514,1
155515,1
155516,1
155523,1
155530,1
155533,1
155539,1
155545,1
155546,1
155548,1
155551,1
155557,1
155561,1
155578,1
155581,1
155582,1
155585,1
155587,1
155590,1
155602,1
155610,1
155613,1
155614,1
155615,1
155617,1
155631,1
155640,1
155641,1
155649,1
155666,1
155667,1
155670,1
155671,1
155675,1
155683,1
155687,1
155688,1
155689,1
155690,1
155692,1
155693,1
155702,1
155705,1
155706,1
155710,1
155714,1
155716,1
155718,1
155733,1
155734,1
155740,1
155745,1
155748,1
155758,1
155759,1
155761,1
155770,1
155774,1
155777,1
155780,1
155783,1
155789,1
155790,1
155794,1
155795,1
155804,1
155806,1
155811,1
155813,1
155825,1
155826,1
155830,1
155839,1
155842,1
155848,1
155866,1
155867,1
155868,1
155869,1
155875,1
155877,1
155879,1
155882,1
155884,1
155889,1
155892,1
155893,1
155896,1
155911,1
155912,1
155915,1
155916,1
155918,1
155923,1
155937,1
155942,1
155944,1
155946,1
155950,1
155953,1
155954,1
155965,1
155966,1
155971,1
155983,1
155985,1
155990,1
155997,1
156016,1
156018,1
156022,1
156026,1
156040,0
156064,1
156069,1
156079,1
156080,1
156083,1
156084,1
156091,1
156095,1
156098,1
156102,1
156104,1
156109,1
156126,1
156132,1
156133,1
156146,1
156148,1
156154,1
156160,1
156166,1
156173,1
156174,1
156179,1
156180,1
156183,1
156187,1
156198,1
156203,1
156205,1
156206,1
156209,1
156213,1
156214,1
156217,1
156219,1
156220,1
156223,1
156226,1
156236,1
156239,1
156240,1
156241,1
156266,1
156269,1
156274,1
156278,1
156285,1
156291,1
156292,1
156293,1
156303,1
156304,1
156305,1
156307,1
156308,1
156309,1
156311,1
156316,1
156317,1
156319,1
156324,1
156346,1
156348,1
156350,1
156355,1
156358,1
156363,1
156364,1
156365,1
156367,1
156387,1
156392,1
156395,1
156401,1
156403,1
156411,1
156414,1
156421,1
156426,1
156437,1
156442,1
156443,1
156445,1
156451,1
156457,1
156465,1
156466,1
156479,1
156485,1
156492,1
156494,1
156496,1
156497,1
156508,1
156513,1
156515,1
156516,1
156518,1
156520,1
156529,1
156535,1
156537,1
156545,1
156554,1
156556,1
156566,1
156572,1
156574,1
156575,1
156587,1
156589,1
156592,1
156600,1
156604,1
156609,1
156610,1
156612,1
156616,1
156620,1
156621,1
156625,1
156626,1
156646,1
156647,1
156649,1
156650,1
156651,1
156656,1
156657,1
156670,1
156671,1
156678,1
156679,1
156683,1
156693,1
156695,1
156696,1
156705,1
156708,1
156711,1
156712,1
156716,1
156727,1
156729,1
156730,1
156732,1
156735,1
156738,1
156741,1
156750,1
156762,1
156764,1
156772,1
156775,1
156796,1
156800,1
156805,1
156806,1
156808,1
156824,1
156828,1
156831,1
156832,1
156841,1
156842,1
156843,1
156856,1
156857,1
156860,1
156870,1
156874,1
156883,1
156885,1
156890,1
156891,1
156896,1
156906,1
156909,1
156910,1
156912,1
156917,1
156922,1
156927,1
156935,1
156937,1
156942,1
156949,1
156952,1
156957,1
156958,1
156959,1
156964,1
156965,1
156968,1
156983,1
156988,1
156989,1
156992,1
156994,1
156997,1
157007,1
157009,1
157010,1
157019,1
157021,1
157025,1
157036,1
157051,1
157054,1
157057,1
157068,1
157071,1
157074,1
157077,1
157084,1
157092,1
157099,1
157100,1
157102,1
157105,1
157111,1
157114,1
157115,1
157119,1
157124,1
157125,1
157127,1
157128,1
157129,1
157131,1
157139,1
157142,1
157151,1
157157,1
157160,1
157162,1
157166,1
157172,1
157173,1
157182,1
157191,1
157196,1
157199,1
157200,1
157209,1
157214,1
157216,1
157217,1
157222,1
157225,1
157226,1
157227,1
157239,1
157240,1
157243,1
157245,1
157267,1
157270,1
157277,1
157280,1
157287,1
157293,1
157304,1
157305,1
157308,1
157309,1
157314,1
157316,1
157317,1
157321,1
157330,1
157333,1
157345,1
157360,1
157362,1
157363,1
157366,1
157373,1
157379,1
157395,1
157397,1
157405,1
157407,1
157412,1
157414,1
157425,1
157426,1
157427,1
157430,1
157436,1
157442,1
157450,1
157454,1
157463,1
157464,1
157465,1
157469,1
157470,1
157472,1
157479,1
157481,1
157482,1
157495,1
157498,1
157499,1
157503,1
157506,1
157508,1
157518,1
157520,1
157521,1
157528,1
157529,1
157530,1
157540,1
157541,1
157542,1
157544,1
157548,1
157550,1
157553,1
157555,1
157560,1
157561,1
157562,1
157576,1
157578,1
157581,1
157583,1
157584,1
157585,1
157589,1
157596,1
157600,1
157607,1
157611,1
157612,1
157618,1
157623,1
157628,1
157631,1
157632,1
157638,1
157641,1
157643,1
157645,1
157652,1
157662,1
157663,1
157666,1
157680,1
157681,1
157693,1
157698,1
157701,1
157704,1
157710,1
157722,1
157735,1
157744,1
157746,1
157747,1
157751,1
157755,1
157757,1
157758,0
157759,1
157760,1
157761,1
157763,1
157770,1
157777,1
157779,1
157781,1
157784,1
157787,1
157794,1
157797,1
157801,1
157803,1
157808,1
157809,1
157811,1
157816,1
157833,1
157836,1
157838,1
157839,1
157850,1
157853,1
157859,1
157860,1
157862,1
157865,1
157867,1
157874,1
157886,1
157893,1
157897,1
157901,1
157905,1
157918,1
157923,1
157926,1
157936,1
157940,1
157951,1
157957,1
157958,1
157960,1
157962,1
157966,1
157970,1
157974,1
157984,1
157985,1
157988,1
157989,1
157995,1
157999,1
158000,1
158001,1
158002,1
158003,1
158006,1
158011,1
158012,1
158013,1
158015,1
158019,1
158034,1
158039,1
158044,1
158048,1
158052,1
158056,1
158058,1
158059,1
158060,1
158064,1
158069,1
158072,1
158073,1
158075,1
158083,1
158087,1
158088,1
158089,1
158093,1
158094,1
158098,1
158099,1
158100,1
158110,1
158112,1
158122,1
158123,1
158124,1
158126,1
158128,1
158133,1
158151,1
158155,1
158158,1
158161,1
158163,1
158164,1
158168,1
158170,1
158171,1
158181,1
158190,1
158191,1
158198,1
158206,1
158208,1
158209,1
158211,1
158215,1
158221,1
158224,1
158226,1
158232,1
158237,1
158260,1
158261,1
158265,1
158267,1
158269,1
158272,1
158276,0
158278,1
158285,1
158288,1
158295,1
158296,1
158298,1
158305,1
158310,1
158312,1
158315,1
158317,1
158319,1
158323,1
158326,1
158338,1
158341,1
158342,1
158345,1
158357,1
158363,1
158366,1
158369,1
158370,1
158372,1
158373,1
158375,1
158383,1
158390,1
158391,1
158404,1
158405,1
158408,1
158413,1
158414,1
158424,1
158426,1
158444,1
158446,1
158464,1
158468,1
158475,1
158480,1
158495,1
158499,1
158501,1
158512,1
158518,1
158523,1
158526,1
158528,1
158530,1
158545,1
158547,1
158550,1
158554,1
158559,1
158566,1
158567,1
158574,1
158578,1
158583,1
158589,1
158591,1
158594,1
158595,1
158598,1
158602,1
158605,1
158606,1
158608,1
158623,1
158624,1
158632,1
158640,1
158641,1
158646,1
158650,1
158659,1
158662,1
158666,1
158671,1
158674,1
158675,1
158676,1
158682,1
158684,1
158685,1
158687,1
158699,1
158702,1
158703,1
158709,1
158713,1
158716,1
158717,1
158721,1
158729,1
158736,1
158738,1
158743,1
158754,1
158756,1
158757,1
158764,1
158769,1
158774,1
158775,1
158777,1
158778,1
158781,1
158782,1
158791,1
158792,1
158800,1
158801,1
158805,1
158809,0
158812,1
158822,1
158824,1
158844,1
158849,1
158856,1
158861,1
158863,1
158865,1
158885,1
158886,1
158916,1
158917,1
158919,1
158922,1
158932,1
158933,1
158936,1
158937,1
158939,1
158942,1
158945,1
158946,1
158962,1
158966,1
158974,1
158975,1
158977,1
158980,1
158982,1
158984,1
158988,1
158990,1
158998,1
159002,1
159007,1
159009,1
159010,1
159013,1
159014,1
159015,1
159016,1
159018,1
159021,1
159024,1
159026,1
159027,1
159040,1
159046,1
159047,1
159051,1
159056,1
159060,1
159064,1
159070,1
159074,1
159081,1
159091,1
159098,1
159101,1
159113,1
159115,1
159119,1
159126,1
159135,1
159137,1
159139,1
159142,1
159151,1
159155,1
159162,1
159163,1
159165,1
159167,1
159169,1
159171,1
159175,1
159176,1
159186,1
159187,1
159188,1
159191,1
159200,1
159205,1
159209,1
159211,1
159213,1
159233,1
159239,1
159241,1
159246,1
159247,1
159249,1
159251,1
159257,1
159262,1
159265,1
159269,1
159271,1
159273,1
159275,1
159279,1
159280,1
159281,1
159284,1
159288,1
159289,0
159297,1
159298,1
159299,1
159301,1
159309,1
159310,1
159320,1
159321,1
159329,1
159330,1
159333,1
159345,1
159353,1
159358,1
159363,1
159365,1
159366,1
159368,1
159374,1
159381,1
159382,1
159383,1
159391,1
159393,1
159400,1
159401,1
159403,1
159405,0
159409,1
159410,1
159411,1
159413,1
159418,1
159420,1
159421,1
159423,1
159425,1
159427,1
159438,1
159445,1
159449,1
159459,1
159460,1
159464,1
159468,1
159470,1
159471,1
159473,1
159475,1
159476,1
159486,1
159497,1
159506,1
159507,1
159508,1
159516,1
159517,1
159519,1
159520,1
159523,1
159524,1
159531,1
159535,1
159541,1
159548,1
159549,0
159550,1
159559,1
159564,1
159565,1
159566,1
159578,1
159588,1
159598,1
159599,1
159601,1
159603,1
159608,1
159611,1
159615,1
159634,1
159638,1
159649,1
159662,1
159664,1
159666,1
159680,1
159681,1
159682,1
159684,1
159686,1
159692,1
159694,1
159702,1
159705,1
159722,1
159723,1
159726,1
159730,1
159731,1
159735,1
159743,1
159744,1
159749,1
159759,1
159776,1
159778,1
159787,1
159788,1
159792,1
159793,1
159801,1
159802,1
159805,1
159813,1
159818,1
159830,1
159833,1
159840,1
159845,1
159859,1
159873,1
159877,1
159880,1
159890,1
159899,1
159902,1
159903,1
159907,1
159919,1
159920,1
159921,1
159923,1
159937,1
159939,1
159950,1
159952,1
159957,1
159964,1
159967,1
159977,1
159982,1
159987,1
159989,1
160000,1
160003,1
160013,1
160015,1
160019,1
160020,1
160024,1
160028,1
160034,1
160043,1
160058,1
160059,1
160063,1
160066,1
160073,1
160078,1
160079,1
160083,1
160086,1
160093,1
160101,1
160102,1
160105,1
160108,1
160110,1
160111,1
160113,1
160114,1
160115,1
160121,1
160122,1
160126,1
160134,1
160137,1
160145,1
160148,1
160150,1
160154,1
160159,1
160161,1
160173,1
160182,1
160191,1
160194,1
160198,1
160204,1
160206,1
160208,1
160214,1
160222,1
160229,1
160235,1
160241,1
160244,1
160247,1
160253,1
160256,1
160258,1
160263,1
160272,1
160273,1
160274,1
160280,1
160297,1
160301,1
160306,0
160318,1
160321,1
160322,1
160332,1
160340,1
160343,1
160359,1
160364,1
160368,1
160370,1
160375,1
160384,1
160385,1
160393,1
160405,1
160412,1
160423,1
160424,1
160428,1
160436,1
160437,1
160438,1
160441,1
160444,1
160445,1
160450,1
160455,1
160464,1
160465,1
160466,1
160470,1
160472,1
160475,0
160476,1
160481,1
160489,1
160495,1
160496,1
160503,1
160512,1
160519,1
160521,1
160522,1
160523,1
160527,1
160531,1
160536,1
160540,1
160542,1
160543,1
160546,1
160548,1
160549,1
160554,1
160557,1
160562,1
160568,1
160572,1
160573,1
160575,1
160579,1
160589,1
160592,1
160593,1
160597,1
160620,1
160623,1
160626,1
160629,1
160633,1
160639,1
160641,1
160644,1
160648,1
160659,1
160660,1
160677,1
160678,1
160682,1
160685,1
160693,1
160701,1
160704,1
160705,1
160715,1
160716,1
160722,1
160728,1
160732,1
160734,1
160738,1
160741,1
160750,1
160756,1
160762,1
160767,1
160769,1
160777,1
160782,1
160789,1
160793,1
160794,1
160805,1
160809,1
160817,1
160818,1
160819,1
160823,1
160824,1
160830,1
160831,1
160834,1
160837,1
160839,1
160846,1
160847,1
160848,1
160851,1
160856,1
160861,1
160862,1
160865,1
160866,1
160870,1
160872,1
160874,1
160877,1
160878,1
160885,1
160889,1
160893,1
160894,1
160895,1
160896,1
160901,1
160906,1
160907,1
160911,1
160912,1
160919,1
160928,1
160937,1
160942,1
160944,1
160963,1
160964,1
160969,1
160977,1
160981,1
160982,1
160986,1
160990,1
160996,1
161005,1
161006,1
161015,1
161022,1
161024,1
161035,1
161038,1
161040,1
161046,1
161050,1
161052,0
161062,1
161063,1
161065,1
161067,1
161069,1
161071,1
161073,1
161075,1
161079,1
161080,1
161081,1
161096,1
161106,1
161110,1
161113,1
161114,1
161116,1
161117,1
161118,1
161129,1
161151,1
161152,1
161156,1
161160,1
161163,1
161164,1
161168,1
161173,1
161175,1
161190,1
161197,1
161199,1
161202,1
161203,1
161212,1
161214,1
161221,1
161226,1
161232,1
161243,1
161247,1
161248,1
161255,1
161267,1
161271,1
161275,1
161277,1
161278,1
161280,1
161283,1
161286,1
161287,1
161301,1
161303,1
161308,1
161310,1
161312,1
161314,1
161315,1
161316,1
161323,1
161326,1
161329,1
161341,1
161342,1
161349,1
161359,1
161360,1
161362,1
161366,1
161370,1
161372,1
161383,1
161386,1
161394,1
161402,1
161403,1
161405,1
161407,1
161409,1
161414,1
161420,1
161423,1
161438,1
161451,1
161456,1
161457,1
161458,1
161460,1
161468,1
161477,1
161479,1
161480,1
161485,1
161486,1
161488,1
161489,1
161496,1
161504,1
161507,1
161514,1
161525,1
161529,1
161533,1
161534,1
161545,1
161546,1
161547,1
161554,1
161558,1
161564,1
161565,1
161566,1
161571,1
161579,1
161584,1
161585,1
161588,1
161593,1
161594,1
161597,1
161600,1
161601,1
161607,1
161624,1
161628,1
161630,1
161657,1
161661,1
161666,1
161670,1
161672,1
161673,1
161674,1
161681,1
161683,1
161685,1
161689,1
161691,1
161697,1
161698,1
161700,1
161712,1
161715,1
161737,1
161747,1
161748,1
161751,1
161755,1
161762,1
161764,1
161768,1
161772,1
161775,1
161777,1
161784,1
161789,1
161790,1
161791,1
161802,1
161809,1
161813,1
161819,1
161820,1
161835,1
161836,1
161837,1
161843,1
161851,1
161856,1
161859,1
161861,1
161865,1
161867,1
161868,1
161874,1
161894,1
161896,1
161898,1
161899,1
161900,1
161902,1
161904,1
161908,1
161910,1
161921,1
161927,1
161928,1
161933,1
161949,1
161952,1
161957,1
161963,1
161964,1
161975,1
161988,1
161995,1
162005,1
162009,1
162010,1
162011,1
162014,1
162018,1
162019,1
162026,1
162027,1
162042,1
162043,1
162049,1
162050,1
162052,1
162054,1
162055,1
162058,1
162064,1
162071,1
162072,1
162078,1
162079,1
162080,1
162087,1
162092,1
162094,1
162097,1
162099,1
162101,1
162103,1
162109,1
162111,1
162119,1
162127,1
162133,1
162150,1
162158,1
162159,1
162173,1
162181,1
162190,1
162208,1
162209,1
162217,1
162218,1
162220,1
162227,1
162230,1
162243,1
162246,1
162251,1
162260,1
162263,1
162272,1
162283,1
162300,1
162303,1
162308,1
162309,1
162314,1
162317,1
162318,1
162329,1
162336,1
162339,1
162341,1
162342,1
162346,1
162349,1
162352,1
162353,1
162369,1
162375,1
162376,1
162378,1
162380,1
162385,1
162386,1
162397,1
162398,1
162404,1
162406,1
162407,1
162408,1
162420,0
162421,1
162423,1
162425,1
162426,1
162427,1
162434,1
162435,1
162444,1
162447,1
162450,1
162459,1
162470,1
162481,1
162494,1
162502,1
162512,1
162518,1
162520,1
162531,1
162537,1
162545,1
162547,1
162555,1
162557,1
162562,1
162565,1
162576,1
162577,1
162578,1
162580,1
162591,1
162604,1
162607,1
162608,1
162610,1
162616,1
162620,1
162635,1
162636,1
162649,1
162651,1
162662,1
162663,1
162667,1
162669,1
162673,1
162679,1
162683,1
162685,1
162690,1
162698,1
162705,1
162706,1
162707,1
162712,1
162713,1
162715,1
162719,1
162737,1
162741,1
162742,1
162743,1
162754,1
162760,1
162763,1
162778,1
162785,1
162793,1
162795,1
162798,1
162799,1
162800,1
162801,1
162802,1
162805,1
162806,1
162810,1
162811,1
162814,1
162819,1
162830,1
162832,1
162835,1
162843,1
162846,1
162848,1
162849,1
162857,1
162873,1
162874,1
162879,1
162881,1
162885,1
162887,1
162888,1
162894,1
162901,1
162902,1
162904,1
162911,1
162913,1
162914,1
162916,1
162929,1
162930,1
162932,1
162935,1
162938,1
162946,1
162947,1
162949,1
162950,1
162952,1
162956,1
162958,1
162961,1
162970,1
162987,1
162988,1
162998,0
163001,1
163003,1
163015,1
163017,1
163019,1
163023,1
163027,1
163033,0
163038,1
163040,1
163045,1
163048,1
163071,1
163077,1
163081,1
163083,1
163085,1
163093,1
163094,1
163095,1
163097,1
163106,1
163107,1
163115,1
163120,1
163124,1
163129,1
163131,1
163138,1
163139,1
163151,1
163162,1
163166,1
163169,1
163172,1
163192,1
163194,1
163196,1
163198,1
163207,1
163211,1
163217,1
163218,1
163219,1
163231,1
163235,1
163239,1
163243,1
163244,1
163246,1
163247,1
163249,1
163252,1
163254,1
163257,1
163261,1
163277,1
163282,1
163283,1
163286,1
163291,1
163297,1
163300,1
163302,1
163303,1
163310,1
163315,1
163324,1
163353,1
163355,1
163356,1
163362,1
163365,1
163374,1
163385,1
163396,1
163398,1
163403,1
163408,1
163413,1
163415,1
163420,1
163421,1
163425,1
163432,1
163444,1
163445,1
163446,1
163459,1
163463,1
163464,1
163466,1
163467,1
163468,1
163481,1
163483,1
163490,1
163491,0
163492,1
163496,1
163499,1
163503,1
163504,1
163508,1
163514,1
163535,1
163537,1
163539,1
163544,1
163553,1
163555,1
163559,1
163560,1
163567,1
163576,1
163587,1
163589,1
163592,1
163596,1
163600,1
163602,1
163604,1
163605,1
163606,1
163611,1
163618,1
163621,1
163628,1
163638,1
163643,1
163644,1
163648,1
163653,1
163657,1
163672,1
163678,1
163684,1
163687,1
163689,1
163691,1
163693,1
163699,1
163700,1
163701,1
163702,1
163710,1
163720,1
163721,1
163722,1
163730,1
163732,1
163750,1
163751,1
163759,1
163761,1
163762,1
163763,1
163767,1
163771,1
163780,1
163781,1
163791,1
163798,1
163809,1
163810,1
163816,1
163823,1
163824,1
163826,1
163827,1
163829,1
163835,1
163840,1
163841,1
163846,1
163847,1
163850,1
163852,1
163853,1
163854,1
163862,1
163866,1
163867,1
163873,1
163875,1
163899,1
163901,1
163909,1
163910,1
163914,1
163917,1
163918,1
163924,1
163926,1
163932,1
163941,1
163950,1
163951,1
163956,1
163958,1
163960,1
163966,1
163969,1
163970,1
163971,1
163985,1
164004,1
164015,1
164017,1
164020,1
164029,1
164033,1
164042,1
164046,1
164048,1
164051,1
164056,1
164060,1
164070,1
164074,1
164079,1
164080,1
164091,1
164098,1
164102,1
164105,1
164112,1
164116,1
164120,1
164121,1
164127,1
164129,1
164135,1
164143,1
164146,1
164150,1
164151,1
164152,1
164153,1
164156,1
164160,1
164161,1
164164,1
164172,1
164174,1
164176,1
164184,1
164188,1
164189,1
164200,1
164205,1
164206,1
164207,1
164214,1
164220,1
164229,1
164230,1
164234,1
164235,1
164244,1
164245,1
164250,1
164253,1
164262,1
164270,1
164274,1
164282,1
164287,1
164291,1
164295,1
164310,1
164315,1
164325,1
164330,1
164340,1
164343,1
164349,1
164356,1
164357,1
164361,1
164363,1
164364,1
164366,1
164371,1
164375,1
164376,1
164378,1
164395,1
164397,1
164400,1
164428,1
164441,1
164444,1
164447,1
164448,1
164451,1
164454,1
164456,1
164459,1
164460,1
164464,1
164466,1
164467,1
164470,1
164473,1
164482,1
164484,1
164485,1
164487,1
164491,1
164493,1
164494,1
164497,1
164498,1
164503,1
164504,1
164512,1
164526,1
164529,1
164531,1
164532,1
164533,1
164539,1
164540,1
164548,1
164550,1
164551,1
164559,1
164562,1
164572,1
164577,1
164580,1
164581,1
164583,1
164590,1
164591,1
164596,1
164598,1
164599,1
164607,1
164610,1
164618,1
164619,1
164625,1
164626,1
164627,1
164640,1
164643,1
164648,1
164649,1
164653,1
164654,1
164655,1
164656,1
164657,1
164659,1
164674,1
164682,1
164686,1
164687,1
164689,1
164690,1
164696,1
164697,1
164698,1
164704,1
164711,1
164715,1
164716,1
164717,1
164724,1
164727,1
164734,1
164739,1
164741,1
164745,1
164748,1
164753,1
164755,1
164758,1
164761,1
164762,1
164765,1
164768,1
164779,1
164790,1
164793,1
164795,1
164801,1
164804,1
164805,1
164807,1
164816,1
164818,1
164820,1
164831,1
164832,0
164837,1
164847,1
164849,1
164851,1
164858,1
164859,1
164868,1
164871,1
164872,1
164875,1
164880,1
164883,1
164891,1
164892,1
164894,1
164895,1
164900,1
164905,1
164913,1
164915,1
164916,1
164918,1
164919,1
164922,1
164928,1
164933,1
164937,1
164940,1
164943,1
164945,1
164946,1
164957,1
164958,1
164965,1
164966,1
164969,1
164974,1
164976,1
164978,1
164979,1
164983,1
164984,1
164993,1
164999,1
165004,1
165009,1
165017,1
165020,1
165021,1
165023,1
165031,1
165033,1
165041,1
165048,1
165054,1
165055,1
165057,1
165058,1
165068,1
165074,1
165081,1
165082,0
165083,1
165089,1
165090,1
165091,1
165093,1
165096,1
165104,1
165118,1
165120,1
165124,1
165131,1
165133,1
165149,1
165153,1
165161,1
165166,1
165170,1
165171,1
165172,1
165186,1
165192,1
165193,1
165199,1
165202,1
165209,1
165210,1
165211,1
165215,1
165227,1
165233,1
165237,1
165240,1
165241,1
165243,1
165245,1
165253,1
165254,1
165256,1
165259,1
165267,1
165271,1
165277,1
165284,1
165287,1
165291,1
165294,1
165299,1
165302,1
165303,1
165306,1
165324,1
165328,1
165330,1
165346,1
165347,1
165349,1
165355,1
165358,1
165360,1
165385,1
165393,1
165394,1
165407,1
165410,1
165413,1
165415,1
165416,1
165420,1
165421,1
165431,1
165434,1
165435,1
165444,1
165449,1
165455,1
165456,1
165466,1
165474,1
165478,1
165480,1
165481,1
165499,1
165505,1
165507,1
165514,1
165515,1
165516,1
165518,1
165525,1
165528,1
165532,1
165541,1
165544,1
165548,1
165563,1
165567,1
165575,1
165579,1
165584,1
165587,1
165596,1
165599,1
165600,1
165605,1
165609,1
165611,1
165621,1
165622,1
165627,1
165629,1
165634,1
165635,1
165636,1
165641,1
165646,1
165647,1
165648,1
165649,1
165651,1
165652,1
165662,1
165663,1
165664,1
165666,1
165669,1
165671,0
165678,1
165683,1
165684,1
165706,1
165707,1
165710,1
165713,1
165714,1
165718,1
165719,1
165722,1
165729,1
165742,1
165743,1
165751,1
165754,1
165760,1
165763,1
165766,1
165768,1
165776,1
165777,1
165783,1
165790,1
165791,1
165795,1
165798,1
165799,1
165800,1
165801,1
165802,1
165807,1
165815,1
165819,1
165824,1
165828,1
165832,1
165833,1
165841,1
165864,1
165875,1
165879,1
165881,1
165884,1
165888,1
165895,1
165906,1
165910,1
165911,1
165919,1
165923,1
165925,1
165931,1
165935,1
165944,1
165947,1
165949,1
165958,1
165962,1
165965,1
165966,1
165983,1
165984,1
165985,1
165986,1
165988,1
165991,1
165997,1
165998,1
166005,1
166009,1
166019,1
166025,1
166034,1
166035,1
166042,1
166045,1
166048,1
166050,1
166053,1
166057,1
166064,1
166067,1
166082,1
166093,1
166094,1
166104,1
166106,1
166107,1
166111,1
166113,1
166116,1
166122,1
166123,1
166131,1
166136,1
166138,1
166142,1
166150,1
166151,1
166155,1
166165,1
166168,1
166173,1
166174,1
166195,1
166202,1
166205,1
166213,1
166214,1
166218,1
166222,1
166229,1
166230,1
166241,1
166256,1
166263,1
166264,1
166274,1
166281,1
166282,1
166283,1
166285,1
166287,1
166292,1
166299,1
166304,1
166318,1
166321,1
166324,1
166326,1
166329,1
166337,1
166341,1
166343,1
166344,1
166352,1
166379,1
166384,1
166387,1
166389,1
166397,1
166403,1
166411,1
166415,1
166416,1
166423,1
166425,1
166429,1
166431,1
166432,1
166441,1
166443,1
166446,1
166461,1
166462,1
166465,1
166469,1
166471,1
166474,1
166487,1
166492,1
166494,1
166500,1
166503,1
166504,1
166508,1
166510,1
166512,1
166515,1
166519,1
166522,1
166524,1
166528,1
166534,1
166535,1
166538,1
166541,1
166542,1
166545,1
166547,1
166550,1
166552,1
166554,1
166555,1
166557,1
166568,1
166574,1
166576,1
166579,1
166586,1
166590,1
166593,1
166596,1
166604,1
166610,1
166613,1
166621,1
166624,1
166625,1
166626,1
166633,1
166636,1
166660,1
166673,1
166674,1
166676,1
166677,1
166682,1
166701,1
166703,1
166706,1
166709,1
166711,1
166715,1
166718,1
166721,1
166723,1
166724,1
166727,1
166728,1
166731,1
166740,1
166757,1
166766,1
166775,1
166776,1
166778,1
166779,1
166781,1
166784,1
166786,1
166788,1
166794,1
166796,1
166799,1
166804,1
166808,1
166827,1
166828,1
166832,1
166835,1
166841,1
166855,1
166868,1
166887,1
166889,1
166892,1
166896,1
166900,1
166903,1
166906,1
166912,1
166919,1
166920,1
166921,1
166922,1
166932,1
166934,1
166944,1
166957,1
166961,1
166964,1
166965,1
166966,1
166973,1
166978,1
166981,1
166983,1
166985,1
166986,1
166990,1
167003,1
167005,1
167015,1
167024,1
167026,1
167029,1
167037,1
167038,1
167042,1
167047,1
167053,1
167055,1
167058,1
167059,1
167067,1
167076,1
167078,1
167083,1
167085,1
167089,1
167100,1
167101,1
167108,1
167109,1
167118,1
167123,1
167131,1
167135,1
167146,1
167149,1
167150,1
167166,1
167167,1
167171,1
167173,1
167176,1
167180,1
167181,1
167198,1
167210,1
167211,1
167212,1
167221,1
167229,1
167241,1
167245,1
167249,1
167256,1
167257,1
167259,1
167271,1
167279,1
167283,1
167295,1
167296,1
167297,1
167300,1
167302,1
167304,1
167312,1
167327,1
167334,1
167335,1
167340,1
167348,1
167349,1
167351,1
167355,1
167367,1
167370,1
167374,1
167375,1
167376,1
167378,1
167384,1
167388,1
167390,1
167406,1
167407,1
167412,1
167420,1
167426,1
167428,1
167434,1
167436,1
167443,1
167448,1
167457,1
167459,1
167461,1
167464,1
167466,1
167474,1
167476,1
167477,1
167481,1
167483,1
167502,1
167503,1
167511,1
167514,1
167516,1
167521,1
167524,1
167525,1
167527,1
167536,1
167538,1
167540,1
167547,1
167549,1
167553,1
167560,1
167563,1
167564,1
167570,1
167580,1
167586,1
167588,1
167591,1
167594,1
167602,1
167610,1
167614,1
167618,1
167619,1
167642,1
167645,1
167648,1
167649,1
167660,1
167666,1
167667,1
167669,1
167671,1
167678,1
167683,1
167685,1
167689,1
167696,1
167707,1
167708,1
167709,1
167710,1
167712,1
167714,1
167716,1
167718,1
167719,1
167722,1
167723,1
167731,1
167737,1
167738,1
167748,1
167749,1
167750,1
167752,1
167758,1
167760,1
167766,0
167767,1
167777,1
167778,1
167779,1
167793,1
167799,1
167804,1
167809,1
167813,1
167815,1
167828,1
167835,1
167836,1
167839,1
167840,1
167847,1
167853,1
167854,1
167860,1
167862,1
167863,1
167866,1
167869,1
167870,1
167884,1
167885,1
167889,1
167891,1
167892,1
167896,0
167910,1
167913,1
167915,1
167916,1
167917,1
167925,1
167926,1
167928,1
167929,1
167940,1
167945,1
167949,1
167950,1
167951,1
167954,1
167957,1
167958,1
167960,1
167962,1
167966,1
167969,1
167970,1
167972,1
167976,1
167979,1
167981,1
167982,1
167993,1
167999,1
168006,1
168010,1
168015,1
168031,1
168041,1
168043,1
168044,1
168050,1
168051,1
168056,1
168060,1
168061,1
168066,1
168067,1
168072,1
168073,1
168078,1
168089,1
168096,1
168097,1
168099,1
168100,1
168105,1
168114,1
168118,1
168129,1
168132,1
168136,1
168142,1
168148,1
168149,1
168152,1
168154,1
168155,1
168160,1
168163,1
168170,1
168176,1
168178,1
168181,1
168190,1
168194,1
168201,1
168204,1
168217,1
168232,1
168239,1
168242,1
168243,1
168247,1
168248,1
168249,1
168257,1
168276,1
168277,1
168279,1
168286,1
168294,1
168295,1
168307,0
168308,1
168319,1
168329,1
168330,1
168332,1
168333,1
168339,1
168340,1
168341,1
168342,1
168344,1
168347,1
168354,1
168360,1
168367,1
168373,1
168376,1
168384,1
168388,1
168392,1
168393,1
168398,1
168400,1
168409,1
168411,1
168418,1
168419,1
168428,1
168441,1
168445,1
168448,1
168450,1
168452,1
168453,1
168456,1
168461,1
168463,1
168470,1
168475,1
168479,1
168482,1
168483,1
168484,1
168485,1
168498,1
168500,1
168507,1
168508,1
168514,1
168516,1
168522,1
168525,1
168526,1
168538,1
168546,1
168550,1
168555,1
168557,1
168559,1
168561,1
168569,1
168600,0
168601,1
168613,1
168617,1
168622,1
168630,1
168632,1
168637,1
168644,1
168649,1
168651,1
168667,1
168672,1
168675,1
168692,1
168699,1
168702,1
168703,1
168706,1
168713,1
168726,1
168733,1
168737,1
168739,1
168743,1
168744,1
168747,1
168750,1
168752,1
168757,1
168771,1
168785,1
168791,1
168799,1
168800,1
168804,1
168806,1
168813,1
168816,1
168823,1
168830,1
168835,1
168836,1
168845,1
168848,1
168853,1
168858,1
168861,1
168863,1
168865,1
168868,1
168869,1
168878,1
168880,1
168882,1
168884,1
168888,1
168890,1
168895,1
168896,1
168897,1
168898,1
168900,1
168901,1
168903,1
168908,1
168922,1
168930,1
168946,1
168949,1
168960,1
168969,1
168970,1
168976,1
168998,1
169005,1
169006,1
169011,1
169012,1
169016,1
169024,1
169026,1
169034,1
169043,1
169047,0
169048,1
169052,1
169053,1
169055,1
169060,1
169073,1
169084,1
169089,1
169090,1
169095,1
169097,1
169102,1
169106,1
169107,1
169115,1
169116,1
169123,1
169127,1
169138,1
169146,1
169148,1
169150,1
169151,1
169153,1
169157,1
169161,1
169165,1
169172,1
169175,1
169178,1
169184,1
169187,1
169199,1
169204,1
169205,1
169208,1
169215,1
169225,1
169230,1
169231,1
169237,1
169239,1
169241,1
169248,1
169258,1
169268,1
169274,1
169276,1
169283,1
169284,1
169288,1
169289,1
169294,1
169296,1
169298,1
169300,1
169302,1
169308,1
169314,1
169317,1
169321,1
169322,1
169326,1
169329,1
169331,1
169333,1
169334,1
169335,1
169336,1
169339,1
169350,1
169353,1
169355,1
169356,1
169359,1
169366,1
169368,1
169369,1
169372,1
169375,1
169376,1
169381,1
169382,1
169385,1
169387,1
169390,1
169399,1
169404,1
169406,1
169407,1
169408,1
169409,1
169418,1
169428,1
169435,1
169438,1
169445,1
169456,1
169457,1
169458,1
169461,1
169462,1
169468,1
169471,1
169472,1
169474,1
169480,1
169487,1
169489,1
169490,1
169491,1
169494,1
169502,1
169506,1
169507,1
169508,1
169521,1
169525,1
169526,1
169535,1
169539,1
169548,1
169553,1
169556,1
169557,1
169566,1
169578,1
169581,1
169588,1
169595,1
169604,1
169606,1
169607,1
169608,1
169609,1
169614,1
169616,1
169621,1
169624,1
169628,1
169631,1
169646,1
169652,1
169660,1
169672,1
169677,1
169678,1
169696,1
169698,1
169700,1
169702,1
169704,1
169706,1
169707,1
169716,1
169718,1
169721,1
169729,1
169732,1
169736,1
169740,1
169742,1
169744,1
169750,1
169754,1
169762,1
169763,1
169765,1
169767,1
169768,1
169778,1
169779,1
169781,1
169784,1
169790,1
169791,1
169792,1
169794,1
169804,1
169807,1
169808,1
169814,1
169816,1
169817,1
169819,1
169825,1
169826,1
169831,1
169841,1
169844,1
169845,1
169852,1
169858,1
169861,1
169872,1
169873,1
169874,1
169877,1
169880,1
169882,1
169886,1
169887,1
169889,1
169891,1
169897,1
169899,1
169900,1
169903,1
169907,1
169911,1
169913,1
169916,1
169919,1
169926,1
169927,1
169928,1
169931,1
169936,1
169943,1
169970,1
169971,1
169972,1
169977,1
169980,1
169982,1
169992,1
169999,1
170001,1
170003,1
170008,1
170010,1
170011,1
170016,1
170020,1
170022,1
170024,1
170026,1
170030,1
170034,1
170035,1
170040,1
170041,1
170053,1
170057,1
170063,1
170072,1
170077,0
170079,1
170080,1
170088,1
170090,1
170094,1
170097,1
170104,1
170106,1
170116,1
170120,1
170122,1
170126,1
170132,1
170138,1
170141,1
170147,1
170149,1
170150,1
170157,1
170162,1
170165,1
170167,1
170171,1
170172,1
170181,1
170182,1
170183,1
170186,1
170194,1
170196,1
170198,1
170201,1
170202,1
170205,1
170222,1
170229,1
170234,1
170240,1
170247,1
170256,1
170258,1
170260,1
170263,1
170266,1
170268,1
170270,1
170271,1
170285,1
170287,1
170295,1
170299,1
170300,1
170305,1
170306,1
170311,1
170326,1
170328,1
170330,1
170332,1
170336,1
170340,1
170350,1
170353,1
170355,1
170359,1
170371,1
170378,1
170381,1
170389,1
170390,1
170393,1
170396,1
170403,1
170407,1
170416,1
170418,1
170423,1
170436,1
170447,1
170454,1
170457,1
170460,1
170461,1
170463,1
170468,1
170477,1
170479,1
170485,1
170487,1
170488,1
170491,1
170495,1
170499,1
170503,1
170505,1
170510,1
170515,1
170516,1
170521,1
170522,1
170523,1
170525,1
170528,1
170533,1
170537,1
170538,1
170545,1
170547,1
170550,1
170556,1
170560,1
170563,1
170564,1
170571,1
170579,1
170581,1
170585,1
170594,1
170596,1
170601,1
170602,1
170607,1
170613,1
170621,1
170623,1
170628,1
170629,1
170634,1
170636,1
170643,1
170645,1
170648,1
170650,1
170656,1
170657,1
170664,1
170665,1
170668,1
170672,1
170676,1
170683,1
170692,0
170696,1
170698,1
170699,1
170701,1
170703,1
170707,1
170713,1
170716,1
170717,1
170719,1
170729,1
170730,1
170731,1
170732,1
170736,1
170737,1
170743,1
170744,1
170762,1
170766,1
170769,1
170775,1
170779,1
170791,1
170797,1
170798,1
170801,1
170806,1
170814,1
170818,1
170823,1
170827,1
170851,1
170855,1
170858,1
170865,1
170877,1
170881,1
170882,1
170886,1
170890,1
170891,1
170893,1
170894,1
170895,1
170898,1
170899,0
170900,1
170908,1
170911,1
170912,1
170925,1
170936,1
170940,1
170945,1
170954,1
170960,1
170962,1
170964,1
170965,1
170970,1
170973,1
170977,1
170982,1
170985,1
170989,1
170990,1
170992,1
170996,1
171006,1
171007,1
171009,1
171010,1
171011,1
171012,1
171014,1
171039,1
171042,1
171054,1
171057,1
171059,1
171068,1
171069,1
171071,1
171075,1
171077,1
171078,1
171079,1
171094,1
171098,1
171102,1
171106,1
171114,1
171115,1
171122,1
171129,1
171131,1
171136,1
171137,1
171139,1
171145,1
171150,1
171157,1
171160,1
171163,1
171170,1
171174,1
171182,1
171184,1
171186,1
171190,1
171191,1
171193,1
171196,1
171197,1
171202,1
171205,1
171209,1
171212,1
171215,1
171217,1
171220,1
171225,1
171229,1
171235,1
171243,1
171247,1
171254,1
171256,1
171258,1
171259,1
171263,1
171265,1
171272,1
171274,1
171278,1
171291,1
171304,1
171306,1
171307,1
171309,1
171312,1
171320,1
171321,1
171330,1
171332,1
171342,1
171344,1
171351,1
171354,1
171362,1
171385,1
171387,1
171392,1
171401,1
171407,1
171408,1
171411,1
171413,1
171414,1
171415,1
171416,1
171423,1
171433,1
171436,1
171441,1
171447,1
171453,1
171458,1
171459,1
171462,1
171466,1
171467,1
171489,1
171492,1
171500,1
171508,1
171511,1
171523,1
171528,1
171531,1
171535,1
171537,1
171540,1
171545,1
171549,1
171557,1
171558,1
171561,1
171563,1
171566,1
171569,1
171570,1
171579,1
171582,1
171592,1
171600,1
171602,1
171606,1
171610,1
171615,1
171619,1
171621,1
171622,1
171623,1
171645,1
171646,1
171651,1
171671,1
171672,1
171689,1
171691,1
171701,1
171708,1
171711,1
171722,1
171728,1
171731,1
171733,1
171737,1
171738,1
171743,1
171747,1
171750,1
171755,1
171759,1
171762,1
171766,1
171769,1
171772,1
171774,1
171776,1
171777,1
171778,1
171782,1
171783,1
171786,1
171787,1
171790,1
171796,1
171797,1
171798,1
171804,1
171805,1
171808,1
171809,1
171813,1
171815,1
171817,1
171824,1
171825,1
171826,1
171833,1
171841,1
171851,1
171852,1
171853,1
171855,1
171865,1
171866,1
171870,1
171877,1
171879,1
171885,1
171886,1
171890,1
171891,1
171896,1
171902,1
171906,1
171909,1
171914,1
171926,1
171930,1
171931,1
171932,1
171934,1
171938,1
171945,1
171949,1
171957,1
171958,1
171964,1
171967,1
171969,1
171979,1
171981,1
171982,1
171996,1
172000,1
172001,1
172002,1
172003,1
172006,1
172008,1
172013,1
172014,1
172015,1
172016,1
172019,1
172029,1
172030,1
172045,1
172047,0
172049,1
172054,1
172055,1
172071,1
172073,1
172075,1
172080,1
172090,1
172092,1
172093,1
172095,1
172098,1
172101,1
172111,1
172125,1
172128,1
172130,1
172133,1
172136,1
172138,1
172142,1
172143,1
172145,1
172149,1
172150,1
172158,1
172161,1
172182,1
172185,1
172187,1
172191,1
172193,1
172197,1
172199,1
172206,1
172215,1
172216,1
172218,1
172224,1
172228,1
172231,1
172233,1
172240,1
172249,1
172252,1
172259,1
172262,1
172265,1
172273,1
172277,1
172286,1
172291,1
172296,1
172304,1
172312,1
172316,1
172319,1
172320,1
172326,1
172339,1
172340,1
172346,1
172365,1
172366,1
172370,1
172371,1
172379,1
172381,1
172388,1
172389,1
172394,1
172398,1
172401,1
172403,1
172406,1
172424,1
172434,1
172436,1
172437,1
172441,1
172443,1
172458,1
172460,1
172461,1
172463,1
172471,1
172472,1
172476,1
172478,1
172491,1
172494,1
172495,1
172496,1
172503,1
172506,1
172509,1
172513,1
172515,1
172523,1
172524,1
172533,1
172536,1
172555,1
172559,1
172560,1
172561,1
172565,1
172575,1
172585,1
172588,1
172591,1
172600,1
172605,1
172607,1
172611,1
172612,1
172624,1
172628,1
172634,1
172637,1
172638,1
172642,1
172649,1
172652,1
172654,1
172664,1
172666,1
172671,1
172676,1
172678,1
172680,1
172686,1
172687,1
172690,1
172705,1
172708,1
172727,1
172734,1
172749,1
172760,1
172761,1
172769,1
172774,1
172782,1
172793,1
172797,1
172802,1
172808,1
172811,1
172819,1
172823,1
172836,1
172837,1
172847,1
172849,1
172852,1
172859,1
172862,1
172863,1
172867,1
172868,1
172872,1
172882,1
172888,1
172889,1
172892,1
172905,1
172911,1
172912,1
172917,1
172921,1
172938,1
172941,1
172946,1
172953,1
172966,1
172969,1
172971,1
172973,1
172979,1
172981,1
172982,1
172988,1
172992,1
172993,1
172994,1
172997,1
173002,1
173007,1
173012,1
173021,1
173036,1
173037,1
173039,1
173041,1
173042,1
173047,1
173052,1
173053,1
173057,1
173063,1
173075,1
173077,1
173081,1
173089,1
173098,1
173104,1
173108,1
173112,1
173114,1
173115,1
173117,1
173124,1
173131,1
173141,1
173142,1
173144,1
173145,1
173150,1
173152,1
173154,1
173162,1
173171,1
173172,1
173177,1
173179,1
173195,1
173202,1
173204,1
173206,1
173212,1
173215,1
173216,1
173217,1
173219,1
173222,1
173223,1
173225,1
173227,1
173228,1
173231,1
173241,1
173242,1
173246,1
173249,1
173254,1
173255,1
173256,1
173259,1
173267,1
173276,1
173277,1
173281,1
173288,1
173296,1
173297,1
173298,1
173300,1
173301,1
173303,1
173310,1
173312,1
173321,1
173328,1
173330,1
173331,1
173332,1
173335,1
173339,1
173344,1
173345,1
173355,1
173360,1
173366,1
173369,1
173376,1
173382,1
173391,1
173392,1
173400,1
173402,1
173405,1
173407,1
173412,1
173419,1
173423,1
173425,1
173430,1
173432,1
173444,1
173452,1
173455,1
173461,1
173463,1
173469,1
173485,1
173497,1
173511,1
173513,1
173516,1
173522,1
173523,1
173530,1
173534,1
173546,1
173565,1
173568,1
173571,1
173574,1
173575,1
173576,1
173580,1
173585,1
173596,1
173616,1
173625,1
173628,1
173629,1
173639,1
173644,1
173652,1
173668,1
173671,1
173674,1
173676,1
173680,1
173694,1
173699,1
173701,1
173704,1
173711,1
173713,1
173714,1
173718,1
173719,1
173726,1
173727,1
173728,1
173730,1
173733,1
173734,1
173738,1
173739,1
173742,1
173746,1
173748,1
173752,1
173754,1
173757,1
173765,1
173766,1
173767,1
173768,1
173780,1
173782,1
173786,1
173791,1
173796,1
173798,1
173802,1
173804,1
173807,1
173809,1
173810,1
173811,1
173813,1
173820,1
173824,1
173833,1
173834,1
173838,1
173848,1
173861,1
173862,1
173870,0
173871,1
173875,1
173876,1
173883,1
173884,1
173893,1
173894,1
173895,1
173905,1
173919,1
173922,1
173925,1
173926,1
173927,1
173934,0
173940,1
173953,1
173956,1
173967,1
173976,1
173977,1
173980,1
173984,1
173987,1
173989,1
173990,1
173991,1
173997,1
174010,1
174016,1
174019,1
174020,1
174022,1
174024,1
174026,1
174027,1
174031,1
174051,1
174060,1
174062,1
174065,1
174073,1
174080,1
174081,1
174096,0
174098,1
174099,1
174105,1
174106,1
174110,1
174115,1
174120,1
174127,1
174130,1
174134,1
174140,1
174142,1
174147,1
174150,1
174161,1
174163,1
174175,1
174177,1
174186,1
174191,1
174199,1
174204,1
174210,1
174212,1
174213,1
174217,1
174227,1
174232,1
174240,1
174245,1
174255,1
174259,1
174276,1
174280,0
174291,1
174298,1
174303,1
174315,1
174325,1
174330,1
174331,1
174335,1
174336,1
174348,1
174349,1
174351,1
174355,1
174361,1
174362,1
174369,1
174376,1
174379,1
174382,1
174391,1
174394,1
174399,1
174403,1
174404,1
174409,1
174411,1
174427,1
174428,1
174434,1
174445,1
174457,1
174458,1
174459,1
174462,1
174467,1
174469,1
174470,1
174472,1
174479,1
174480,1
174486,1
174487,1
174492,1
174497,1
174498,1
174500,0
174503,1
174505,1
174508,1
174511,1
174512,1
174521,1
174522,1
174531,1
174533,1
174547,1
174551,1
174555,1
174556,1
174559,1
174567,1
174569,1
174574,1
174575,1
174579,1
174582,1
174595,1
174600,1
174603,1
174604,1
174607,1
174611,1
174617,1
174620,1
174623,1
174629,1
174630,1
174637,1
174644,1
174645,1
174647,1
174648,1
174649,1
174650,1
174654,1
174655,1
174663,1
174667,1
174668,1
174682,1
174684,1
174685,1
174703,1
174705,1
174708,1
174716,1
174719,1
174728,1
174730,1
174734,1
174745,1
174746,1
174748,1
174756,1
174757,1
174768,1
174769,1
174770,1
174772,1
174781,1
174782,1
174783,1
174787,1
174795,1
174803,1
174805,1
174822,1
174831,1
174834,1
174838,1
174841,1
174845,1
174859,1
174880,1
174883,1
174891,1
174892,1
174893,1
174895,1
174898,1
174903,1
174905,1
174911,1
174918,1
174919,1
174920,1
174927,1
174932,1
174938,1
174941,1
174942,1
174943,1
174944,1
174959,1
174966,1
174967,1
174968,1
174974,1
174979,1
174980,1
175015,1
175017,1
175018,1
175028,1
175029,1
175034,1
175038,1
175041,1
175045,1
175053,1
175059,1
175060,1
175065,1
175075,1
175077,1
175080,1
175086,1
175090,1
175097,1
175111,1
175113,1
175116,1
175117,1
175120,1
175124,1
175130,1
175132,1
175136,1
175144,1
175148,1
175150,1
175153,1
175156,1
175157,1
175162,1
175163,1
175168,1
175176,1
175178,1
175180,1
175186,1
175192,1
175195,1
175198,1
175199,1
175202,1
175205,1
175206,1
175208,1
175209,1
175222,1
175225,1
175233,1
175237,1
175239,1
175243,1
175244,1
175247,1
175252,1
175254,1
175261,1
175265,1
175287,1
175302,1
175303,1
175305,1
175306,1
175307,1
175308,1
175309,1
175323,1
175325,0
175329,1
175339,1
175344,1
175352,1
175355,1
175359,1
175362,1
175366,1
175370,1
175372,1
175390,1
175393,1
175394,1
175404,1
175411,1
175415,1
175416,1
175419,1
175424,1
175434,1
175435,1
175437,1
175440,1
175445,1
175453,1
175457,1
175460,1
175469,1
175470,1
175472,1
175480,1
175489,1
175490,1
175496,1
175500,1
175501,1
175502,1
175506,1
175508,1
175514,1
175518,1
175527,1
175529,1
175543,1
175546,1
175550,1
175563,1
175564,1
175569,1
175580,1
175591,1
175594,1
175596,1
175603,1
175607,1
175609,1
175616,1
175620,1
175627,1
175631,1
175638,1
175668,1
175673,1
175676,1
175677,1
175679,1
175686,1
175688,1
175690,1
175694,1
175700,1
175703,1
175714,1
175715,1
175722,1
175724,1
175725,1
175730,1
175736,1
175738,1
175756,1
175761,1
175765,1
175770,1
175783,1
175784,1
175787,1
175788,1
175795,1
175799,1
175801,1
175802,1
175812,1
175818,1
175836,1
175838,1
175840,1
175844,1
175852,1
175853,1
175859,1
175860,1
175865,1
175872,1
175875,1
175878,1
175883,1
175887,1
175897,1
175899,1
175900,1
175902,1
175903,1
175925,1
175926,1
175929,1
175931,1
175932,1
175933,1
175943,1
175945,1
175950,1
175953,1
175955,1
175956,1
175957,1
175961,1
175963,1
175971,1
175975,1
175978,1
175981,1
175984,0
175991,1
176001,1
176003,1
176004,1
176005,1
176008,1
176014,1
176016,1
176020,1
176021,1
176028,1
176030,1
176031,1
176034,1
176035,1
176038,1
176039,1
176040,1
176057,1
176069,1
176076,1
176088,1
176091,1
176097,1
176102,1
176104,1
176105,1
176108,1
176110,1
176116,1
176119,1
176120,1
176121,1
176122,1
176128,1
176130,1
176131,1
176133,1
176146,1
176148,1
176149,1
176150,1
176160,1
176166,1
176168,1
176170,1
176172,1
176176,1
176177,1
176185,1
176187,1
176193,1
176197,1
176199,1
176220,1
176222,1
176225,1
176226,1
176231,1
176232,1
176245,1
176247,1
176250,1
176252,1
176255,1
176267,1
176274,1
176279,1
176283,1
176291,1
176293,1
176295,1
176298,1
176303,1
176305,1
176309,1
176326,1
176329,1
176338,1
176339,1
176341,1
176344,1
176348,1
176349,1
176352,1
176353,1
176356,1
176357,1
176362,1
176363,1
176371,1
176374,1
176376,1
176382,1
176388,1
176405,1
176413,1
176414,1
176415,1
176418,1
176425,1
176430,1
176440,1
176451,1
176454,1
176460,0
176465,1
176467,1
176471,1
176473,1
176479,1
176483,1
176488,1
176494,1
176496,1
176500,1
176501,1
176508,1
176511,1
176518,1
176519,1
176520,1
176527,1
176529,1
176530,1
176537,1
176542,1
176543,1
176547,1
176548,1
176557,1
176569,1
176571,1
176573,1
176574,1
176580,1
176582,1
176596,1
176603,1
176610,1
176615,1
176618,1
176619,1
176622,1
176627,1
176629,1
176631,1
176632,1
176640,1
176641,1
176645,1
176661,1
176662,1
176667,1
176675,1
176682,1
176689,1
176696,1
176701,1
176717,1
176718,1
176721,1
176722,1
176729,1
176740,1
176746,1
176749,1
176750,1
176751,1
176752,1
176756,1
176758,1
176762,1
176765,1
176767,1
176774,1
176776,1
176779,1
176783,1
176787,1
176794,1
176800,1
176804,1
176808,1
176812,1
176815,1
176823,1
176829,1
176853,1
176855,1
176859,1
176861,1
176868,1
176872,1
176874,1
176876,1
176886,1
176887,1
176888,1
176889,1
176897,1
176902,1
176903,1
176910,1
176912,1
176914,1
176919,1
176931,1
176932,1
176939,1
176942,1
176944,1
176947,1
176948,1
176950,1
176957,1
176961,1
176963,1
176966,1
176974,1
176978,1
176981,1
176985,1
176987,1
177003,1
177006,1
177019,1
177029,1
177038,1
177044,1
177054,1
177055,1
177058,1
177059,1
177061,1
177074,1
177075,1
177078,1
177086,1
177096,1
177112,1
177114,1
177117,1
177125,1
177131,1
177132,1
177133,1
177136,1
177140,1
177142,1
177151,1
177153,1
177156,1
177159,1
177160,1
177164,1
177165,1
177167,1
177176,1
177180,1
177181,1
177184,1
177187,1
177189,1
177194,1
177201,1
177210,1
177211,1
177212,1
177224,1
177228,1
177229,1
177230,1
177234,1
177237,1
177238,1
177239,1
177241,1
177242,1
177244,1
177245,1
177248,1
177260,1
177263,1
177269,1
177279,1
177281,1
177285,1
177289,1
177294,1
177298,1
177304,1
177305,1
177308,1
177313,1
177320,1
177321,1
177323,1
177330,1
177339,1
177342,1
177346,1
177353,1
177363,1
177366,1
177368,1
177371,1
177380,1
177385,1
177388,1
177394,1
177396,1
177402,1
177403,1
177407,1
177408,1
177415,1
177417,1
177423,1
177427,1
177433,1
177439,1
177443,1
177447,1
177453,1
177456,1
177457,1
177461,1
177467,1
177478,1
177481,1
177482,1
177483,1
177484,1
177488,1
177490,1
177501,1
177507,1
177512,1
177515,1
177528,1
177530,1
177536,1
177548,1
177550,1
177551,1
177557,1
177563,1
177571,1
177572,1
177581,1
177591,1
177592,1
177608,1
177614,1
177622,1
177627,1
177629,1
177641,1
177650,1
177660,1
177662,1
177663,1
177668,1
177670,1
177674,1
177675,1
177684,1
177689,1
177693,1
177702,1
177707,1
177718,1
177726,1
177737,1
177739,1
177740,1
177741,1
177744,1
177746,1
177747,1
177754,1
177756,1
177768,1
177770,1
177771,1
177774,1
177777,1
177778,1
177780,1
177785,1
177786,1
177789,1
177796,1
177798,1
177803,1
177811,1
177820,1
177823,1
177830,1
177831,1
177832,1
177840,1
177841,1
177842,1
177843,1
177846,1
177853,0
177855,1
177858,1
177861,1
177865,1
177871,1
177883,1
177890,1
177895,1
177897,1
177904,1
177908,1
177914,1
177917,1
177919,1
177921,1
177923,1
177927,1
177928,1
177931,1
177937,1
177939,1
177949,1
177951,1
177952,1
177961,1
177962,1
177963,1
177964,1
177968,1
177972,1
177982,1
177991,1
177992,1
178000,1
178005,1
178009,1
178011,1
178013,1
178014,1
178020,1
178021,1
178023,1
178024,1
178027,1
178033,1
178034,1
178044,1
178048,1
178050,1
178054,1
178063,1
178065,1
178066,1
178070,1
178077,1
178086,1
178091,1
178096,1
178102,1
178110,1
178111,1
178114,1
178116,1
178118,1
178123,1
178128,1
178146,1
178156,1
178158,1
178164,1
178168,1
178170,1
178178,1
178184,1
178190,1
178193,1
178194,1
178196,1
178201,1
178216,1
178220,1
178224,1
178227,1
178229,1
178231,1
178245,1
178250,1
178254,1
178262,1
178263,1
178264,1
178265,1
178270,1
178273,1
178275,1
178284,1
178287,1
178295,1
178296,1
178301,1
178303,1
178317,1
178320,1
178325,1
178326,1
178327,1
178333,1
178357,1
178360,1
178361,1
178363,1
178378,1
178383,1
178384,1
178391,1
178392,1
178397,1
178398,1
178399,1
178407,1
178417,1
178420,1
178421,1
178423,1
178427,1
178441,1
178442,1
178448,1
178450,1
178453,1
178458,1
178472,1
178473,1
178475,1
178477,1
178478,1
178480,1
178481,1
178483,1
178486,1
178491,1
178500,1
178506,1
178507,1
178510,1
178536,1
178538,1
178549,1
178554,1
178562,1
178571,1
178572,1
178574,1
178575,1
178577,1
178583,1
178584,1
178593,1
178598,1
178603,1
178606,1
178609,1
178612,1
178613,1
178615,1
178618,1
178620,1
178623,1
178631,1
178639,1
178645,1
178648,1
178650,1
178652,1
178654,1
178656,1
178664,1
178668,1
178671,1
178675,1
178681,1
178685,1
178694,1
178703,1
178710,1
178720,1
178723,1
178725,1
178727,1
178730,1
178733,1
178743,1
178744,1
178746,1
178754,1
178755,1
178758,1
178760,1
178766,1
178768,1
178786,1
178791,1
178797,1
178808,1
178810,1
178820,1
178824,1
178829,1
178831,1
178832,1
178837,1
178840,1
178841,1
178844,1
178851,1
178859,1
178862,1
178863,1
178872,1
178875,1
178876,1
178880,1
178889,1
178900,1
178905,1
178908,1
178910,1
178912,1
178916,1
178921,1
178923,1
178929,1
178937,1
178939,1
178940,1
178952,1
178954,1
178955,1
178959,1
178963,1
178967,1
178974,1
178980,1
178991,1
178993,1
178994,1
178996,1
179016,1
179031,1
179034,1
179037,1
179046,1
179049,1
179051,1
179052,1
179054,1
179055,1
179059,1
179062,1
179063,1
179066,1
179068,1
179069,1
179072,1
179086,1
179099,1
179104,1
179105,1
179109,1
179117,1
179126,1
179135,1
179138,1
179139,1
179142,1
179144,1
179154,1
179162,1
179164,1
179166,1
179172,1
179179,1
179181,1
179184,1
179188,1
179193,1
179200,1
179201,1
179204,1
179205,1
179212,1
179215,1
179218,1
179227,1
179230,1
179233,1
179245,1
179259,1
179260,1
179262,1
179263,1
179264,1
179265,1
179271,1
179274,1
179277,1
179281,1
179287,1
179290,1
179296,1
179298,1
179302,1
179308,1
179311,1
179312,1
179326,1
179330,1
179331,1
179342,1
179343,1
179350,1
179353,1
179354,1
179355,1
179356,1
179361,1
179362,1
179363,1
179364,1
179366,1
179371,1
179380,1
179382,1
179388,1
179398,1
179406,1
179407,1
179421,1
179426,1
179428,1
179430,1
179433,1
179435,1
179437,1
179438,1
179442,1
179448,1
179449,1
179460,1
179465,1
179469,1
179471,1
179474,1
179477,1
179493,1
179496,1
179499,1
179503,1
179506,1
179513,1
179514,1
179523,1
179527,1
179531,1
179535,1
179542,1
179550,1
179556,1
179558,1
179579,1
179583,1
179584,1
179589,1
179595,1
179599,1
179601,1
179604,1
179613,1
179622,1
179629,1
179631,1
179633,1
179648,1
179654,1
179657,1
179661,1
179682,1
179694,1
179697,1
179708,1
179709,1
179710,1
179716,1
179722,1
179723,1
179725,1
179726,1
179729,1
179733,1
179735,1
179739,1
179745,1
179748,1
179749,1
179751,1
179753,1
179759,1
179767,0
179769,1
179770,1
179771,1
179783,1
179785,1
179790,1
179791,1
179797,1
179800,1
179810,1
179811,1
179817,1
179824,1
179848,1
179853,1
179857,1
179860,0
179867,1
179874,1
179882,1
179883,1
179885,1
179893,1
179896,1
179907,1
179909,1
179913,1
179915,1
179919,1
179925,1
179932,1
179937,1
179948,1
179952,1
179953,1
179971,1
179985,1
179998,1
180005,1
180007,1
180008,1
180011,1
180013,1
180037,1
180045,1
180057,1
180061,1
180064,1
180076,1
180079,1
180080,1
180081,1
180085,1
180087,1
180089,1
180093,1
180095,1
180097,1
180115,1
180118,1
180122,1
180123,1
180124,1
180128,1
180133,1
180141,1
180149,1
180152,1
180170,1
180192,1
180195,1
180198,1
180203,1
180205,1
180206,1
180207,1
180211,1
180218,1
180219,1
180232,1
180243,1
180249,1
180250,1
180262,1
180263,1
180264,1
180266,1
180272,1
180274,1
180277,1
180279,1
180280,1
180288,1
180296,1
180303,1
180307,1
180308,1
180312,1
180313,1
180318,1
180322,1
180335,1
180337,1
180338,1
180340,1
180358,1
180362,1
180366,1
180375,1
180389,1
180390,1
180396,1
180399,1
180400,1
180405,1
180408,1
180415,1
180419,1
180430,1
180431,1
180442,1
180447,1
180451,1
180457,1
180461,1
180464,1
180467,1
180477,1
180478,1
180485,1
180498,1
180503,1
180505,1
180507,1
180523,1
180530,1
180531,1
180538,1
180543,1
180549,1
180560,1
180562,1
180564,1
180570,1
180576,1
180583,1
180589,1
180591,1
180603,1
180606,1
180613,1
180616,1
180618,1
180620,1
180623,1
180631,1
180635,1
180658,1
180659,1
180674,1
180680,1
180685,1
180687,1
180690,1
180695,0
180700,1
180702,1
180711,1
180712,1
180716,1
180718,1
180722,1
180724,1
180725,1
180737,1
180745,1
180755,1
180759,1
180760,1
180764,1
180767,1
180781,1
180782,1
180784,1
180785,1
180793,1
180796,1
180808,1
180822,1
180824,1
180827,1
180829,1
180834,1
180836,1
180838,1
180846,1
180850,1
180852,1
180863,1
180864,1
180867,1
180869,1
180870,1
180872,1
180873,1
180885,1
180886,1
180893,1
180897,1
180898,1
180900,1
180902,1
180905,1
180906,1
180908,1
180909,1
180910,1
180913,1
180914,1
180925,1
180934,1
180943,1
180944,1
180948,1
180952,1
180953,1
180955,1
180960,1
180964,1
180968,1
180969,1
180971,1
180974,1
180975,1
180976,1
180977,1
180983,1
180984,1
180999,1
181000,1
181006,1
181007,1
181008,1
181009,1
181012,1
181013,1
181019,1
181022,1
181023,1
181026,1
181027,1
181030,1
181033,1
181035,1
181037,1
181038,1
181039,1
181040,1
181045,1
181051,1
181052,1
181053,1
181054,1
181065,1
181066,1
181067,1
181069,1
181072,1
181076,1
181084,1
181091,1
181103,1
181104,1
181111,1
181116,1
181122,1
181124,1
181130,1
181137,1
181142,1
181156,1
181157,1
181159,1
181165,1
181172,1
181176,1
181183,1
181184,1
181186,1
181188,1
181189,1
181190,1
181191,1
181197,1
181199,1
181211,1
181213,1
181218,1
181219,1
181231,1
181235,1
181236,1
181237,1
181239,1
181247,1
181252,1
181260,1
181264,1
181267,1
181271,1
181273,1
181279,1
181283,1
181287,1
181290,1
181293,1
181301,1
181302,1
181304,1
181305,1
181308,1
181326,1
181327,1
181341,1
181344,1
181348,1
181356,1
181361,1
181363,1
181372,1
181374,1
181376,1
181394,1
181398,1
181399,1
181401,1
181403,1
181404,1
181414,1
181417,1
181422,1
181430,1
181434,1
181436,1
181448,1
181451,1
181462,1
181466,1
181467,1
181473,1
181479,1
181485,1
181487,1
181495,1
181496,1
181497,1
181501,1
181510,1
181511,1
181515,1
181517,1
181518,1
181521,1
181530,1
181535,1
181537,1
181546,1
181551,1
181566,1
181570,0
181571,1
181575,1
181580,1
181586,1
181587,1
181601,1
181602,1
181603,1
181614,1
181620,1
181621,1
181622,1
181626,1
181637,1
181640,1
181642,1
181643,1
181644,1
181648,1
181653,1
181661,1
181667,1
181670,1
181673,1
181682,1
181692,1
181701,1
181702,1
181708,1
181714,1
181720,1
181721,1
181722,1
181728,1
181756,1
181759,1
181764,1
181771,1
181772,1
181779,1
181784,1
181802,1
181805,1
181808,1
181811,1
181813,1
181822,1
181828,1
181831,1
181852,1
181853,1
181872,1
181876,1
181878,1
181879,1
181881,1
181882,1
181885,1
181886,1
181888,1
181891,1
181895,1
181897,1
181899,1
181903,1
181909,1
181912,1
181927,1
181933,1
181934,1
181935,1
181936,1
181939,1
181944,1
181946,1
181947,1
181948,1
181949,1
181958,1
181963,1
181964,1
181967,1
181972,1
181976,1
181979,1
181984,1
181985,1
181986,1
181989,1
181995,1
181998,1
181999,1
182000,1
182001,1
182004,1
182005,1
182008,1
182009,1
182016,1
182018,1
182019,1
182025,1
182028,1
182029,1
182035,1
182037,1
182040,1
182041,1
182044,1
182047,1
182051,1
182062,1
182066,1
182080,1
182081,1
182087,1
182096,1
182111,1
182115,1
182116,1
182123,1
182127,1
182130,1
182135,1
182136,1
182145,1
182150,1
182156,1
182157,1
182159,1
182165,1
182168,1
182170,1
182176,1
182179,1
182183,1
182185,1
182188,1
182201,1
182202,1
182213,1
182214,1
182215,1
182219,1
182224,1
182226,1
182228,1
182229,1
182230,1
182232,1
182238,1
182241,1
182245,1
182248,1
182249,1
182251,1
182254,1
182259,1
182263,1
182268,1
182284,1
182288,1
182289,1
182294,1
182298,1
182302,1
182303,1
182307,1
182310,1
182312,1
182315,1
182320,1
182324,1
182326,1
182329,1
182334,1
182344,1
182348,1
182349,1
182351,1
182360,1
182362,1
182364,1
182376,1
182377,1
182390,1
182402,1
182407,1
182410,1
182414,1
182419,1
182424,1
182429,1
182437,1
182441,1
182443,1
182445,1
182447,1
182449,1
182459,1
182471,1
182472,1
182493,1
182494,1
182495,1
182497,1
182501,1
182503,1
182508,1
182512,1
182514,1
182517,1
182519,1
182522,1
182523,1
182531,1
182536,1
182537,1
182542,1
182548,1
182549,1
182550,1
182557,1
182558,1
182559,1
182563,1
182566,1
182568,1
182571,1
182572,1
182573,1
182578,1
182579,1
182582,1
182588,1
182590,1
182595,1
182597,1
182604,1
182610,1
182615,1
182619,1
182623,1
182630,1
182653,1
182654,1
182660,1
182661,1
182667,1
182668,1
182670,1
182673,1
182675,1
182677,1
182687,1
182691,1
182700,1
182702,1
182703,1
182704,1
182708,1
182712,1
182719,1
182732,1
182736,1
182744,1
182749,1
182750,1
182755,1
182759,1
182773,1
182775,1
182778,1
182781,1
182792,1
182795,1
182798,1
182803,1
182805,1
182806,1
182807,1
182823,0
182824,1
182827,1
182830,1
182837,1
182841,1
182847,1
182849,1
182851,1
182852,1
182854,1
182860,1
182865,1
182870,1
182871,1
182872,1
182876,1
182879,1
182886,1
182890,1
182892,1
182897,1
182905,1
182919,1
182921,1
182940,1
182944,1
182946,1
182948,1
182954,1
182958,1
182959,1
182962,1
182965,1
182968,1
182972,1
182976,1
182979,1
182984,1
182986,1
182987,1
182989,1
182996,1
182998,1
183005,1
183010,1
183034,1
183040,1
183043,1
183053,1
183059,1
183060,1
183067,1
183069,1
183075,1
183079,1
183089,1
183093,1
183098,1
183100,1
183102,1
183103,1
183114,1
183118,1
183122,1
183126,1
183128,1
183130,1
183131,1
183137,1
183140,1
183142,1
183143,1
183148,1
183149,1
183151,1
183154,1
183155,1
183157,1
183158,1
183164,1
183175,1
183184,1
183186,1
183187,1
183194,1
183200,1
183211,1
183214,1
183216,1
183224,1
183226,1
183234,1
183236,1
183241,1
183248,1
183256,1
183258,1
183261,1
183266,1
183269,1
183276,1
183277,1
183282,1
183292,1
183295,1
183299,1
183304,1
183305,1
183308,1
183311,1
183313,1
183316,1
183328,1
183330,1
183332,1
183341,1
183344,1
183352,1
183359,1
183360,1
183367,1
183369,1
183377,1
183378,1
183379,1
183389,1
183391,1
183393,1
183410,1
183411,1
183414,1
183416,1
183425,1
183440,1
183445,1
183464,1
183469,1
183471,1
183472,1
183473,1
183481,1
183486,1
183488,1
183495,1
183499,1
183501,1
183505,1
183510,1
183512,1
183519,1
183520,0
183524,1
183525,1
183526,1
183529,1
183533,1
183538,1
183553,1
183556,1
183562,1
183569,1
183571,1
183572,1
183576,1
183577,1
183583,1
183584,1
183592,1
183594,1
183604,1
183608,1
183611,1
183613,1
183616,1
183627,1
183628,1
183629,1
183634,1
183639,1
183642,1
183643,1
183656,1
183657,1
183668,1
183669,1
183678,1
183683,1
183685,1
183689,1
183693,1
183694,1
183698,1
183702,1
183704,1
183707,1
183711,1
183716,1
183728,1
183731,1
183733,1
183735,1
183742,1
183750,1
183751,1
183754,1
183757,1
183758,1
183760,1
183762,1
183765,1
183773,1
183775,1
183776,1
183778,1
183787,1
183789,1
183791,1
183792,1
183794,1
183798,1
183799,1
183804,1
183808,1
183812,1
183821,1
183825,1
183826,1
183828,1
183829,1
183840,1
183845,1
183846,1
183851,1
183852,1
183856,1
183858,1
183870,1
183871,0
183879,1
183891,1
183895,1
183896,1
183912,1
183922,1
183932,1
183938,1
183939,1
183952,1
183960,1
183969,1
183970,1
183976,1
183980,1
183981,1
183986,1
183990,1
183992,1
183994,1
183999,1
184000,1
184016,1
184021,1
184022,1
184024,1
184034,1
184035,1
184038,1
184040,1
184041,1
184043,1
184046,1
184051,1
184052,1
184055,1
184066,1
184072,1
184078,1
184084,1
184086,1
184098,1
184104,1
184107,1
184115,1
184117,1
184129,1
184130,1
184137,1
184138,1
184139,1
184145,1
184149,1
184154,1
184157,1
184171,1
184174,1
184175,1
184177,1
184180,1
184192,1
184204,1
184205,1
184206,1
184212,1
184217,1
184228,1
184231,1
184233,1
184234,1
184235,1
184238,1
184242,1
184243,1
184249,1
184258,1
184264,1
184265,1
184268,1
184273,1
184277,1
184279,1
184280,1
184282,1
184290,1
184294,1
184297,1
184302,1
184312,1
184317,1
184321,1
184322,1
184324,1
184332,1
184341,1
184344,1
184345,1
184346,1
184351,1
184354,1
184364,1
184370,1
184372,1
184373,1
184389,1
184399,1
184400,1
184401,1
184405,1
184409,1
184412,1
184420,1
184423,1
184424,1
184429,1
184433,1
184438,1
184449,1
184454,1
184462,1
184468,1
184470,1
184472,1
184482,1
184485,1
184494,1
184495,1
184498,1
184499,1
184501,1
184510,1
184523,1
184524,1
184529,1
184531,1
184532,1
184538,1
184539,1
184544,1
184550,1
184552,1
184557,1
184569,1
184571,1
184572,1
184575,1
184577,1
184582,1
184592,1
184594,1
184599,1
184611,1
184612,1
184614,1
184615,1
184621,1
184624,1
184627,1
184628,1
184635,1
184638,1
184644,1
184652,1
184664,1
184666,1
184667,1
184673,1
184675,1
184676,1
184679,1
184684,1
184692,1
184695,1
184700,1
184704,1
184706,1
184711,1
184714,1
184718,1
184730,1
184732,1
184736,1
184738,1
184742,1
184744,1
184748,1
184764,1
184768,1
184770,1
184774,1
184780,1
184786,1
184787,1
184791,1
184799,1
184802,1
184804,1
184808,1
184811,1
184819,1
184824,1
184827,1
184836,1
184844,1
184846,1
184850,1
184859,1
184864,1
184868,1
184871,1
184878,1
184894,1
184895,1
184908,1
184913,1
184914,1
184915,1
184919,1
184938,1
184962,1
184964,1
184968,1
184973,1
184999,1
185000,1
185007,1
185014,1
185015,1
185016,1
185021,1
185025,1
185027,1
185030,1
185035,1
185040,1
185045,1
185048,1
185054,1
185058,1
185060,1
185062,1
185068,1
185069,1
185079,1
185081,1
185083,1
185084,1
185087,1
185094,1
185095,1
185098,1
185099,1
185109,1
185111,1
185112,1
185120,1
185126,1
185127,1
185132,1
185136,1
185143,1
185144,1
185147,1
185148,1
185152,1
185154,1
185155,1
185164,1
185174,1
185177,1
185179,1
185185,1
185195,1
185201,1
185209,1
185221,1
185227,1
185232,1
185237,1
185240,1
185241,1
185250,1
185258,1
185262,1
185263,1
185268,1
185270,1
185279,1
185280,1
185283,1
185286,1
185290,1
185292,1
185296,1
185303,1
185318,1
185324,1
185327,1
185334,1
185337,1
185342,1
185344,1
185352,1
185365,1
185367,1
185368,1
185369,1
185372,1
185375,1
185379,1
185382,1
185385,1
185390,1
185391,1
185393,1
185397,1
185403,1
185409,1
185410,0
185413,1
185414,1
185418,1
185430,1
185438,1
185439,1
185440,1
185443,1
185453,1
185458,1
185459,1
185463,1
185466,1
185470,1
185473,1
185485,1
185495,1
185499,1
185500,1
185502,1
185504,1
185509,1
185515,1
185516,1
185520,1
185533,1
185534,1
185548,1
185550,1
185551,1
185553,1
185558,1
185562,1
185567,1
185568,1
185569,1
185575,1
185577,1
185589,1
185591,1
185592,1
185593,1
185598,1
185599,1
185602,1
185605,1
185611,1
185615,1
185616,1
185617,1
185618,1
185624,1
185630,0
185632,1
185634,1
185636,1
185643,1
185646,1
185648,1
185652,1
185659,1
185660,1
185663,1
185667,1
185669,1
185671,0
185673,1
185674,1
185694,1
185699,1
185702,1
185707,1
185713,1
185715,1
185717,1
185720,1
185737,1
185740,1
185742,1
185747,1
185762,1
185766,1
185767,1
185769,1
185770,1
185772,1
185789,1
185811,1
185813,1
185814,1
185817,1
185820,1
185839,1
185844,1
185847,1
185849,1
185853,1
185858,1
185876,1
185881,1
185886,1
185888,1
185891,1
185892,1
185903,1
185908,1
185912,1
185915,1
185920,1
185924,1
185943,1
185945,1
185949,1
185950,1
185951,1
185952,1
185959,0
185960,1
185966,1
185967,1
185969,1
185978,1
185987,1
185992,1
185993,1
185995,1
186011,1
186012,1
186013,1
186015,1
186019,1
186020,1
186021,1
186022,1
186024,1
186031,1
186032,1
186035,1
186037,1
186046,1
186061,1
186067,1
186071,1
186089,1
186098,1
186100,1
186111,1
186112,1
186118,1
186122,1
186127,1
186128,1
186131,1
186137,1
186139,1
186143,1
186145,1
186151,1
186155,1
186158,1
186160,1
186163,1
186168,1
186170,1
186179,1
186181,1
186189,1
186190,1
186196,1
186202,1
186205,1
186207,1
186208,1
186212,1
186224,1
186226,1
186230,1
186232,1
186233,1
186237,1
186238,1
186251,1
186256,1
186258,1
186264,1
186280,1
186283,1
186294,1
186296,1
186310,1
186311,1
186314,1
186316,1
186319,1
186324,1
186326,1
186335,1
186340,1
186342,1
186348,1
186349,1
186368,1
186369,1
186373,1
186382,1
186393,1
186397,1
186398,1
186401,1
186402,1
186406,1
186410,1
186414,1
186419,1
186428,1
186436,1
186439,1
186444,1
186449,1
186456,1
186457,1
186461,1
186465,1
186467,1
186470,1
186472,1
186484,1
186485,1
186486,1
186487,1
186489,1
186494,1
186496,1
186507,1
186514,1
186519,1
186522,1
186524,1
186536,1
186539,1
186547,1
186563,1
186564,1
186573,1
186575,1
186576,1
186577,1
186579,1
186585,1
186592,1
186598,1
186600,1
186604,1
186612,1
186616,1
186620,1
186629,1
186632,1
186640,1
186645,1
186651,1
186652,1
186667,1
186671,1
186675,1
186688,1
186690,1
186691,1
186696,1
186697,1
186698,1
186702,1
186705,1
186715,1
186721,1
186725,1
186729,1
186731,1
186733,1
186736,1
186740,1
186744,1
186747,1
186754,1
186764,1
186765,1
186770,1
186774,1
186775,1
186776,1
186782,1
186785,1
186787,1
186789,1
186794,1
186796,1
186801,1
186805,1
186812,1
186822,1
186826,1
186831,1
186834,1
186836,1
186837,1
186850,1
186863,1
186867,1
186870,1
186873,1
186877,1
186879,1
186881,1
186885,1
186889,1
186896,1
186912,1
186913,1
186917,1
186922,1
186929,1
186937,1
186938,1
186939,1
186941,1
186946,1
186949,1
186952,1
186953,1
186958,1
186960,1
186963,1
186968,1
186972,1
186975,1
186977,1
186979,1
186981,1
186983,1
186989,1
186991,1
186993,1
187003,1
187005,1
187012,1
187015,1
187023,1
187028,1
187029,1
187036,1
187038,1
187045,1
187046,1
187049,1
187054,1
187055,1
187061,1
187063,1
187067,1
187079,1
187083,1
187089,1
187090,1
187095,1
187106,1
187109,1
187115,1
187117,1
187122,1
187128,1
187130,1
187135,1
187142,1
187144,1
187150,1
187151,1
187155,1
187156,1
187159,1
187164,1
187168,1
187169,1
187173,1
187180,1
187182,1
187188,1
187190,1
187201,1
187218,1
187224,1
187231,1
187233,1
187235,1
187246,1
187254,1
187257,1
187260,1
187263,1
187270,1
187272,1
187280,1
187287,1
187298,1
187305,1
187307,1
187308,1
187309,1
187318,1
187330,1
187337,1
187344,1
187348,1
187353,1
187357,1
187360,1
187363,1
187364,1
187373,1
187381,1
187393,1
187394,1
187395,1
187396,1
187399,1
187400,1
187405,1
187407,1
187408,1
187410,1
187413,1
187416,1
187418,1
187419,1
187420,1
187423,1
187425,1
187428,1
187431,1
187449,1
187456,1
187467,1
187472,1
187474,1
187479,1
187484,1
187485,1
187493,1
187495,1
187496,1
187497,1
187501,1
187503,1
187504,1
187505,1
187506,1
187509,1
187511,1
187512,1
187515,1
187521,1
187522,1
187527,1
187544,1
187549,1
187550,1
187551,1
187552,1
187554,1
187562,1
187568,1
187573,1
187576,1
187577,1
187578,1
187585,1
187587,1
187589,1
187593,1
187594,1
187595,1
187599,1
187602,1
187606,1
187610,1
187615,1
187616,1
187621,1
187637,1
187643,1
187645,1
187648,1
187665,1
187669,1
187675,1
187676,1
187682,1
187685,1
187686,1
187689,1
187691,1
187695,1
187698,1
187704,1
187709,1
187716,1
187724,1
187726,1
187728,1
187729,1
187740,1
187741,1
187744,1
187751,1
187757,1
187760,1
187774,1
187775,1
187776,1
187777,1
187779,1
187781,1
187788,1
187791,1
187794,1
187795,1
187796,1
187797,1
187800,1
187802,1
187804,1
187805,1
187808,1
187809,1
187817,1
187819,1
187827,1
187833,1
187836,1
187839,1
187844,1
187849,1
187852,1
187854,1
187861,1
187877,1
187880,1
187881,1
187892,1
187893,1
187894,1
187895,1
187900,1
187904,1
187911,1
187912,1
187913,1
187922,1
187924,1
187940,1
187949,1
187960,1
187967,1
187969,1
187973,1
187975,1
187988,1
187992,1
187995,1
188000,1
188003,1
188004,1
188005,1
188007,1
188010,1
188014,1
188019,1
188021,1
188023,1
188027,1
188032,1
188036,1
188046,1
188049,1
188054,1
188057,1
188059,1
188067,1
188073,1
188074,1
188082,1
188085,1
188089,1
188094,1
188100,1
188118,1
188121,1
188132,1
188133,1
188137,1
188150,1
188156,1
188160,1
188168,1
188169,1
188171,1
188174,1
188175,1
188186,1
188189,1
188196,1
188201,1
188210,1
188215,1
188218,1
188219,1
188225,1
188241,1
188243,1
188250,1
188262,1
188272,1
188278,1
188279,1
188281,1
188284,1
188289,1
188292,1
188293,1
188296,1
188304,1
188315,1
188317,1
188319,1
188327,1
188328,1
188331,1
188334,1
188336,1
188349,0
188362,1
188363,1
188369,1
188372,1
188375,1
188384,1
188386,1
188389,1
188394,1
188398,1
188404,1
188407,1
188411,1
188412,1
188420,1
188428,1
188432,1
188443,1
188450,1
188463,1
188475,1
188478,1
188481,1
188487,1
188491,1
188492,1
188496,1
188498,1
188504,1
188512,1
188513,1
188517,1
188520,1
188521,1
188523,1
188528,1
188536,1
188549,1
188551,1
188558,1
188567,1
188586,1
188587,1
188588,1
188598,1
188600,1
188601,1
188605,1
188608,1
188614,1
188622,1
188623,1
188626,1
188627,1
188630,1
188635,1
188640,1
188641,1
188642,1
188649,1
188654,1
188659,1
188660,1
188663,1
188669,1
188678,1
188680,1
188682,1
188688,1
188700,1
188705,1
188709,1
188711,1
188716,1
188724,1
188733,1
188736,1
188745,1
188748,1
188749,1
188751,1
188753,1
188754,1
188763,1
188764,1
188772,1
188776,1
188794,1
188802,1
188804,1
188811,1
188812,1
188820,1
188832,1
188838,1
188839,1
188844,1
188847,1
188850,1
188853,1
188856,1
188859,1
188865,1
188872,1
188875,1
188882,1
188888,1
188894,1
188900,1
188904,1
188908,1
188927,1
188931,1
188932,1
188942,1
188943,1
188944,1
188948,1
188951,1
188954,1
188955,1
188963,1
188971,1
188972,1
188980,1
188985,1
188992,1
189004,1
189011,1
189012,1
189013,1
189020,1
189025,1
189027,1
189035,1
189038,1
189041,1
189050,1
189055,1
189073,1
189074,1
189075,1
189085,1
189088,1
189111,1
189117,1
189119,1
189131,1
189134,1
189138,1
189142,1
189145,1
189147,1
189153,1
189156,1
189157,1
189159,1
189161,1
189163,1
189182,1
189189,1
189193,1
189194,1
189202,1
189210,1
189228,1
189230,1
189234,1
189235,1
189247,1
189256,1
189262,1
189270,1
189277,1
189283,1
189294,1
189302,1
189318,1
189319,1
189324,1
189325,1
189327,1
189328,1
189330,1
189336,1
189338,1
189339,1
189341,1
189351,1
189356,1
189358,1
189359,1
189360,1
189362,1
189365,1
189367,1
189371,1
189373,1
189381,1
189387,1
189391,1
189394,1
189396,1
189398,1
189405,1
189406,1
189410,1
189411,1
189417,1
189420,1
189421,1
189423,1
189431,1
189433,1
189434,1
189443,1
189446,1
189449,1
189450,1
189454,1
189455,1
189462,1
189473,1
189477,1
189480,1
189481,1
189483,1
189487,1
189501,1
189504,1
189513,0
189520,1
189527,1
189529,1
189532,1
189539,1
189543,1
189548,1
189554,1
189556,1
189563,1
189570,1
189576,1
189580,1
189587,1
189588,1
189592,1
189594,1
189595,1
189604,1
189615,1
189616,1
189617,1
189619,1
189630,1
189634,1
189635,1
189639,1
189647,1
189651,0
189653,1
189654,1
189662,1
189663,1
189666,1
189669,1
189673,1
189675,1
189678,1
189679,1
189692,1
189701,1
189702,1
189703,1
189708,1
189709,1
189716,1
189722,1
189727,1
189729,1
189731,1
189735,1
189737,1
189744,1
189746,1
189747,1
189752,1
189764,1
189766,1
189767,1
189769,1
189770,1
189773,1
189780,1
189785,1
189794,1
189795,1
189799,1
189800,1
189805,1
189807,1
189808,1
189811,1
189817,1
189818,1
189822,1
189827,1
189832,1
189833,1
189848,1
189851,1
189853,1
189855,1
189866,1
189868,1
189869,1
189874,1
189875,1
189879,1
189885,1
189886,1
189892,1
189899,1
189915,1
189917,1
189930,1
189934,1
189935,1
189937,1
189944,1
189945,1
189947,1
189948,1
189950,1
189951,1
189952,1
189965,1
189969,1
189980,1
189994,1
189996,1
189998,1
190009,1
190015,1
190021,1
190023,1
190024,1
190027,1
190030,1
190031,1
190036,1
190039,1
190043,1
190045,1
190049,1
190061,1
190064,1
190066,1
190072,1
190080,1
190083,1
190086,1
190088,1
190090,1
190093,1
190094,1
190100,1
190117,1
190123,1
190124,1
190126,1
190135,1
190136,1
190139,1
190145,1
190146,1
190147,1
190149,1
190151,1
190155,1
190158,1
190159,1
190160,1
190162,1
190167,1
190174,1
190176,1
190190,1
190194,1
190197,1
190218,1
190223,1
190237,1
190239,1
190245,1
190250,1
190251,1
190253,1
190255,1
190267,1
190276,1
190281,1
190284,1
190286,1
190289,1
190294,1
190296,1
190298,1
190309,1
190311,1
190313,1
190314,1
190317,1
190324,1
190327,1
190330,1
190331,1
190341,1
190342,1
190343,1
190347,1
190353,1
190354,1
190355,1
190357,1
190360,1
190372,1
190377,1
190380,1
190383,1
190391,1
190394,1
190397,1
190410,1
190414,1
190419,1
190423,1
190430,1
190438,1
190441,1
190443,1
190447,1
190459,1
190460,1
190463,1
190464,1
190467,1
190472,1
190477,1
190479,1
190487,1
190501,1
190503,1
190507,1
190527,1
190528,1
190538,1
190539,1
190554,1
190558,1
190562,1
190578,1
190582,1
190584,1
190620,1
190622,1
190624,1
190627,1
190629,1
190634,1
190638,1
190640,1
190643,1
190649,1
190653,1
190661,1
190664,1
190667,1
190668,1
190669,1
190672,1
190673,1
190681,1
190690,1
190698,1
190699,1
190716,1
190718,1
190727,1
190730,1
190731,1
190734,1
190739,1
190743,1
190744,1
190745,1
190746,1
190747,1
190748,1
190759,1
190762,1
190763,1
190765,1
190768,1
190771,1
190783,1
190802,1
190806,1
190810,1
190814,1
190817,1
190820,1
190821,1
190838,1
190846,1
190848,1
190852,1
190858,1
190860,1
190863,1
190868,1
190874,1
190875,1
190877,1
190879,1
190881,1
190883,1
190891,1
190894,1
190910,1
190913,1
190914,1
190927,1
190930,1
190931,1
190935,1
190936,1
190975,1
190976,1
190979,1
190981,1
190982,1
190991,1
190994,1
191000,1
191005,1
191008,1
191011,1
191012,1
191013,1
191015,1
191017,1
191022,1
191023,1
191025,1
191030,1
191033,1
191036,1
191038,1
191048,1
191051,1
191055,1
191063,1
191066,1
191070,1
191071,1
191072,1
191076,1
191088,1
191092,1
191093,1
191098,1
191104,1
191113,1
191119,1
191124,1
191131,1
191132,1
191136,1
191145,1
191152,1
191154,1
191157,1
191158,1
191165,1
191168,1
191176,1
191182,1
191185,1
191187,1
191189,1
191192,1
191193,1
191196,1
191202,0
191211,1
191215,1
191217,1
191221,1
191226,1
191232,1
191241,1
191244,1
191248,1
191253,1
191260,1
191261,1
191264,1
191275,1
191281,1
191284,1
191291,1
191299,1
191314,1
191320,1
191323,1
191328,1
191329,1
191332,1
191334,1
191335,1
191345,1
191346,1
191352,1
191370,1
191371,1
191373,1
191377,1
191391,1
191394,1
191395,1
191396,1
191406,1
191409,1
191422,1
191424,1
191428,1
191429,1
191434,1
191436,1
191456,1
191462,1
191472,1
191474,1
191476,1
191483,1
191488,1
191500,1
191502,1
191504,1
191506,1
191507,1
191512,1
191516,1
191517,1
191519,1
191528,1
191529,1
191530,1
191533,1
191538,1
191539,1
191547,1
191549,1
191552,1
191554,1
191564,1
191568,1
191569,1
191573,1
191574,1
191579,1
191582,1
191586,1
191596,1
191603,1
191605,1
191611,1
191613,1
191615,1
191617,1
191631,1
191633,1
191639,1
191645,1
191647,1
191648,1
191650,1
191655,1
191656,1
191662,1
191665,1
191667,1
191668,1
191669,1
191681,1
191682,1
191688,1
191689,1
191692,1
191696,1
191722,1
191724,1
191725,1
191741,1
191747,1
191748,1
191762,1
191772,1
191785,1
191786,1
191799,1
191802,1
191804,1
191805,1
191808,1
191818,1
191822,1
191828,1
191829,1
191832,1
191850,1
191858,1
191860,1
191862,1
191864,1
191867,1
191868,1
191871,1
191873,1
191876,1
191877,1
191888,1
191893,1
191899,1
191908,1
191911,1
191919,1
191923,1
191932,1
191936,1
191940,1
191941,1
191943,1
191953,1
191954,1
191958,1
191959,1
191965,1
191969,1
191971,1
191972,1
191974,1
191978,1
191979,1
191981,1
191983,1
191987,1
191993,1
191999,1
192000,1
192004,1
192017,1
192021,1
192022,1
192027,1
192029,1
192033,1
192037,1
192041,1
192042,1
192044,1
192046,1
192047,1
192051,1
192060,1
192062,1
192067,1
192071,1
192072,1
192075,1
192078,1
192080,1
192081,1
192082,1
192090,1
192096,1
192102,1
192105,1
192110,1
192115,1
192121,1
192123,1
192126,1
192134,1
192146,1
192151,1
192152,1
192156,1
192157,1
192161,1
192162,1
192166,1
192175,1
192178,1
192181,1
192185,1
192194,1
192202,1
192210,1
192213,1
192216,1
192220,1
192221,1
192227,1
192228,1
192235,1
192238,1
192239,1
192245,1
192247,1
192254,1
192264,1
192269,1
192276,1
192277,1
192278,1
192280,1
192281,1
192290,1
192296,1
192300,1
192302,1
192303,1
192305,1
192314,1
192317,1
192319,1
192326,1
192328,1
192332,1
192335,1
192336,1
192340,1
192352,1
192357,1
192361,1
192364,1
192369,1
192372,1
192373,1
192380,1
192381,1
192384,1
192394,1
192400,1
192404,1
192407,1
192409,1
192410,1
192417,1
192421,1
192423,1
192424,1
192429,1
192435,1
192439,1
192442,1
192456,1
192461,1
192464,1
192470,1
192471,1
192474,1
192475,1
192476,1
192487,1
192491,1
192494,1
192497,1
192499,1
192502,1
192516,1
192519,1
192527,1
192530,1
192532,1
192535,1
192543,1
192545,1
192546,1
192559,1
192561,1
192571,1
192573,1
192577,1
192578,1
192585,1
192588,1
192602,1
192608,1
192613,1
192617,1
192620,1
192625,1
192626,1
192632,1
192633,1
192643,1
192646,1
192653,1
192654,1
192668,1
192672,1
192674,1
192685,1
192696,1
192701,1
192702,1
192706,1
192712,1
192717,1
192719,1
192727,1
192730,1
192733,1
192743,1
192747,1
192759,1
192763,1
192775,1
192781,1
192784,1
192785,1
192791,1
192792,1
192802,1
192805,1
192806,1
192816,1
192821,1
192823,1
192825,1
192833,1
192834,1
192836,1
192838,1
192840,1
192841,1
192853,1
192854,1
192855,1
192856,1
192865,1
192867,1
192879,1
192882,1
192885,0
192896,1
192900,0
192903,1
192911,1
192913,0
192915,1
192918,1
192919,1
192921,1
192924,1
192925,1
192929,1
192933,1
192938,1
192942,1
192948,1
192952,1
192954,1
192968,1
192972,1
192973,1
192974,1
192981,1
192982,1
192988,1
192990,1
192994,1
192997,1
193002,1
193009,1
193013,1
193015,1
193020,1
193021,1
193027,1
193033,1
193038,1
193045,1
193055,1
193060,1
193082,1
193086,1
193090,1
193093,1
193098,1
193107,1
193108,1
193113,1
193120,1
193125,1
193126,1
193128,1
193129,1
193132,1
193133,1
193147,1
193148,1
193153,1
193160,0
193162,1
193167,1
193170,1
193171,1
193174,1
193180,1
193192,1
193198,1
193205,1
193210,1
193216,1
193218,1
193223,1
193242,1
193246,1
193248,1
193253,1
193254,1
193255,1
193257,1
193262,1
193275,1
193279,1
193280,1
193283,1
193284,1
193286,1
193304,1
193305,1
193310,1
193319,1
193332,1
193336,1
193356,1
193360,1
193366,1
193377,1
193378,1
193379,1
193380,1
193381,1
193385,1
193391,1
193395,1
193397,1
193401,1
193404,1
193405,1
193407,1
193422,1
193424,1
193425,1
193427,1
193430,1
193432,1
193435,1
193437,1
193443,1
193454,1
193456,1
193462,1
193465,1
193475,1
193483,1
193486,1
193489,1
193490,1
193491,1
193492,1
193493,1
193499,1
193501,1
193503,1
193504,1
193507,1
193515,1
193516,1
193521,1
193524,1
193531,1
193533,1
193540,1
193544,1
193547,1
193550,1
193552,1
193557,1
193560,1
193561,1
193562,1
193565,1
193570,1
193575,1
193584,1
193598,1
193608,1
193609,1
193616,1
193621,1
193641,1
193646,1
193649,1
193652,1
193654,1
193666,1
193671,1
193672,1
193693,1
193694,1
193695,1
193701,1
193702,1
193703,1
193708,1
193709,1
193713,1
193714,1
193718,1
193721,1
193723,1
193728,1
193730,1
193747,1
193751,1
193753,1
193755,1
193757,1
193764,1
193765,1
193772,1
193793,1
193794,1
193796,1
193803,1
193807,1
193810,1
193815,1
193816,1
193825,1
193842,1
193847,1
193854,1
193869,1
193871,1
193873,1
193878,1
193879,1
193881,1
193885,1
193891,1
193892,1
193897,1
193901,1
193904,1
193908,1
193920,1
193924,1
193928,1
193932,1
193942,1
193951,1
193953,1
193956,1
193965,1
193967,1
193971,1
193976,1
193977,1
193979,1
193981,1
193988,1
193990,1
193992,1
193994,1
194000,1
194010,1
194021,1
194024,1
194034,1
194035,1
194037,1
194043,1
194047,1
194058,1
194065,1
194066,1
194067,1
194080,1
194083,1
194087,1
194095,1
194098,1
194105,1
194110,1
194113,1
194117,1
194118,1
194119,1
194121,1
194123,1
194124,1
194131,1
194138,1
194147,1
194152,1
194156,1
194157,1
194158,1
194162,1
194172,1
194175,1
194176,1
194193,1
194195,1
194199,1
194202,1
194206,1
194210,1
194212,1
194215,1
194219,1
194227,1
194230,1
194233,1
194236,1
194244,1
194250,1
194252,1
194261,1
194271,1
194274,1
194275,1
194284,1
194285,1
194292,1
194298,1
194302,1
194305,1
194320,1
194339,1
194340,1
194346,1
194357,1
194358,1
194362,1
194364,1
194373,1
194376,1
194391,1
194395,1
194397,1
194399,1
194403,1
194404,1
194405,1
194408,1
194410,1
194415,1
194428,1
194431,1
194434,1
194436,1
194438,1
194441,1
194449,1
194453,1
194455,1
194465,1
194468,1
194470,1
194471,1
194489,1
194491,1
194495,1
194498,1
194499,1
194507,1
194514,1
194517,1
194518,1
194520,1
194521,1
194525,1
194529,1
194531,1
194537,1
194539,1
194545,1
194551,1
194554,1
194559,1
194563,1
194565,1
194569,1
194570,1
194574,1
194575,1
194576,1
194583,1
194588,1
194592,1
194595,1
194597,1
194603,1
194610,1
194618,1
194619,1
194624,1
194625,1
194629,1
194641,1
194644,1
194645,1
194646,1
194647,1
194656,1
194658,1
194659,1
194663,1
194666,1
194667,1
194672,1
194679,1
194680,1
194684,1
194690,1
194693,1
194694,1
194699,1
194701,1
194704,1
194709,1
194712,1
194717,1
194728,1
194732,1
194735,1
194739,1
194740,1
194741,1
194742,1
194754,1
194755,1
194759,1
194760,1
194762,1
194767,1
194779,1
194786,1
194787,1
194789,1
194800,1
194802,0
194807,1
194809,1
194813,1
194814,1
194819,1
194833,1
194834,1
194844,1
194847,1
194852,1
194854,1
194857,1
194861,1
194866,1
194867,1
194887,1
194890,1
194891,1
194892,1
194894,1
194897,1
194899,1
194905,1
194916,1
194920,1
194924,1
194933,1
194934,1
194937,1
194950,1
194978,1
194985,1
194991,1
195001,1
195002,1
195003,1
195004,1
195006,1
195016,1
195020,1
195024,1
195026,1
195032,1
195033,1
195042,1
195044,1
195050,1
195051,1
195060,1
195062,1
195065,1
195068,1
195081,1
195091,1
195101,1
195109,1
195117,1
195125,1
195127,1
195150,1
195157,1
195162,1
195168,1
195183,1
195191,1
195193,1
195206,1
195207,1
195210,1
195215,1
195216,1
195218,1
195219,0
195220,1
195221,1
195222,1
195229,1
195233,1
195248,1
195250,1
195252,1
195262,1
195266,1
195268,1
195273,1
195275,1
195279,1
195282,1
195283,1
195287,1
195293,1
195297,1
195304,1
195313,1
195315,1
195317,1
195324,1
195325,1
195327,1
195332,1
195334,1
195348,1
195354,1
195361,1
195363,1
195368,1
195375,1
195382,1
195391,1
195392,1
195416,1
195419,1
195424,1
195425,1
195427,1
195429,1
195430,1
195434,1
195436,1
195443,1
195444,1
195449,1
195454,1
195456,1
195458,1
195467,1
195469,1
195471,1
195473,1
195476,1
195498,1
195501,1
195502,1
195503,1
195504,1
195505,1
195507,1
195510,1
195520,1
195522,1
195527,1
195532,1
195536,1
195539,1
195547,1
195550,1
195554,1
195555,1
195565,1
195568,1
195570,1
195584,1
195599,1
195600,1
195601,1
195606,1
195607,1
195608,1
195620,1
195633,1
195634,1
195646,1
195649,1
195656,1
195657,1
195672,1
195681,1
195682,1
195684,1
195691,1
195700,1
195701,1
195705,1
195714,1
195718,1
195722,1
195723,1
195726,1
195732,1
195737,1
195743,1
195744,1
195751,0
195755,1
195759,1
195763,1
195775,1
195779,1
195781,1
195786,1
195788,1
195789,1
195794,1
195795,1
195796,1
195801,1
195804,1
195805,1
195806,1
195808,1
195821,1
195824,1
195825,1
195828,1
195837,1
195841,1
195842,1
195843,1
195844,1
195848,1
195849,1
195850,1
195852,1
195855,1
195860,1
195864,1
195871,1
195872,1
195873,1
195877,1
195882,1
195885,1
195888,1
195889,1
195893,1
195902,1
195903,1
195906,1
195907,1
195916,1
195917,1
195921,1
195923,1
195924,1
195938,1
195940,1
195948,1
195950,1
195965,1
195968,1
195976,1
195978,1
195982,1
195985,1
195988,1
195993,1
195998,1
196000,1
196001,1
196020,1
196024,1
196032,1
196042,1
196043,1
196044,1
196047,1
196052,1
196056,1
196057,1
196062,1
196064,1
196066,1
196077,1
196078,1
196090,1
196099,1
196103,1
196112,1
196115,1
196116,1
196121,1
196122,1
196124,1
196127,1
196131,1
196135,0
196140,1
196142,1
196143,1
196148,1
196153,1
196154,1
196155,1
196158,1
196160,1
196162,1
196163,1
196166,1
196176,1
196179,1
196196,1
196204,1
196208,1
196210,1
196220,1
196230,1
196240,0
196243,1
196244,1
196274,1
196276,1
196284,1
196299,1
196301,1
196302,1
196304,1
196307,1
196310,1
196313,1
196322,1
196329,1
196333,1
196335,1
196342,1
196343,1
196351,1
196355,1
196360,1
196367,1
196388,1
196389,1
196395,1
196396,1
196403,1
196408,1
196411,1
196416,1
196417,1
196419,1
196435,1
196436,1
196437,1
196441,1
196448,1
196454,1
196458,1
196459,1
196472,1
196475,1
196481,1
196482,1
196484,1
196494,1
196499,1
196503,1
196506,1
196512,1
196513,1
196514,1
196526,1
196529,1
196530,1
196532,1
196535,1
196536,1
196552,1
196556,1
196565,1
196570,1
196576,1
196578,1
196580,1
196592,1
196595,1
196602,1
196607,1
196611,1
196613,1
196616,1
196625,1
196626,1
196630,1
196639,1
196641,1
196646,1
196648,1
196659,1
196661,1
196668,1
196681,1
196687,1
196698,1
196709,1
196710,1
196712,1
196714,1
196732,1
196744,1
196746,1
196752,1
196756,1
196762,1
196764,1
196768,1
196772,1
196784,1
196788,1
196794,1
196799,1
196801,1
196806,1
196807,1
196812,1
196815,1
196825,1
196830,1
196833,1
196835,1
196839,1
196851,1
196853,1
196855,1
196858,1
196862,1
196864,1
196870,1
196881,1
196882,1
196887,1
196890,1
196891,1
196895,1
196896,1
196900,1
196902,1
196906,1
196919,1
196920,1
196932,1
196933,1
196934,1
196944,1
196952,1
196959,1
196967,1
196983,1
196984,1
196987,1
196989,1
196990,1
196992,1
196993,1
197001,1
197002,1
197021,1
197034,1
197037,1
197038,1
197047,1
197053,1
197054,1
197060,1
197061,1
197076,1
197084,1
197087,1
197092,1
197093,1
197095,1
197114,1
197116,1
197121,1
197130,1
197137,1
197140,1
197146,1
197152,1
197158,1
197167,1
197171,1
197192,1
197206,1
197209,1
197214,1
197216,1
197221,1
197223,1
197224,1
197226,1
197228,1
197229,1
197230,1
197233,1
197236,1
197240,1
197245,1
197246,1
197251,1
197273,1
197275,1
197276,1
197277,1
197281,1
197286,1
197290,1
197294,1
197296,1
197302,1
197303,1
197309,1
197321,1
197337,1
197341,1
197346,1
197349,1
197350,1
197355,1
197361,1
197362,1
197363,1
197365,1
197373,1
197374,1
197376,1
197378,1
197379,1
197380,1
197382,1
197385,1
197390,1
197400,1
197401,1
197402,1
197405,1
197406,1
197409,1
197414,1
197419,1
197420,1
197425,1
197429,1
197435,1
197436,1
197447,1
197448,1
197450,1
197456,1
197464,1
197465,1
197468,1
197469,1
197472,1
197473,1
197479,1
197522,1
197524,1
197530,1
197531,1
197533,1
197543,1
197545,1
197547,1
197553,1
197575,1
197586,1
197590,1
197591,1
197595,1
197599,1
197614,1
197617,1
197627,1
197631,1
197640,1
197642,1
197643,1
197656,1
197670,1
197678,1
197680,1
197685,1
197686,1
197691,1
197694,1
197697,1
197700,1
197701,1
197709,1
197712,1
197716,1
197720,1
197724,1
197725,1
197730,1
197731,1
197737,1
197738,1
197746,1
197750,1
197752,1
197753,1
197756,1
197760,1
197763,1
197766,1
197767,1
197768,1
197769,1
197778,1
197782,1
197788,1
197792,1
197794,1
197809,1
197813,1
197815,1
197822,1
197827,1
197828,1
197841,1
197863,1
197870,1
197871,1
197872,1
197875,1
197881,1
197882,1
197885,1
197895,1
197898,1
197899,1
197904,1
197905,1
197909,1
197910,1
197911,1
197914,1
197916,1
197917,1
197921,1
197923,1
197929,1
197935,1
197945,1
197952,1
197954,1
197959,1
197962,1
197964,1
197965,1
197975,1
197976,1
197978,1
197991,1
197998,1
198008,1
198009,1
198024,1
198034,1
198038,1
198039,1
198040,1
198045,1
198047,1
198048,1
198052,1
198053,1
198054,1
198055,1
198058,1
198070,1
198077,1
198078,1
198080,1
198088,1
198090,1
198092,1
198098,1
198110,1
198118,1
198121,1
198130,1
198133,1
198139,1
198143,1
198145,1
198148,1
198149,1
198157,1
198158,1
198172,1
198174,1
198176,1
198181,1
198183,1
198186,1
198188,1
198190,0
198192,1
198202,1
198214,1
198220,1
198240,1
198242,1
198243,1
198245,1
198247,1
198248,1
198252,1
198253,1
198260,1
198265,1
198270,1
198271,1
198280,1
198291,1
198297,1
198302,1
198306,1
198311,1
198314,1
198315,1
198319,1
198323,1
198340,1
198342,1
198344,1
198345,1
198355,1
198359,1
198362,1
198366,1
198369,1
198372,1
198374,1
198402,1
198406,1
198407,1
198408,1
198409,1
198419,1
198421,1
198422,1
198425,1
198428,1
198437,1
198450,1
198451,1
198456,1
198458,1
198459,1
198460,1
198464,1
198467,1
198468,1
198471,1
198472,1
198475,1
198485,1
198487,1
198503,1
198504,1
198515,1
198516,1
198519,1
198526,1
198529,1
198535,1
198540,1
198542,0
198547,1
198552,1
198557,1
198560,1
198561,1
198570,1
198588,1
198595,1
198602,1
198606,1
198607,1
198608,1
198610,1
198635,1
198638,1
198646,1
198648,1
198653,1
198655,1
198656,1
198664,1
198666,1
198667,1
198671,1
198704,1
198708,1
198714,1
198715,1
198716,1
198734,1
198740,1
198745,1
198748,1
198749,1
198751,1
198752,1
198754,1
198756,1
198766,1
198770,1
198774,1
198778,1
198779,1
198781,1
198785,1
198787,1
198789,1
198793,1
198794,1
198800,1
198806,1
198809,1
198810,1
198811,1
198813,1
198817,1
198821,1
198822,1
198835,1
198836,1
198840,1
198842,1
198847,1
198848,1
198858,1
198860,1
198868,1
198877,1
198881,1
198894,1
198901,1
198902,1
198905,1
198908,1
198910,1
198911,1
198914,1
198916,1
198917,1
198919,1
198928,1
198936,1
198939,1
198951,1
198968,1
198971,1
198978,1
198987,1
198994,1
199005,1
199011,1
199026,1
199027,1
199034,1
199035,1
199038,1
199040,1
199048,1
199050,1
199051,1
199052,1
199053,1
199054,1
199055,1
199061,1
199062,1
199069,1
199082,1
199094,1
199102,1
199107,1
199118,1
199124,1
199126,1
199128,1
199132,1
199138,1
199139,1
199141,1
199143,1
199148,1
199160,1
199167,1
199172,1
199173,1
199175,1
199180,1
199181,1
199182,1
199188,1
199190,1
199191,1
199196,1
199201,1
199203,1
199207,1
199208,1
199211,1
199212,1
199213,1
199220,1
199236,1
199241,1
199243,1
199246,1
199247,1
199253,1
199256,1
199257,1
199260,1
199263,1
199268,1
199273,1
199281,1
199282,1
199288,1
199295,1
199302,1
199310,1
199312,1
199313,1
199315,1
199317,1
199319,1
199321,1
199326,1
199329,1
199330,1
199334,1
199343,1
199345,1
199351,1
199359,1
199360,1
199375,1
199381,1
199387,1
199388,1
199397,1
199404,1
199408,1
199410,1
199414,1
199416,1
199419,1
199432,1
199434,1
199445,1
199447,1
199451,1
199461,1
199462,1
199463,1
199469,1
199478,1
199488,1
199491,1
199503,1
199510,1
199526,1
199536,1
199538,1
199541,1
199543,1
199548,1
199549,1
199551,1
199563,1
199571,1
199580,1
199581,1
199588,1
199594,1
199600,1
199601,1
199606,1
199610,1
199611,1
199614,1
199619,1
199621,1
199624,1
199628,1
199634,1
199638,1
199644,1
199645,1
199646,1
199647,1
199657,1
199658,1
199665,1
199666,1
199670,1
199672,1
199689,1
199691,1
199695,1
199705,1
199707,1
199716,1
199717,1
199718,1
199726,1
199727,1
199744,1
199747,1
199748,1
199753,1
199761,1
199769,1
199772,1
199777,1
199782,1
199785,1
199797,1
199804,1
199814,1
199815,1
199818,1
199821,1
199824,1
199827,1
199832,1
199839,1
199841,1
199843,1
199844,1
199846,1
199847,1
199852,1
199853,1
199860,1
199871,1
199872,1
199873,1
199875,1
199877,1
199878,1
199888,1
199892,1
199894,1
199895,1
199909,1
199913,1
199918,1
199920,1
199923,1
199924,1
199925,1
199928,1
199930,1
199936,1
199938,1
199939,1
199941,1
199944,1
199945,1
199947,1
199950,1
199951,1
199952,1
199963,1
199964,1
199979,1
